chart_date,rank,title,artist,last_week,peak_pos,weeks_on_chart,chart_points,key
05/09/2026,1,Choosin' Texas,Ella Langley,1,1,45,294,Choosin' Texas|Ella Langley|46270
05/09/2026,2,Boston,Stella Lefty,2,2,21,208,Boston|Stella Lefty|46270
05/09/2026,3,"I Knew It, I Knew You",Taylor Swift,3,1,12,175,"I Knew It, I Knew You|Taylor Swift|46270"
05/09/2026,4,Been By Now,Morgan Wallen,4,2,5,166,Been By Now|Morgan Wallen|46270
05/09/2026,5,Hate That I Made You Love Me,Ariana Grande,5,1,13,163,Hate That I Made You Love Me|Ariana Grande|46270
05/09/2026,6,Dracula,Tame Impala & JENNIE,8,5,48,153,Dracula|Tame Impala & JENNIE|46270
05/09/2026,7,So Easy (To Fall In Love),Olivia Dean,7,5,48,151,So Easy (To Fall In Love)|Olivia Dean|46270
05/09/2026,8,I Can't Love You Anymore,Ella Langley & Morgan Wallen,6,4,18,147,I Can't Love You Anymore|Ella Langley & Morgan Wallen|46270
05/09/2026,9,Man I Need,Olivia Dean,9,2,53,146,Man I Need|Olivia Dean|46270
05/09/2026,10,Be Her,Ella Langley,10,2,28,144,Be Her|Ella Langley|46270
05/09/2026,11,Risk It All,Bruno Mars,11,4,26,141,Risk It All|Bruno Mars|46270
05/09/2026,12,I Just Might,Bruno Mars,13,1,33,125,I Just Might|Bruno Mars|46270
05/09/2026,13,Drop Dead,Olivia Rodrigo,12,1,19,125,Drop Dead|Olivia Rodrigo|46270
05/09/2026,14,Stupid Song,Olivia Rodrigo,14,3,11,124,Stupid Song|Olivia Rodrigo|46270
05/09/2026,15,Midnight Sun,Zara Larsson,15,14,32,119,Midnight Sun|Zara Larsson|46270
05/09/2026,16,Jolene,Dolly Parton,-,16,9,117,Jolene|Dolly Parton|46270
05/09/2026,17,Janice STFU,Drake,16,1,15,113,Janice STFU|Drake|46270
05/09/2026,18,9 To 5,Dolly Parton,-,1,27,112,9 To 5|Dolly Parton|46270
05/09/2026,19,Be By You,Luke Combs,17,12,28,109,Be By You|Luke Combs|46270
05/09/2026,20,Earrings,Malcolm Todd,20,20,26,102,Earrings|Malcolm Todd|46270
05/09/2026,21,Loser,Tame Impala,18,18,5,100,Loser|Tame Impala|46270
05/09/2026,22,Babydoll,Dominic Fike,21,16,29,97,Babydoll|Dominic Fike|46270
05/09/2026,23,Dead Fresh,Lil Baby,23,18,6,93,Dead Fresh|Lil Baby|46270
05/09/2026,24,Jaded,Koe Wetzel & Ella Langley,22,19,3,89,Jaded|Koe Wetzel & Ella Langley|46270
05/09/2026,25,Oh Yeah?,Steve Lacy,19,19,4,89,Oh Yeah?|Steve Lacy|46270
05/09/2026,26,Islands In The Stream,Kenny Rogers Duet With Dolly Parton,-,1,26,87,Islands In The Stream|Kenny Rogers Duet With Dolly Parton|46270
05/09/2026,27,I Will Always Love You,Dolly Parton,-,27,1,86,I Will Always Love You|Dolly Parton|46270
05/09/2026,28,The Cure,Olivia Rodrigo,26,5,14,83,The Cure|Olivia Rodrigo|46270
05/09/2026,29,BbY WOW,Karol G With Judeline & rusowsky,38,29,3,81,BbY WOW|Karol G With Judeline & rusowsky|46270
05/09/2026,30,Animal,KATSEYE,24,24,5,81,Animal|KATSEYE|46270
05/09/2026,31,Petal,Ariana Grande,25,4,4,79,Petal|Ariana Grande|46270
05/09/2026,32,Dai Dai (FIFA World Cup Official Song 2026),Shakira X Burna Boy,28,17,11,78,Dai Dai (FIFA World Cup Official Song 2026)|Shakira X Burna Boy|46270
05/09/2026,33,Loving Life Again,Ella Langley,30,21,23,77,Loving Life Again|Ella Langley|46270
05/09/2026,34,Spend Dat,Yung Miami,27,17,14,75,Spend Dat|Yung Miami|46270
05/09/2026,35,Shabang,Drake,29,4,15,73,Shabang|Drake|46270
05/09/2026,36,Some Of Your Love,PARTYNEXTDOOR,-,36,1,70,Some Of Your Love|PARTYNEXTDOOR|46270
05/09/2026,37,What You Need,Tems,32,29,23,70,What You Need|Tems|46270
05/09/2026,38,Orbiter,Noah Kahan,34,34,18,65,Orbiter|Noah Kahan|46270
05/09/2026,39,Freakin' Out,Dexter And The Moonrocks,37,33,23,65,Freakin' Out|Dexter And The Moonrocks|46270
05/09/2026,40,Cinderella,Mac Miller Featuring Ty Dolla $ign,33,25,16,65,Cinderella|Mac Miller Featuring Ty Dolla $ign|46270
05/09/2026,41,Self Aware,Temper City,35,35,20,62,Self Aware|Temper City|46270
05/09/2026,42,Morning Dew (Donk),Beyonce,36,26,8,62,Morning Dew (Donk)|Beyonce|46270
05/09/2026,43,Mr. Know It All,Teddy Swims,39,39,19,61,Mr. Know It All|Teddy Swims|46270
05/09/2026,44,Here You Come Again,Dolly Parton,-,3,20,61,Here You Come Again|Dolly Parton|46270
05/09/2026,45,Something To Lose,Stella Lefty Featuring Vincent Mason,44,40,13,59,Something To Lose|Stella Lefty Featuring Vincent Mason|46270
05/09/2026,46,Woman,Kane Brown,49,46,20,58,Woman|Kane Brown|46270
05/09/2026,47,Raindance,Dave & Tems,42,42,30,57,Raindance|Dave & Tems|46270
05/09/2026,48,Cowgirl,Shaboozey,43,43,8,57,Cowgirl|Shaboozey|46270
05/09/2026,49,Hootie Frutti,KATSEYE,31,31,2,56,Hootie Frutti|KATSEYE|46270
05/09/2026,50,Rethink Some Things,Luke Combs,50,46,22,54,Rethink Some Things|Luke Combs|46270
05/09/2026,51,Take Me Back (Leave Me There),Cody Johnson,47,47,2,54,Take Me Back (Leave Me There)|Cody Johnson|46270
05/09/2026,52,AH HA,Cardi B,40,25,4,54,AH HA|Cardi B|46270
05/09/2026,53,Rein Me In,Sam Fender & Olivia Dean,45,45,23,54,Rein Me In|Sam Fender & Olivia Dean|46270
05/09/2026,54,Bloodstream,Alyssa Grace,54,45,8,54,Bloodstream|Alyssa Grace|46270
05/09/2026,55,"Phone, Keys, Wallet",Lainey Wilson & John Mayer,48,48,12,54,"Phone, Keys, Wallet|Lainey Wilson & John Mayer|46270"
05/09/2026,56,Chevy Silverado,Bailey Zimmerman,41,41,10,51,Chevy Silverado|Bailey Zimmerman|46270
05/09/2026,57,Hit The Wall,Gracie Abrams,46,26,15,50,Hit The Wall|Gracie Abrams|46270
05/09/2026,58,Great Expectation,Sienna Spiro,58,56,8,48,Great Expectation|Sienna Spiro|46270
05/09/2026,59,Mexico Honey,Kacey Musgraves,52,39,13,48,Mexico Honey|Kacey Musgraves|46270
05/09/2026,60,My Body Isn't Ready,sombr,55,30,9,47,My Body Isn't Ready|sombr|46270
05/09/2026,61,Noble,F3miii,51,51,16,47,Noble|F3miii|46270
05/09/2026,62,Sue Me,Audrey Hobert,64,62,5,46,Sue Me|Audrey Hobert|46270
05/09/2026,63,Don't Tell On Me,Jason Aldean,53,34,20,46,Don't Tell On Me|Jason Aldean|46270
05/09/2026,64,Ghetto Love Story,BabyChiefDoit,56,44,8,45,Ghetto Love Story|BabyChiefDoit|46270
05/09/2026,65,Doors,Noah Kahan,57,9,18,45,Doors|Noah Kahan|46270
05/09/2026,66,Carry On,Kenny Chesney,62,62,10,44,Carry On|Kenny Chesney|46270
05/09/2026,67,Willing And Able,Noah Kahan,60,26,18,44,Willing And Able|Noah Kahan|46270
05/09/2026,68,Ain't In LA,ADELA,61,61,4,44,Ain't In LA|ADELA|46270
05/09/2026,69,Another Drink,Marshmello & Kelsea Ballerini,65,65,4,43,Another Drink|Marshmello & Kelsea Ballerini|46270
05/09/2026,70,Think As You Drunk,Riley Green,70,70,9,43,Think As You Drunk|Riley Green|46270
05/09/2026,71,Maggots For Brains,Olivia Rodrigo,74,12,11,41,Maggots For Brains|Olivia Rodrigo|46270
05/09/2026,72,McArthur,"HARDY, Eric Church, Morgan Wallen & Tim McGraw",73,31,30,41,"McArthur|HARDY, Eric Church, Morgan Wallen & Tim McGraw|46270"
05/09/2026,73,Honeybee,Olivia Rodrigo,71,9,11,40,Honeybee|Olivia Rodrigo|46270
05/09/2026,74,The Feeling,Steve Lacy,67,67,6,39,The Feeling|Steve Lacy|46270
05/09/2026,75,Expectations,Olivia Rodrigo,72,20,11,39,Expectations|Olivia Rodrigo|46270
05/09/2026,76,Ahi,Karol G With Drake,66,44,3,39,Ahi|Karol G With Drake|46270
05/09/2026,77,Speed Demon,Justin Bieber,69,66,12,39,Speed Demon|Justin Bieber|46270
05/09/2026,78,Empty Words,Corey Kent,78,78,11,38,Empty Words|Corey Kent|46270
05/09/2026,79,South Of Sanity,Zach Top,79,79,7,38,South Of Sanity|Zach Top|46270
05/09/2026,80,misery.,pupsies,75,50,8,37,misery.|pupsies|46270
05/09/2026,81,House Tour,Sabrina Carpenter,63,27,17,37,House Tour|Sabrina Carpenter|46270
05/09/2026,82,Bottom Of Your Boots,Ella Langley,82,20,19,37,Bottom Of Your Boots|Ella Langley|46270
05/09/2026,83,In My Room,Julia Wolf,83,57,17,36,In My Room|Julia Wolf|46270
05/09/2026,84,Still,Karol G With Bruno Mars,68,41,3,36,Still|Karol G With Bruno Mars|46270
05/09/2026,85,WTF GOIN,Belly Gang Kushington & 21 Savage,-,85,1,36,WTF GOIN|Belly Gang Kushington & 21 Savage|46270
05/09/2026,86,String By,Mack Geiger,86,86,3,35,String By|Mack Geiger|46270
05/09/2026,87,End Of August,Noah Kahan,-,14,7,35,End Of August|Noah Kahan|46270
05/09/2026,88,Routine Rouge,PARTYNEXTDOOR,-,88,1,34,Routine Rouge|PARTYNEXTDOOR|46270
05/09/2026,89,Matadora,Karol G,76,58,5,34,Matadora|Karol G|46270
05/09/2026,90,No Need For Leavin',Kameron Marlowe,91,90,6,34,No Need For Leavin'|Kameron Marlowe|46270
05/09/2026,91,Kid Myself,John Morgan,96,91,2,33,Kid Myself|John Morgan|46270
05/09/2026,92,All My Exes,Lauren Alaina Featuring Chase Matthew,-,92,1,33,All My Exes|Lauren Alaina Featuring Chase Matthew|46270
05/09/2026,93,Painted You Pretty,Hudson Westbrook,-,93,1,33,Painted You Pretty|Hudson Westbrook|46270
05/09/2026,94,Hands Up,Jelly Roll,95,94,3,33,Hands Up|Jelly Roll|46270
05/09/2026,95,What's Wrong With Me,Olivia Rodrigo & Robert Smith,90,17,11,33,What's Wrong With Me|Olivia Rodrigo & Robert Smith|46270
05/09/2026,96,Rubberz,Fenix Flexin,88,58,12,33,Rubberz|Fenix Flexin|46270
05/09/2026,97,Bet On That,Blake Whiten,98,97,2,32,Bet On That|Blake Whiten|46270
05/09/2026,98,Ran To Atlanta,Drake Featuring Future & Molly Santana,87,2,15,32,Ran To Atlanta|Drake Featuring Future & Molly Santana|46270
05/09/2026,99,National Treasures,Drake,92,6,14,32,National Treasures|Drake|46270
05/09/2026,100,Sunburn,Tucker Wetmore,-,86,6,32,Sunburn|Tucker Wetmore|46270
29/08/2026,1,Choosin' Texas,Ella Langley,1,1,44,293,Choosin' Texas|Ella Langley|46263
29/08/2026,2,Boston,Stella Lefty,4,2,20,191,Boston|Stella Lefty|46263
29/08/2026,3,"I Knew It, I Knew You",Taylor Swift,2,1,11,175,"I Knew It, I Knew You|Taylor Swift|46263"
29/08/2026,4,Been By Now,Morgan Wallen,3,2,4,175,Been By Now|Morgan Wallen|46263
29/08/2026,5,Hate That I Made You Love Me,Ariana Grande,5,1,12,166,Hate That I Made You Love Me|Ariana Grande|46263
29/08/2026,6,I Can't Love You Anymore,Ella Langley & Morgan Wallen,6,4,17,159,I Can't Love You Anymore|Ella Langley & Morgan Wallen|46263
29/08/2026,7,So Easy (To Fall In Love),Olivia Dean,7,5,47,156,So Easy (To Fall In Love)|Olivia Dean|46263
29/08/2026,8,Dracula,Tame Impala & JENNIE,8,5,47,155,Dracula|Tame Impala & JENNIE|46263
29/08/2026,9,Man I Need,Olivia Dean,9,2,52,148,Man I Need|Olivia Dean|46263
29/08/2026,10,Be Her,Ella Langley,10,2,27,145,Be Her|Ella Langley|46263
29/08/2026,11,Risk It All,Bruno Mars,11,4,25,138,Risk It All|Bruno Mars|46263
29/08/2026,12,Drop Dead,Olivia Rodrigo,12,1,18,127,Drop Dead|Olivia Rodrigo|46263
29/08/2026,13,I Just Might,Bruno Mars,13,1,32,125,I Just Might|Bruno Mars|46263
29/08/2026,14,Stupid Song,Olivia Rodrigo,15,3,10,125,Stupid Song|Olivia Rodrigo|46263
29/08/2026,15,Midnight Sun,Zara Larsson,14,14,31,121,Midnight Sun|Zara Larsson|46263
29/08/2026,16,Janice STFU,Drake,16,1,14,119,Janice STFU|Drake|46263
29/08/2026,17,Be By You,Luke Combs,17,12,27,111,Be By You|Luke Combs|46263
29/08/2026,18,Loser,Tame Impala,22,18,4,103,Loser|Tame Impala|46263
29/08/2026,19,Oh Yeah?,Steve Lacy,20,19,3,102,Oh Yeah?|Steve Lacy|46263
29/08/2026,20,Earrings,Malcolm Todd,21,20,25,98,Earrings|Malcolm Todd|46263
29/08/2026,21,Babydoll,Dominic Fike,24,16,28,96,Babydoll|Dominic Fike|46263
29/08/2026,22,Jaded,Koe Wetzel & Ella Langley,19,19,2,95,Jaded|Koe Wetzel & Ella Langley|46263
29/08/2026,23,Dead Fresh,Lil Baby,23,18,5,94,Dead Fresh|Lil Baby|46263
29/08/2026,24,Animal,KATSEYE,30,24,4,92,Animal|KATSEYE|46263
29/08/2026,25,Petal,Ariana Grande,18,4,3,89,Petal|Ariana Grande|46263
29/08/2026,26,The Cure,Olivia Rodrigo,27,5,13,87,The Cure|Olivia Rodrigo|46263
29/08/2026,27,Spend Dat,Yung Miami,26,17,13,82,Spend Dat|Yung Miami|46263
29/08/2026,28,Dai Dai (FIFA World Cup Official Song 2026),Shakira X Burna Boy,28,17,10,82,Dai Dai (FIFA World Cup Official Song 2026)|Shakira X Burna Boy|46263
29/08/2026,29,Shabang,Drake,29,4,14,77,Shabang|Drake|46263
29/08/2026,30,Loving Life Again,Ella Langley,33,21,22,73,Loving Life Again|Ella Langley|46263
29/08/2026,31,Hootie Frutti,KATSEYE,-,31,1,73,Hootie Frutti|KATSEYE|46263
29/08/2026,32,What You Need,Tems,32,29,22,70,What You Need|Tems|46263
29/08/2026,33,Cinderella,Mac Miller Featuring Ty Dolla $ign,35,25,15,67,Cinderella|Mac Miller Featuring Ty Dolla $ign|46263
29/08/2026,34,Orbiter,Noah Kahan,36,34,17,66,Orbiter|Noah Kahan|46263
29/08/2026,35,Self Aware,Temper City,37,35,19,63,Self Aware|Temper City|46263
29/08/2026,36,Morning Dew (Donk),Beyonce,31,26,7,62,Morning Dew (Donk)|Beyonce|46263
29/08/2026,37,Freakin' Out,Dexter And The Moonrocks,43,33,22,60,Freakin' Out|Dexter And The Moonrocks|46263
29/08/2026,38,BbY WOW,Karol G With Judeline & rusowsky,73,38,2,59,BbY WOW|Karol G With Judeline & rusowsky|46263
29/08/2026,39,Mr. Know It All,Teddy Swims,47,39,18,59,Mr. Know It All|Teddy Swims|46263
29/08/2026,40,AH HA,Cardi B,34,25,3,58,AH HA|Cardi B|46263
29/08/2026,41,Chevy Silverado,Bailey Zimmerman,52,41,9,57,Chevy Silverado|Bailey Zimmerman|46263
29/08/2026,42,Raindance,Dave & Tems,49,42,29,56,Raindance|Dave & Tems|46263
29/08/2026,43,Cowgirl,Shaboozey,45,43,7,56,Cowgirl|Shaboozey|46263
29/08/2026,44,Something To Lose,Stella Lefty Featuring Vincent Mason,46,40,12,56,Something To Lose|Stella Lefty Featuring Vincent Mason|46263
29/08/2026,45,Rein Me In,Sam Fender & Olivia Dean,50,45,22,55,Rein Me In|Sam Fender & Olivia Dean|46263
29/08/2026,46,Hit The Wall,Gracie Abrams,40,26,14,54,Hit The Wall|Gracie Abrams|46263
29/08/2026,47,Take Me Back (Leave Me There),Cody Johnson,-,47,1,53,Take Me Back (Leave Me There)|Cody Johnson|46263
29/08/2026,48,"Phone, Keys, Wallet",Lainey Wilson & John Mayer,48,48,11,53,"Phone, Keys, Wallet|Lainey Wilson & John Mayer|46263"
29/08/2026,49,Woman,Kane Brown,55,49,19,53,Woman|Kane Brown|46263
29/08/2026,50,Rethink Some Things,Luke Combs,53,46,21,53,Rethink Some Things|Luke Combs|46263
29/08/2026,51,Noble,F3miii,61,51,15,50,Noble|F3miii|46263
29/08/2026,52,Mexico Honey,Kacey Musgraves,39,39,12,50,Mexico Honey|Kacey Musgraves|46263
29/08/2026,53,Don't Tell On Me,Jason Aldean,54,34,19,50,Don't Tell On Me|Jason Aldean|46263
29/08/2026,54,Bloodstream,Alyssa Grace,59,45,7,50,Bloodstream|Alyssa Grace|46263
29/08/2026,55,My Body Isn't Ready,sombr,65,30,8,49,My Body Isn't Ready|sombr|46263
29/08/2026,56,Ghetto Love Story,BabyChiefDoit,60,44,7,47,Ghetto Love Story|BabyChiefDoit|46263
29/08/2026,57,Doors,Noah Kahan,63,9,17,47,Doors|Noah Kahan|46263
29/08/2026,58,Great Expectation,Sienna Spiro,64,56,7,46,Great Expectation|Sienna Spiro|46263
29/08/2026,59,Hate How You Look,Josh Ross,66,52,20,46,Hate How You Look|Josh Ross|46263
29/08/2026,60,Willing And Able,Noah Kahan,67,26,17,46,Willing And Able|Noah Kahan|46263
29/08/2026,61,Ain't In LA,ADELA,84,61,3,45,Ain't In LA|ADELA|46263
29/08/2026,62,Carry On,Kenny Chesney,72,62,9,45,Carry On|Kenny Chesney|46263
29/08/2026,63,House Tour,Sabrina Carpenter,62,27,16,45,House Tour|Sabrina Carpenter|46263
29/08/2026,64,Sue Me,Audrey Hobert,85,64,4,44,Sue Me|Audrey Hobert|46263
29/08/2026,65,Another Drink,Marshmello & Kelsea Ballerini,89,65,3,44,Another Drink|Marshmello & Kelsea Ballerini|46263
29/08/2026,66,Ahi,Karol G With Drake,44,44,2,44,Ahi|Karol G With Drake|46263
29/08/2026,67,The Feeling,Steve Lacy,75,67,5,44,The Feeling|Steve Lacy|46263
29/08/2026,68,Still,Karol G With Bruno Mars,41,41,2,43,Still|Karol G With Bruno Mars|46263
29/08/2026,69,Speed Demon,Justin Bieber,70,66,11,43,Speed Demon|Justin Bieber|46263
29/08/2026,70,Think As You Drunk,Riley Green,80,70,8,43,Think As You Drunk|Riley Green|46263
29/08/2026,71,Honeybee,Olivia Rodrigo,71,9,10,42,Honeybee|Olivia Rodrigo|46263
29/08/2026,72,Expectations,Olivia Rodrigo,77,20,10,41,Expectations|Olivia Rodrigo|46263
29/08/2026,73,McArthur,"HARDY, Eric Church, Morgan Wallen & Tim McGraw",81,31,29,41,"McArthur|HARDY, Eric Church, Morgan Wallen & Tim McGraw|46263"
29/08/2026,74,Maggots For Brains,Olivia Rodrigo,79,12,10,41,Maggots For Brains|Olivia Rodrigo|46263
29/08/2026,75,misery.,pupsies,78,50,7,41,misery.|pupsies|46263
29/08/2026,76,Matadora,Karol G,58,58,4,40,Matadora|Karol G|46263
29/08/2026,77,Reap What You Sow,Pooh Shiesty,56,56,2,39,Reap What You Sow|Pooh Shiesty|46263
29/08/2026,78,Empty Words,Corey Kent,87,78,10,38,Empty Words|Corey Kent|46263
29/08/2026,79,South Of Sanity,Zach Top,92,79,6,38,South Of Sanity|Zach Top|46263
29/08/2026,80,The Governor’s Waltz,Phoebe Bridgers,-,80,1,38,The Governor’s Waltz|Phoebe Bridgers|46263
29/08/2026,81,Pinky Up,KATSEYE,-,28,11,38,Pinky Up|KATSEYE|46263
29/08/2026,82,Bottom Of Your Boots,Ella Langley,93,20,18,37,Bottom Of Your Boots|Ella Langley|46263
29/08/2026,83,In My Room,Julia Wolf,94,57,16,36,In My Room|Julia Wolf|46263
29/08/2026,84,Like I Do,Ariana Grande,51,24,3,36,Like I Do|Ariana Grande|46263
29/08/2026,85,Lost Boys,Phoebe Bridgers,-,85,1,36,Lost Boys|Phoebe Bridgers|46263
29/08/2026,86,String By,Mack Geiger,95,86,2,36,String By|Mack Geiger|46263
29/08/2026,87,Ran To Atlanta,Drake Featuring Future & Molly Santana,91,2,14,35,Ran To Atlanta|Drake Featuring Future & Molly Santana|46263
29/08/2026,88,Rubberz,Fenix Flexin,90,58,11,35,Rubberz|Fenix Flexin|46263
29/08/2026,89,Last Man Breathin,Pooh Shiesty,42,42,2,35,Last Man Breathin|Pooh Shiesty|46263
29/08/2026,90,What's Wrong With Me,Olivia Rodrigo & Robert Smith,97,17,10,34,What's Wrong With Me|Olivia Rodrigo & Robert Smith|46263
29/08/2026,91,No Need For Leavin',Kameron Marlowe,99,91,5,34,No Need For Leavin'|Kameron Marlowe|46263
29/08/2026,92,National Treasures,Drake,-,6,13,34,National Treasures|Drake|46263
29/08/2026,93,Bobby,Phoebe Bridgers,-,93,1,34,Bobby|Phoebe Bridgers|46263
29/08/2026,94,Iconic By Mistake,"Le Sserafim, ILLIT & KATSEYE",-,38,9,33,"Iconic By Mistake|Le Sserafim, ILLIT & KATSEYE|46263"
29/08/2026,95,Hands Up,Jelly Roll,-,95,2,33,Hands Up|Jelly Roll|46263
29/08/2026,96,Kid Myself,John Morgan,-,96,1,33,Kid Myself|John Morgan|46263
29/08/2026,97,2 Hard 4 The Radio,Drake,86,9,14,33,2 Hard 4 The Radio|Drake|46263
29/08/2026,98,Bet On That,Blake Whiten,-,98,1,33,Bet On That|Blake Whiten|46263
29/08/2026,99,Ayudame,Los Dos de Tamaulipas,-,99,1,33,Ayudame|Los Dos de Tamaulipas|46263
29/08/2026,100,Kill Me,Phoebe Bridgers,-,100,1,33,Kill Me|Phoebe Bridgers|46263
22/08/2026,1,Choosin' Texas,Ella Langley,1,1,43,298,Choosin' Texas|Ella Langley|46256
22/08/2026,2,"I Knew It, I Knew You",Taylor Swift,5,1,10,181,"I Knew It, I Knew You|Taylor Swift|46256"
22/08/2026,3,Been By Now,Morgan Wallen,3,2,3,179,Been By Now|Morgan Wallen|46256
22/08/2026,4,Boston,Stella Lefty,6,3,19,179,Boston|Stella Lefty|46256
22/08/2026,5,Hate That I Made You Love Me,Ariana Grande,2,1,11,178,Hate That I Made You Love Me|Ariana Grande|46256
22/08/2026,6,I Can't Love You Anymore,Ella Langley & Morgan Wallen,7,4,16,171,I Can't Love You Anymore|Ella Langley & Morgan Wallen|46256
22/08/2026,7,So Easy (To Fall In Love),Olivia Dean,9,5,46,159,So Easy (To Fall In Love)|Olivia Dean|46256
22/08/2026,8,Dracula,Tame Impala & JENNIE,8,5,46,157,Dracula|Tame Impala & JENNIE|46256
22/08/2026,9,Man I Need,Olivia Dean,11,2,51,148,Man I Need|Olivia Dean|46256
22/08/2026,10,Be Her,Ella Langley,10,2,26,147,Be Her|Ella Langley|46256
22/08/2026,11,Risk It All,Bruno Mars,12,4,24,141,Risk It All|Bruno Mars|46256
22/08/2026,12,Drop Dead,Olivia Rodrigo,14,1,17,129,Drop Dead|Olivia Rodrigo|46256
22/08/2026,13,I Just Might,Bruno Mars,13,1,31,128,I Just Might|Bruno Mars|46256
22/08/2026,14,Midnight Sun,Zara Larsson,17,14,30,122,Midnight Sun|Zara Larsson|46256
22/08/2026,15,Stupid Song,Olivia Rodrigo,16,3,9,120,Stupid Song|Olivia Rodrigo|46256
22/08/2026,16,Janice STFU,Drake,15,1,13,119,Janice STFU|Drake|46256
22/08/2026,17,Be By You,Luke Combs,18,12,26,111,Be By You|Luke Combs|46256
22/08/2026,18,Petal,Ariana Grande,4,4,2,108,Petal|Ariana Grande|46256
22/08/2026,19,Jaded,Koe Wetzel & Ella Langley,-,19,1,106,Jaded|Koe Wetzel & Ella Langley|46256
22/08/2026,20,Oh Yeah?,Steve Lacy,54,20,2,102,Oh Yeah?|Steve Lacy|46256
22/08/2026,21,Earrings,Malcolm Todd,28,20,24,101,Earrings|Malcolm Todd|46256
22/08/2026,22,Loser,Tame Impala,46,22,3,100,Loser|Tame Impala|46256
22/08/2026,23,Dead Fresh,Lil Baby,20,18,4,96,Dead Fresh|Lil Baby|46256
22/08/2026,24,Babydoll,Dominic Fike,29,16,27,96,Babydoll|Dominic Fike|46256
22/08/2026,25,Don't We,Morgan Wallen,19,16,27,92,Don't We|Morgan Wallen|46256
22/08/2026,26,Spend Dat,Yung Miami,26,17,12,88,Spend Dat|Yung Miami|46256
22/08/2026,27,The Cure,Olivia Rodrigo,34,5,12,85,The Cure|Olivia Rodrigo|46256
22/08/2026,28,Dai Dai (FIFA World Cup Official Song 2026),Shakira X Burna Boy,31,17,9,84,Dai Dai (FIFA World Cup Official Song 2026)|Shakira X Burna Boy|46256
22/08/2026,29,Shabang,Drake,37,4,13,79,Shabang|Drake|46256
22/08/2026,30,Animal,KATSEYE,35,24,3,78,Animal|KATSEYE|46256
22/08/2026,31,Morning Dew (Donk),Beyonce,44,26,6,73,Morning Dew (Donk)|Beyonce|46256
22/08/2026,32,What You Need,Tems,41,29,21,72,What You Need|Tems|46256
22/08/2026,33,Loving Life Again,Ella Langley,42,21,21,69,Loving Life Again|Ella Langley|46256
22/08/2026,34,AH HA,Cardi B,25,25,2,67,AH HA|Cardi B|46256
22/08/2026,35,Cinderella,Mac Miller Featuring Ty Dolla $ign,43,25,14,66,Cinderella|Mac Miller Featuring Ty Dolla $ign|46256
22/08/2026,36,Orbiter,Noah Kahan,45,34,16,63,Orbiter|Noah Kahan|46256
22/08/2026,37,Self Aware,Temper City,47,37,18,62,Self Aware|Temper City|46256
22/08/2026,38,This & That,Stray Kids,-,38,1,62,This & That|Stray Kids|46256
22/08/2026,39,Mexico Honey,Kacey Musgraves,53,39,11,61,Mexico Honey|Kacey Musgraves|46256
22/08/2026,40,Hit The Wall,Gracie Abrams,48,26,13,60,Hit The Wall|Gracie Abrams|46256
22/08/2026,41,Still,Karol G With Bruno Mars,-,41,1,60,Still|Karol G With Bruno Mars|46256
22/08/2026,42,Last Man Breathin,Pooh Shiesty,-,42,1,58,Last Man Breathin|Pooh Shiesty|46256
22/08/2026,43,Freakin' Out,Dexter And The Moonrocks,51,33,21,58,Freakin' Out|Dexter And The Moonrocks|46256
22/08/2026,44,Ahi,Karol G With Drake,-,44,1,58,Ahi|Karol G With Drake|46256
22/08/2026,45,Cowgirl,Shaboozey,49,45,6,57,Cowgirl|Shaboozey|46256
22/08/2026,46,Something To Lose,Stella Lefty Featuring Vincent Mason,61,40,11,56,Something To Lose|Stella Lefty Featuring Vincent Mason|46256
22/08/2026,47,Mr. Know It All,Teddy Swims,56,47,17,54,Mr. Know It All|Teddy Swims|46256
22/08/2026,48,"Phone, Keys, Wallet",Lainey Wilson & John Mayer,58,48,10,53,"Phone, Keys, Wallet|Lainey Wilson & John Mayer|46256"
22/08/2026,49,Raindance,Dave & Tems,60,49,28,53,Raindance|Dave & Tems|46256
22/08/2026,50,Rein Me In,Sam Fender & Olivia Dean,70,50,21,52,Rein Me In|Sam Fender & Olivia Dean|46256
22/08/2026,51,Like I Do,Ariana Grande,24,24,2,52,Like I Do|Ariana Grande|46256
22/08/2026,52,Chevy Silverado,Bailey Zimmerman,65,52,8,52,Chevy Silverado|Bailey Zimmerman|46256
22/08/2026,53,Rethink Some Things,Luke Combs,63,46,20,52,Rethink Some Things|Luke Combs|46256
22/08/2026,54,Don't Tell On Me,Jason Aldean,52,34,18,51,Don't Tell On Me|Jason Aldean|46256
22/08/2026,55,Woman,Kane Brown,68,55,18,51,Woman|Kane Brown|46256
22/08/2026,56,Reap What You Sow,Pooh Shiesty,-,56,1,50,Reap What You Sow|Pooh Shiesty|46256
22/08/2026,57,Iloveitiloveitiloveit,Bella Kay,64,17,26,50,Iloveitiloveitiloveit|Bella Kay|46256
22/08/2026,58,Matadora,Karol G,86,58,3,50,Matadora|Karol G|46256
22/08/2026,59,Bloodstream,Alyssa Grace,57,45,6,50,Bloodstream|Alyssa Grace|46256
22/08/2026,60,Ghetto Love Story,BabyChiefDoit,55,44,6,49,Ghetto Love Story|BabyChiefDoit|46256
22/08/2026,61,Noble,F3miii,73,53,14,49,Noble|F3miii|46256
22/08/2026,62,House Tour,Sabrina Carpenter,67,27,15,48,House Tour|Sabrina Carpenter|46256
22/08/2026,63,Doors,Noah Kahan,59,9,16,48,Doors|Noah Kahan|46256
22/08/2026,64,Great Expectation,Sienna Spiro,66,56,6,48,Great Expectation|Sienna Spiro|46256
22/08/2026,65,My Body Isn't Ready,sombr,75,30,7,46,My Body Isn't Ready|sombr|46256
22/08/2026,66,Hate How You Look,Josh Ross,69,52,19,46,Hate How You Look|Josh Ross|46256
22/08/2026,67,Willing And Able,Noah Kahan,71,26,16,45,Willing And Able|Noah Kahan|46256
22/08/2026,68,Stay,Ariana Grande,22,22,2,45,Stay|Ariana Grande|46256
22/08/2026,69,Oh Well,Ariana Grande,23,23,2,44,Oh Well|Ariana Grande|46256
22/08/2026,70,Speed Demon,Justin Bieber,74,66,10,44,Speed Demon|Justin Bieber|46256
22/08/2026,71,Honeybee,Olivia Rodrigo,72,9,9,44,Honeybee|Olivia Rodrigo|46256
22/08/2026,72,Carry On,Kenny Chesney,76,69,8,44,Carry On|Kenny Chesney|46256
22/08/2026,73,BbY WOW,Karol G With Judeline & rusowsky,-,73,1,43,BbY WOW|Karol G With Judeline & rusowsky|46256
22/08/2026,74,Kiss Me,Ariana Grande,21,21,2,43,Kiss Me|Ariana Grande|46256
22/08/2026,75,The Feeling,Steve Lacy,93,75,4,42,The Feeling|Steve Lacy|46256
22/08/2026,76,Never Get Over Me,Ariana Grande,33,33,2,42,Never Get Over Me|Ariana Grande|46256
22/08/2026,77,Expectations,Olivia Rodrigo,83,20,9,42,Expectations|Olivia Rodrigo|46256
22/08/2026,78,misery.,pupsies,77,50,6,42,misery.|pupsies|46256
22/08/2026,79,Maggots For Brains,Olivia Rodrigo,87,12,9,42,Maggots For Brains|Olivia Rodrigo|46256
22/08/2026,80,Think As You Drunk,Riley Green,84,78,7,41,Think As You Drunk|Riley Green|46256
22/08/2026,81,McArthur,"HARDY, Eric Church, Morgan Wallen & Tim McGraw",81,31,28,41,"McArthur|HARDY, Eric Church, Morgan Wallen & Tim McGraw|46256"
22/08/2026,82,Big Feelings,Ariana Grande,27,27,2,41,Big Feelings|Ariana Grande|46256
22/08/2026,83,I'm Back,Pooh Shiesty,-,83,1,40,I'm Back|Pooh Shiesty|46256
22/08/2026,84,Ain't In LA,ADELA,85,84,2,40,Ain't In LA|ADELA|46256
22/08/2026,85,Sue Me,Audrey Hobert,92,85,3,40,Sue Me|Audrey Hobert|46256
22/08/2026,86,2 Hard 4 The Radio,Drake,78,9,13,39,2 Hard 4 The Radio|Drake|46256
22/08/2026,87,Empty Words,Corey Kent,94,85,9,39,Empty Words|Corey Kent|46256
22/08/2026,88,Federal Reality,Pooh Shiesty,-,88,1,38,Federal Reality|Pooh Shiesty|46256
22/08/2026,89,Another Drink,Marshmello & Kelsea Ballerini,95,89,2,38,Another Drink|Marshmello & Kelsea Ballerini|46256
22/08/2026,90,Rubberz,Fenix Flexin,79,58,10,38,Rubberz|Fenix Flexin|46256
22/08/2026,91,Ran To Atlanta,Drake Featuring Future & Molly Santana,80,2,13,38,Ran To Atlanta|Drake Featuring Future & Molly Santana|46256
22/08/2026,92,South Of Sanity,Zach Top,97,86,5,37,South Of Sanity|Zach Top|46256
22/08/2026,93,Bottom Of Your Boots,Ella Langley,90,20,17,37,Bottom Of Your Boots|Ella Langley|46256
22/08/2026,94,In My Room,Julia Wolf,96,57,15,36,In My Room|Julia Wolf|46256
22/08/2026,95,String By,Mack Geiger,-,95,1,35,String By|Mack Geiger|46256
22/08/2026,96,Freak,Ariana Grande,32,32,2,35,Freak|Ariana Grande|46256
22/08/2026,97,What's Wrong With Me,Olivia Rodrigo & Robert Smith,100,17,9,35,What's Wrong With Me|Olivia Rodrigo & Robert Smith|46256
22/08/2026,98,Bad Thing (Bunny Hop),Ariana Grande,36,36,2,35,Bad Thing (Bunny Hop)|Ariana Grande|46256
22/08/2026,99,No Need For Leavin',Kameron Marlowe,-,95,4,35,No Need For Leavin'|Kameron Marlowe|46256
22/08/2026,100,"Nowhere, Nobody",Ariana Grande,39,39,2,35,"Nowhere, Nobody|Ariana Grande|46256"
15/08/2026,1,Choosin' Texas,Ella Langley,1,1,42,294,Choosin' Texas|Ella Langley|46249
15/08/2026,2,Hate That I Made You Love Me,Ariana Grande,8,1,10,234,Hate That I Made You Love Me|Ariana Grande|46249
15/08/2026,3,Been By Now,Morgan Wallen,2,2,2,188,Been By Now|Morgan Wallen|46249
15/08/2026,4,Petal,Ariana Grande,-,4,1,181,Petal|Ariana Grande|46249
15/08/2026,5,"I Knew It, I Knew You",Taylor Swift,3,1,9,180,"I Knew It, I Knew You|Taylor Swift|46249"
15/08/2026,6,Boston,Stella Lefty,5,3,18,174,Boston|Stella Lefty|46249
15/08/2026,7,I Can't Love You Anymore,Ella Langley & Morgan Wallen,4,4,15,172,I Can't Love You Anymore|Ella Langley & Morgan Wallen|46249
15/08/2026,8,Dracula,Tame Impala & JENNIE,6,5,45,160,Dracula|Tame Impala & JENNIE|46249
15/08/2026,9,So Easy (To Fall In Love),Olivia Dean,7,5,45,159,So Easy (To Fall In Love)|Olivia Dean|46249
15/08/2026,10,Be Her,Ella Langley,9,2,25,155,Be Her|Ella Langley|46249
15/08/2026,11,Man I Need,Olivia Dean,10,2,50,148,Man I Need|Olivia Dean|46249
15/08/2026,12,Risk It All,Bruno Mars,11,4,23,147,Risk It All|Bruno Mars|46249
15/08/2026,13,I Just Might,Bruno Mars,12,1,30,133,I Just Might|Bruno Mars|46249
15/08/2026,14,Drop Dead,Olivia Rodrigo,13,1,16,127,Drop Dead|Olivia Rodrigo|46249
15/08/2026,15,Janice STFU,Drake,14,1,12,123,Janice STFU|Drake|46249
15/08/2026,16,Stupid Song,Olivia Rodrigo,15,3,8,122,Stupid Song|Olivia Rodrigo|46249
15/08/2026,17,Midnight Sun,Zara Larsson,16,14,29,121,Midnight Sun|Zara Larsson|46249
15/08/2026,18,Be By You,Luke Combs,19,12,25,111,Be By You|Luke Combs|46249
15/08/2026,19,Don't We,Morgan Wallen,17,16,26,109,Don't We|Morgan Wallen|46249
15/08/2026,20,Dead Fresh,Lil Baby,18,18,3,108,Dead Fresh|Lil Baby|46249
15/08/2026,21,Kiss Me,Ariana Grande,-,21,1,107,Kiss Me|Ariana Grande|46249
15/08/2026,22,Stay,Ariana Grande,-,22,1,106,Stay|Ariana Grande|46249
15/08/2026,23,Oh Well,Ariana Grande,-,23,1,105,Oh Well|Ariana Grande|46249
15/08/2026,24,Like I Do,Ariana Grande,-,24,1,105,Like I Do|Ariana Grande|46249
15/08/2026,25,AH HA,Cardi B,-,25,1,104,AH HA|Cardi B|46249
15/08/2026,26,Spend Dat,Yung Miami,21,17,11,96,Spend Dat|Yung Miami|46249
15/08/2026,27,Big Feelings,Ariana Grande,-,27,1,96,Big Feelings|Ariana Grande|46249
15/08/2026,28,Earrings,Malcolm Todd,22,20,23,96,Earrings|Malcolm Todd|46249
15/08/2026,29,Babydoll,Dominic Fike,25,16,26,94,Babydoll|Dominic Fike|46249
15/08/2026,30,Stateside,PinkPantheress With Zara Larsson,23,6,31,92,Stateside|PinkPantheress With Zara Larsson|46249
15/08/2026,31,Dai Dai (FIFA World Cup Official Song 2026),Shakira X Burna Boy,20,17,8,88,Dai Dai (FIFA World Cup Official Song 2026)|Shakira X Burna Boy|46249
15/08/2026,32,Freak,Ariana Grande,-,32,1,87,Freak|Ariana Grande|46249
15/08/2026,33,Never Get Over Me,Ariana Grande,-,33,1,86,Never Get Over Me|Ariana Grande|46249
15/08/2026,34,The Cure,Olivia Rodrigo,26,5,11,84,The Cure|Olivia Rodrigo|46249
15/08/2026,35,Animal,KATSEYE,24,24,2,78,Animal|KATSEYE|46249
15/08/2026,36,Bad Thing (Bunny Hop),Ariana Grande,-,36,1,78,Bad Thing (Bunny Hop)|Ariana Grande|46249
15/08/2026,37,Shabang,Drake,27,4,12,78,Shabang|Drake|46249
15/08/2026,38,Warning Signs (Interlude),Ariana Grande,-,38,1,75,Warning Signs (Interlude)|Ariana Grande|46249
15/08/2026,39,"Nowhere, Nobody",Ariana Grande,-,39,1,75,"Nowhere, Nobody|Ariana Grande|46249"
15/08/2026,40,Homewrecker,sombr,28,15,26,72,Homewrecker|sombr|46249
15/08/2026,41,What You Need,Tems,29,29,20,70,What You Need|Tems|46249
15/08/2026,42,Loving Life Again,Ella Langley,31,21,20,70,Loving Life Again|Ella Langley|46249
15/08/2026,43,Cinderella,Mac Miller Featuring Ty Dolla $ign,30,25,13,70,Cinderella|Mac Miller Featuring Ty Dolla $ign|46249
15/08/2026,44,Morning Dew (Donk),Beyonce,50,26,5,65,Morning Dew (Donk)|Beyonce|46249
15/08/2026,45,Orbiter,Noah Kahan,34,34,15,65,Orbiter|Noah Kahan|46249
15/08/2026,46,Loser,Tame Impala,-,46,2,65,Loser|Tame Impala|46249
15/08/2026,47,Self Aware,Temper City,37,37,17,60,Self Aware|Temper City|46249
15/08/2026,48,Hit The Wall,Gracie Abrams,41,26,12,60,Hit The Wall|Gracie Abrams|46249
15/08/2026,49,Cowgirl,Shaboozey,74,49,5,60,Cowgirl|Shaboozey|46249
15/08/2026,50,E85,Don Toliver,38,15,27,59,E85|Don Toliver|46249
15/08/2026,51,Freakin' Out,Dexter And The Moonrocks,35,33,20,58,Freakin' Out|Dexter And The Moonrocks|46249
15/08/2026,52,Don't Tell On Me,Jason Aldean,39,34,17,58,Don't Tell On Me|Jason Aldean|46249
15/08/2026,53,Mexico Honey,Kacey Musgraves,40,40,10,57,Mexico Honey|Kacey Musgraves|46249
15/08/2026,54,Oh Yeah?,Steve Lacy,-,54,1,57,Oh Yeah?|Steve Lacy|46249
15/08/2026,55,Ghetto Love Story,BabyChiefDoit,44,44,5,53,Ghetto Love Story|BabyChiefDoit|46249
15/08/2026,56,Mr. Know It All,Teddy Swims,63,56,16,53,Mr. Know It All|Teddy Swims|46249
15/08/2026,57,Bloodstream,Alyssa Grace,45,45,5,52,Bloodstream|Alyssa Grace|46249
15/08/2026,58,"Phone, Keys, Wallet",Lainey Wilson & John Mayer,59,58,9,52,"Phone, Keys, Wallet|Lainey Wilson & John Mayer|46249"
15/08/2026,59,Doors,Noah Kahan,43,9,15,52,Doors|Noah Kahan|46249
15/08/2026,60,Raindance,Dave & Tems,51,49,27,52,Raindance|Dave & Tems|46249
15/08/2026,61,Something To Lose,Stella Lefty Featuring Vincent Mason,46,40,10,52,Something To Lose|Stella Lefty Featuring Vincent Mason|46249
15/08/2026,62,Hustle,Rod Wave,-,62,1,52,Hustle|Rod Wave|46249
15/08/2026,63,Rethink Some Things,Luke Combs,54,46,19,51,Rethink Some Things|Luke Combs|46249
15/08/2026,64,Iloveitiloveitiloveit,Bella Kay,48,17,25,50,Iloveitiloveitiloveit|Bella Kay|46249
15/08/2026,65,Chevy Silverado,Bailey Zimmerman,57,57,7,49,Chevy Silverado|Bailey Zimmerman|46249
15/08/2026,66,Great Expectation,Sienna Spiro,56,56,5,49,Great Expectation|Sienna Spiro|46249
15/08/2026,67,House Tour,Sabrina Carpenter,61,27,14,49,House Tour|Sabrina Carpenter|46249
15/08/2026,68,Woman,Kane Brown,55,55,17,49,Woman|Kane Brown|46249
15/08/2026,69,Hate How You Look,Josh Ross,58,52,18,48,Hate How You Look|Josh Ross|46249
15/08/2026,70,Rein Me In,Sam Fender & Olivia Dean,68,64,20,48,Rein Me In|Sam Fender & Olivia Dean|46249
15/08/2026,71,Willing And Able,Noah Kahan,62,26,15,47,Willing And Able|Noah Kahan|46249
15/08/2026,72,Honeybee,Olivia Rodrigo,49,9,8,47,Honeybee|Olivia Rodrigo|46249
15/08/2026,73,Noble,F3miii,53,53,13,47,Noble|F3miii|46249
15/08/2026,74,Speed Demon,Justin Bieber,67,66,9,46,Speed Demon|Justin Bieber|46249
15/08/2026,75,My Body Isn't Ready,sombr,72,30,6,45,My Body Isn't Ready|sombr|46249
15/08/2026,76,Carry On,Kenny Chesney,69,69,7,45,Carry On|Kenny Chesney|46249
15/08/2026,77,misery.,pupsies,60,50,5,45,misery.|pupsies|46249
15/08/2026,78,2 Hard 4 The Radio,Drake,52,9,12,45,2 Hard 4 The Radio|Drake|46249
15/08/2026,79,Rubberz,Fenix Flexin,66,58,9,42,Rubberz|Fenix Flexin|46249
15/08/2026,80,Ran To Atlanta,Drake Featuring Future & Molly Santana,65,2,12,41,Ran To Atlanta|Drake Featuring Future & Molly Santana|46249
15/08/2026,81,McArthur,"HARDY, Eric Church, Morgan Wallen & Tim McGraw",70,31,27,41,"McArthur|HARDY, Eric Church, Morgan Wallen & Tim McGraw|46249"
15/08/2026,82,Nightmares To Dreams,Meek Mill,-,82,1,41,Nightmares To Dreams|Meek Mill|46249
15/08/2026,83,Expectations,Olivia Rodrigo,71,20,8,41,Expectations|Olivia Rodrigo|46249
15/08/2026,84,Think As You Drunk,Riley Green,78,78,6,40,Think As You Drunk|Riley Green|46249
15/08/2026,85,Ain't In LA,ADELA,-,85,1,40,Ain't In LA|ADELA|46249
15/08/2026,86,Matadora,Karol G,91,86,2,40,Matadora|Karol G|46249
15/08/2026,87,Maggots For Brains,Olivia Rodrigo,73,12,8,40,Maggots For Brains|Olivia Rodrigo|46249
15/08/2026,88,Iconic By Mistake,"Le Sserafim, ILLIT & KATSEYE",76,38,8,39,"Iconic By Mistake|Le Sserafim, ILLIT & KATSEYE|46249"
15/08/2026,89,Poured,Lil Uzi Vert,-,89,1,39,Poured|Lil Uzi Vert|46249
15/08/2026,90,Bottom Of Your Boots,Ella Langley,77,20,16,38,Bottom Of Your Boots|Ella Langley|46249
15/08/2026,91,Swim,BTS,82,1,20,38,Swim|BTS|46249
15/08/2026,92,Sue Me,Audrey Hobert,98,92,2,38,Sue Me|Audrey Hobert|46249
15/08/2026,93,The Feeling,Steve Lacy,-,75,3,37,The Feeling|Steve Lacy|46249
15/08/2026,94,Empty Words,Corey Kent,85,85,8,37,Empty Words|Corey Kent|46249
15/08/2026,95,Another Drink,Marshmello & Kelsea Ballerini,-,95,1,37,Another Drink|Marshmello & Kelsea Ballerini|46249
15/08/2026,96,In My Room,Julia Wolf,92,57,14,37,In My Room|Julia Wolf|46249
15/08/2026,97,South Of Sanity,Zach Top,86,86,4,36,South Of Sanity|Zach Top|46249
15/08/2026,98,Brand New Chanel$,Slayyyter,-,98,1,36,Brand New Chanel$|Slayyyter|46249
15/08/2026,99,National Treasures,Drake,81,6,12,36,National Treasures|Drake|46249
15/08/2026,100,What's Wrong With Me,Olivia Rodrigo & Robert Smith,83,17,8,36,What's Wrong With Me|Olivia Rodrigo & Robert Smith|46249
08/08/2026,1,Choosin' Texas,Ella Langley,1,1,41,302,Choosin' Texas|Ella Langley|46242
08/08/2026,2,Been By Now,Morgan Wallen,-,2,1,274,Been By Now|Morgan Wallen|46242
08/08/2026,3,"I Knew It, I Knew You",Taylor Swift,2,1,8,191,"I Knew It, I Knew You|Taylor Swift|46242"
08/08/2026,4,I Can't Love You Anymore,Ella Langley & Morgan Wallen,4,4,14,175,I Can't Love You Anymore|Ella Langley & Morgan Wallen|46242
08/08/2026,5,Boston,Stella Lefty,3,3,17,175,Boston|Stella Lefty|46242
08/08/2026,6,Dracula,Tame Impala & JENNIE,6,5,44,161,Dracula|Tame Impala & JENNIE|46242
08/08/2026,7,So Easy (To Fall In Love),Olivia Dean,7,5,44,160,So Easy (To Fall In Love)|Olivia Dean|46242
08/08/2026,8,Hate That I Made You Love Me,Ariana Grande,5,1,9,159,Hate That I Made You Love Me|Ariana Grande|46242
08/08/2026,9,Be Her,Ella Langley,8,2,24,156,Be Her|Ella Langley|46242
08/08/2026,10,Man I Need,Olivia Dean,9,2,49,147,Man I Need|Olivia Dean|46242
08/08/2026,11,Risk It All,Bruno Mars,11,4,22,142,Risk It All|Bruno Mars|46242
08/08/2026,12,I Just Might,Bruno Mars,10,1,29,139,I Just Might|Bruno Mars|46242
08/08/2026,13,Drop Dead,Olivia Rodrigo,12,1,15,135,Drop Dead|Olivia Rodrigo|46242
08/08/2026,14,Janice STFU,Drake,13,1,11,133,Janice STFU|Drake|46242
08/08/2026,15,Stupid Song,Olivia Rodrigo,15,3,7,122,Stupid Song|Olivia Rodrigo|46242
08/08/2026,16,Midnight Sun,Zara Larsson,14,14,28,120,Midnight Sun|Zara Larsson|46242
08/08/2026,17,Don't We,Morgan Wallen,16,16,25,116,Don't We|Morgan Wallen|46242
08/08/2026,18,Dead Fresh,Lil Baby,18,18,2,114,Dead Fresh|Lil Baby|46242
08/08/2026,19,Be By You,Luke Combs,19,12,24,108,Be By You|Luke Combs|46242
08/08/2026,20,Dai Dai (FIFA World Cup Official Song 2026),Shakira X Burna Boy,17,17,7,104,Dai Dai (FIFA World Cup Official Song 2026)|Shakira X Burna Boy|46242
08/08/2026,21,Spend Dat,Yung Miami,20,17,10,101,Spend Dat|Yung Miami|46242
08/08/2026,22,Earrings,Malcolm Todd,22,20,22,97,Earrings|Malcolm Todd|46242
08/08/2026,23,Stateside,PinkPantheress With Zara Larsson,21,6,30,96,Stateside|PinkPantheress With Zara Larsson|46242
08/08/2026,24,Animal,KATSEYE,-,24,1,93,Animal|KATSEYE|46242
08/08/2026,25,Babydoll,Dominic Fike,24,16,25,92,Babydoll|Dominic Fike|46242
08/08/2026,26,The Cure,Olivia Rodrigo,23,5,10,88,The Cure|Olivia Rodrigo|46242
08/08/2026,27,Shabang,Drake,27,4,11,81,Shabang|Drake|46242
08/08/2026,28,Homewrecker,sombr,28,15,25,74,Homewrecker|sombr|46242
08/08/2026,29,What You Need,Tems,32,29,19,71,What You Need|Tems|46242
08/08/2026,30,Cinderella,Mac Miller Featuring Ty Dolla $ign,30,25,12,71,Cinderella|Mac Miller Featuring Ty Dolla $ign|46242
08/08/2026,31,Loving Life Again,Ella Langley,36,21,19,69,Loving Life Again|Ella Langley|46242
08/08/2026,32,Wonderwall,Oasis,29,8,23,66,Wonderwall|Oasis|46242
08/08/2026,33,American Girls,Harry Styles,31,4,21,65,American Girls|Harry Styles|46242
08/08/2026,34,Orbiter,Noah Kahan,37,34,14,64,Orbiter|Noah Kahan|46242
08/08/2026,35,Freakin' Out,Dexter And The Moonrocks,38,33,19,61,Freakin' Out|Dexter And The Moonrocks|46242
08/08/2026,36,Fever Dream,Alex Warren,34,21,22,61,Fever Dream|Alex Warren|46242
08/08/2026,37,Self Aware,Temper City,41,37,16,61,Self Aware|Temper City|46242
08/08/2026,38,E85,Don Toliver,39,15,26,61,E85|Don Toliver|46242
08/08/2026,39,Don't Tell On Me,Jason Aldean,35,34,16,60,Don't Tell On Me|Jason Aldean|46242
08/08/2026,40,Mexico Honey,Kacey Musgraves,48,40,9,58,Mexico Honey|Kacey Musgraves|46242
08/08/2026,41,Hit The Wall,Gracie Abrams,26,26,11,57,Hit The Wall|Gracie Abrams|46242
08/08/2026,42,Pop Dat Thang,DaBaby,43,26,26,54,Pop Dat Thang|DaBaby|46242
08/08/2026,43,Doors,Noah Kahan,46,9,14,54,Doors|Noah Kahan|46242
08/08/2026,44,Ghetto Love Story,BabyChiefDoit,49,44,4,53,Ghetto Love Story|BabyChiefDoit|46242
08/08/2026,45,Bloodstream,Alyssa Grace,67,45,4,52,Bloodstream|Alyssa Grace|46242
08/08/2026,46,Something To Lose,Stella Lefty Featuring Vincent Mason,40,40,9,52,Something To Lose|Stella Lefty Featuring Vincent Mason|46242
08/08/2026,47,Chicago,Michael Jackson,44,26,10,52,Chicago|Michael Jackson|46242
08/08/2026,48,Iloveitiloveitiloveit,Bella Kay,47,17,24,52,Iloveitiloveitiloveit|Bella Kay|46242
08/08/2026,49,Honeybee,Olivia Rodrigo,45,9,7,52,Honeybee|Olivia Rodrigo|46242
08/08/2026,50,Morning Dew (Donk),Beyonce,42,26,4,51,Morning Dew (Donk)|Beyonce|46242
08/08/2026,51,Raindance,Dave & Tems,53,49,26,51,Raindance|Dave & Tems|46242
08/08/2026,52,2 Hard 4 The Radio,Drake,52,9,11,51,2 Hard 4 The Radio|Drake|46242
08/08/2026,53,Noble,F3miii,54,53,12,50,Noble|F3miii|46242
08/08/2026,54,Rethink Some Things,Luke Combs,63,46,18,49,Rethink Some Things|Luke Combs|46242
08/08/2026,55,Woman,Kane Brown,62,55,16,49,Woman|Kane Brown|46242
08/08/2026,56,Great Expectation,Sienna Spiro,56,56,4,49,Great Expectation|Sienna Spiro|46242
08/08/2026,57,Chevy Silverado,Bailey Zimmerman,60,57,6,49,Chevy Silverado|Bailey Zimmerman|46242
08/08/2026,58,Hate How You Look,Josh Ross,64,52,17,48,Hate How You Look|Josh Ross|46242
08/08/2026,59,"Phone, Keys, Wallet",Lainey Wilson & John Mayer,68,59,8,48,"Phone, Keys, Wallet|Lainey Wilson & John Mayer|46242"
08/08/2026,60,misery.,pupsies,50,50,4,48,misery.|pupsies|46242
08/08/2026,61,House Tour,Sabrina Carpenter,72,27,13,48,House Tour|Sabrina Carpenter|46242
08/08/2026,62,Willing And Able,Noah Kahan,61,26,14,48,Willing And Able|Noah Kahan|46242
08/08/2026,63,Mr. Know It All,Teddy Swims,70,63,15,47,Mr. Know It All|Teddy Swims|46242
08/08/2026,64,Motion Party,BossMan Dlow,57,37,20,46,Motion Party|BossMan Dlow|46242
08/08/2026,65,Ran To Atlanta,Drake Featuring Future & Molly Santana,65,2,11,45,Ran To Atlanta|Drake Featuring Future & Molly Santana|46242
08/08/2026,66,Rubberz,Fenix Flexin,58,58,8,45,Rubberz|Fenix Flexin|46242
08/08/2026,67,Speed Demon,Justin Bieber,75,66,8,45,Speed Demon|Justin Bieber|46242
08/08/2026,68,Rein Me In,Sam Fender & Olivia Dean,69,64,19,45,Rein Me In|Sam Fender & Olivia Dean|46242
08/08/2026,69,Carry On,Kenny Chesney,84,69,6,44,Carry On|Kenny Chesney|46242
08/08/2026,70,McArthur,"HARDY, Eric Church, Morgan Wallen & Tim McGraw",73,31,26,44,"McArthur|HARDY, Eric Church, Morgan Wallen & Tim McGraw|46242"
08/08/2026,71,Expectations,Olivia Rodrigo,71,20,7,44,Expectations|Olivia Rodrigo|46242
08/08/2026,72,My Body Isn't Ready,sombr,59,30,5,44,My Body Isn't Ready|sombr|46242
08/08/2026,73,Maggots For Brains,Olivia Rodrigo,66,12,7,44,Maggots For Brains|Olivia Rodrigo|46242
08/08/2026,74,Cowgirl,Shaboozey,76,74,4,44,Cowgirl|Shaboozey|46242
08/08/2026,75,Camera,Charli xcx,-,75,1,44,Camera|Charli xcx|46242
08/08/2026,76,Iconic By Mistake,"Le Sserafim, ILLIT & KATSEYE",74,38,7,41,"Iconic By Mistake|Le Sserafim, ILLIT & KATSEYE|46242"
08/08/2026,77,Bottom Of Your Boots,Ella Langley,90,20,15,41,Bottom Of Your Boots|Ella Langley|46242
08/08/2026,78,Think As You Drunk,Riley Green,81,78,5,41,Think As You Drunk|Riley Green|46242
08/08/2026,79,I Want You,Cody Johnson,86,79,5,40,I Want You|Cody Johnson|46242
08/08/2026,80,Whisper My Name,Drake,78,3,11,40,Whisper My Name|Drake|46242
08/08/2026,81,National Treasures,Drake,82,6,11,39,National Treasures|Drake|46242
08/08/2026,82,Swim,BTS,85,1,19,39,Swim|BTS|46242
08/08/2026,83,What's Wrong With Me,Olivia Rodrigo & Robert Smith,83,17,7,39,What's Wrong With Me|Olivia Rodrigo & Robert Smith|46242
08/08/2026,84,Less,Olivia Rodrigo,79,21,7,39,Less|Olivia Rodrigo|46242
08/08/2026,85,Empty Words,Corey Kent,97,85,7,38,Empty Words|Corey Kent|46242
08/08/2026,86,South Of Sanity,Zach Top,94,86,3,38,South Of Sanity|Zach Top|46242
08/08/2026,87,I See Why,Moneybagg Yo,-,87,1,37,I See Why|Moneybagg Yo|46242
08/08/2026,88,Freaked Out,Fat Papi,89,88,2,37,Freaked Out|Fat Papi|46242
08/08/2026,89,Normal,BTS,33,33,5,37,Normal|BTS|46242
08/08/2026,90,My Way,Olivia Rodrigo,88,15,7,36,My Way|Olivia Rodrigo|46242
08/08/2026,91,Matadora,Karol G,-,91,1,35,Matadora|Karol G|46242
08/08/2026,92,In My Room,Julia Wolf,96,57,13,35,In My Room|Julia Wolf|46242
08/08/2026,93,I'm Spent,Drake Featuring Loe Shimmy,-,34,8,35,I'm Spent|Drake Featuring Loe Shimmy|46242
08/08/2026,94,California Girls,Future,92,23,3,35,California Girls|Future|46242
08/08/2026,95,No Need For Leavin',Kameron Marlowe,98,95,3,35,No Need For Leavin'|Kameron Marlowe|46242
08/08/2026,96,u + me = <3,Olivia Rodrigo,93,19,7,35,u + me = <3|Olivia Rodrigo|46242
08/08/2026,97,Begged,Olivia Rodrigo,91,16,7,35,Begged|Olivia Rodrigo|46242
08/08/2026,98,Sue Me,Audrey Hobert,-,98,1,34,Sue Me|Audrey Hobert|46242
08/08/2026,99,Sunburn,Tucker Wetmore,-,86,5,34,Sunburn|Tucker Wetmore|46242
08/08/2026,100,Hands Up,Jelly Roll,-,100,1,34,Hands Up|Jelly Roll|46242
01/08/2026,1,Choosin' Texas,Ella Langley,1,1,40,296,Choosin' Texas|Ella Langley|46235
01/08/2026,2,"I Knew It, I Knew You",Taylor Swift,2,1,7,190,"I Knew It, I Knew You|Taylor Swift|46235"
01/08/2026,3,Boston,Stella Lefty,6,3,16,168,Boston|Stella Lefty|46235
01/08/2026,4,I Can't Love You Anymore,Ella Langley & Morgan Wallen,7,4,13,165,I Can't Love You Anymore|Ella Langley & Morgan Wallen|46235
01/08/2026,5,Hate That I Made You Love Me,Ariana Grande,4,1,8,165,Hate That I Made You Love Me|Ariana Grande|46235
01/08/2026,6,Dracula,Tame Impala & JENNIE,5,5,43,161,Dracula|Tame Impala & JENNIE|46235
01/08/2026,7,So Easy (To Fall In Love),Olivia Dean,9,5,43,159,So Easy (To Fall In Love)|Olivia Dean|46235
01/08/2026,8,Be Her,Ella Langley,3,2,23,156,Be Her|Ella Langley|46235
01/08/2026,9,Man I Need,Olivia Dean,8,2,48,152,Man I Need|Olivia Dean|46235
01/08/2026,10,I Just Might,Bruno Mars,10,1,28,142,I Just Might|Bruno Mars|46235
01/08/2026,11,Risk It All,Bruno Mars,13,4,21,140,Risk It All|Bruno Mars|46235
01/08/2026,12,Drop Dead,Olivia Rodrigo,12,1,14,138,Drop Dead|Olivia Rodrigo|46235
01/08/2026,13,Janice STFU,Drake,11,1,10,138,Janice STFU|Drake|46235
01/08/2026,14,Midnight Sun,Zara Larsson,15,14,27,119,Midnight Sun|Zara Larsson|46235
01/08/2026,15,Stupid Song,Olivia Rodrigo,14,3,6,117,Stupid Song|Olivia Rodrigo|46235
01/08/2026,16,Don't We,Morgan Wallen,16,16,24,108,Don't We|Morgan Wallen|46235
01/08/2026,17,Dai Dai (FIFA World Cup Official Song 2026),Shakira X Burna Boy,42,17,6,107,Dai Dai (FIFA World Cup Official Song 2026)|Shakira X Burna Boy|46235
01/08/2026,18,Dead Fresh,Lil Baby,-,18,1,107,Dead Fresh|Lil Baby|46235
01/08/2026,19,Be By You,Luke Combs,18,12,23,106,Be By You|Luke Combs|46235
01/08/2026,20,Spend Dat,Yung Miami,19,17,9,103,Spend Dat|Yung Miami|46235
01/08/2026,21,Stateside,PinkPantheress With Zara Larsson,17,6,29,101,Stateside|PinkPantheress With Zara Larsson|46235
01/08/2026,22,Earrings,Malcolm Todd,20,20,21,101,Earrings|Malcolm Todd|46235
01/08/2026,23,The Cure,Olivia Rodrigo,21,5,9,92,The Cure|Olivia Rodrigo|46235
01/08/2026,24,Babydoll,Dominic Fike,24,16,24,91,Babydoll|Dominic Fike|46235
01/08/2026,25,Die On This Hill,Sienna Spiro,26,19,31,84,Die On This Hill|Sienna Spiro|46235
01/08/2026,26,Hit The Wall,Gracie Abrams,57,26,10,84,Hit The Wall|Gracie Abrams|46235
01/08/2026,27,Shabang,Drake,25,4,10,82,Shabang|Drake|46235
01/08/2026,28,Homewrecker,sombr,22,15,24,79,Homewrecker|sombr|46235
01/08/2026,29,Wonderwall,Oasis,27,8,22,78,Wonderwall|Oasis|46235
01/08/2026,30,Cinderella,Mac Miller Featuring Ty Dolla $ign,30,25,11,74,Cinderella|Mac Miller Featuring Ty Dolla $ign|46235
01/08/2026,31,American Girls,Harry Styles,32,4,20,71,American Girls|Harry Styles|46235
01/08/2026,32,What You Need,Tems,36,32,18,70,What You Need|Tems|46235
01/08/2026,33,Normal,BTS,-,33,4,69,Normal|BTS|46235
01/08/2026,34,Fever Dream,Alex Warren,35,21,21,67,Fever Dream|Alex Warren|46235
01/08/2026,35,Don't Tell On Me,Jason Aldean,34,34,15,67,Don't Tell On Me|Jason Aldean|46235
01/08/2026,36,Loving Life Again,Ella Langley,44,21,18,66,Loving Life Again|Ella Langley|46235
01/08/2026,37,Orbiter,Noah Kahan,41,37,13,65,Orbiter|Noah Kahan|46235
01/08/2026,38,Freakin' Out,Dexter And The Moonrocks,43,33,18,63,Freakin' Out|Dexter And The Moonrocks|46235
01/08/2026,39,E85,Don Toliver,40,15,25,63,E85|Don Toliver|46235
01/08/2026,40,Something To Lose,Stella Lefty Featuring Vincent Mason,45,40,8,61,Something To Lose|Stella Lefty Featuring Vincent Mason|46235
01/08/2026,41,Self Aware,Temper City,47,41,15,60,Self Aware|Temper City|46235
01/08/2026,42,Morning Dew (Donk),Beyonce,31,26,3,59,Morning Dew (Donk)|Beyonce|46235
01/08/2026,43,Pop Dat Thang,DaBaby,50,26,25,58,Pop Dat Thang|DaBaby|46235
01/08/2026,44,Chicago,Michael Jackson,49,26,9,57,Chicago|Michael Jackson|46235
01/08/2026,45,Honeybee,Olivia Rodrigo,39,9,6,56,Honeybee|Olivia Rodrigo|46235
01/08/2026,46,Doors,Noah Kahan,51,9,13,56,Doors|Noah Kahan|46235
01/08/2026,47,Iloveitiloveitiloveit,Bella Kay,53,17,23,55,Iloveitiloveitiloveit|Bella Kay|46235
01/08/2026,48,Mexico Honey,Kacey Musgraves,59,48,8,54,Mexico Honey|Kacey Musgraves|46235
01/08/2026,49,Ghetto Love Story,BabyChiefDoit,66,49,3,54,Ghetto Love Story|BabyChiefDoit|46235
01/08/2026,50,misery.,pupsies,62,50,3,53,misery.|pupsies|46235
01/08/2026,51,Good Reason,Gracie Abrams,-,51,1,53,Good Reason|Gracie Abrams|46235
01/08/2026,52,2 Hard 4 The Radio,Drake,55,9,10,51,2 Hard 4 The Radio|Drake|46235
01/08/2026,53,Raindance,Dave & Tems,72,49,25,51,Raindance|Dave & Tems|46235
01/08/2026,54,Noble,F3miii,56,54,11,51,Noble|F3miii|46235
01/08/2026,55,Look At My Life,Gracie Abrams,92,54,4,51,Look At My Life|Gracie Abrams|46235
01/08/2026,56,Great Expectation,Sienna Spiro,69,56,3,50,Great Expectation|Sienna Spiro|46235
01/08/2026,57,Motion Party,BossMan Dlow,68,37,19,49,Motion Party|BossMan Dlow|46235
01/08/2026,58,Rubberz,Fenix Flexin,63,58,7,49,Rubberz|Fenix Flexin|46235
01/08/2026,59,My Body Isn't Ready,sombr,67,30,4,49,My Body Isn't Ready|sombr|46235
01/08/2026,60,Chevy Silverado,Bailey Zimmerman,87,60,5,49,Chevy Silverado|Bailey Zimmerman|46235
01/08/2026,61,Willing And Able,Noah Kahan,73,26,13,49,Willing And Able|Noah Kahan|46235
01/08/2026,62,Woman,Kane Brown,75,62,15,48,Woman|Kane Brown|46235
01/08/2026,63,Rethink Some Things,Luke Combs,79,46,17,48,Rethink Some Things|Luke Combs|46235
01/08/2026,64,Hate How You Look,Josh Ross,70,52,16,48,Hate How You Look|Josh Ross|46235
01/08/2026,65,Ran To Atlanta,Drake Featuring Future & Molly Santana,61,2,10,48,Ran To Atlanta|Drake Featuring Future & Molly Santana|46235
01/08/2026,66,Maggots For Brains,Olivia Rodrigo,60,12,6,47,Maggots For Brains|Olivia Rodrigo|46235
01/08/2026,67,Bloodstream,Alyssa Grace,86,67,3,47,Bloodstream|Alyssa Grace|46235
01/08/2026,68,"Phone, Keys, Wallet",Lainey Wilson & John Mayer,74,68,7,47,"Phone, Keys, Wallet|Lainey Wilson & John Mayer|46235"
01/08/2026,69,Rein Me In,Sam Fender & Olivia Dean,80,64,18,46,Rein Me In|Sam Fender & Olivia Dean|46235
01/08/2026,70,Mr. Know It All,Teddy Swims,89,70,14,46,Mr. Know It All|Teddy Swims|46235
01/08/2026,71,Expectations,Olivia Rodrigo,65,20,6,45,Expectations|Olivia Rodrigo|46235
01/08/2026,72,House Tour,Sabrina Carpenter,84,27,12,45,House Tour|Sabrina Carpenter|46235
01/08/2026,73,McArthur,"HARDY, Eric Church, Morgan Wallen & Tim McGraw",81,31,25,45,"McArthur|HARDY, Eric Church, Morgan Wallen & Tim McGraw|46235"
01/08/2026,74,Iconic By Mistake,"Le Sserafim, ILLIT & KATSEYE",71,38,6,45,"Iconic By Mistake|Le Sserafim, ILLIT & KATSEYE|46235"
01/08/2026,75,Speed Demon,Justin Bieber,95,66,7,43,Speed Demon|Justin Bieber|46235
01/08/2026,76,Cowgirl,Shaboozey,-,76,3,43,Cowgirl|Shaboozey|46235
01/08/2026,77,The Feeling,Steve Lacy,-,75,2,43,The Feeling|Steve Lacy|46235
01/08/2026,78,Whisper My Name,Drake,82,3,10,42,Whisper My Name|Drake|46235
01/08/2026,79,Less,Olivia Rodrigo,77,21,6,42,Less|Olivia Rodrigo|46235
01/08/2026,80,Is It Cool?,Steve Lacy Featuring SZA,-,80,2,42,Is It Cool?|Steve Lacy Featuring SZA|46235
01/08/2026,81,Think As You Drunk,Riley Green,94,81,4,42,Think As You Drunk|Riley Green|46235
01/08/2026,82,National Treasures,Drake,88,6,10,42,National Treasures|Drake|46235
01/08/2026,83,What's Wrong With Me,Olivia Rodrigo & Robert Smith,78,17,6,42,What's Wrong With Me|Olivia Rodrigo & Robert Smith|46235
01/08/2026,84,Carry On,Kenny Chesney,99,84,5,41,Carry On|Kenny Chesney|46235
01/08/2026,85,Swim,BTS,100,1,18,41,Swim|BTS|46235
01/08/2026,86,I Want You,Cody Johnson,-,80,4,40,I Want You|Cody Johnson|46235
01/08/2026,87,Damned If I Do,Vincent Mason,96,77,11,40,Damned If I Do|Vincent Mason|46235
01/08/2026,88,My Way,Olivia Rodrigo,85,15,6,39,My Way|Olivia Rodrigo|46235
01/08/2026,89,Freaked Out,Fat Papi,-,89,1,39,Freaked Out|Fat Papi|46235
01/08/2026,90,Bottom Of Your Boots,Ella Langley,-,20,14,38,Bottom Of Your Boots|Ella Langley|46235
01/08/2026,91,Begged,Olivia Rodrigo,90,16,6,38,Begged|Olivia Rodrigo|46235
01/08/2026,92,California Girls,Future,23,23,2,38,California Girls|Future|46235
01/08/2026,93,u + me = <3,Olivia Rodrigo,91,19,6,38,u + me = <3|Olivia Rodrigo|46235
01/08/2026,94,South Of Sanity,Zach Top,-,94,2,38,South Of Sanity|Zach Top|46235
01/08/2026,95,Konnichiwa,Future,29,29,2,37,Konnichiwa|Future|46235
01/08/2026,96,In My Room,Julia Wolf,-,57,12,37,In My Room|Julia Wolf|46235
01/08/2026,97,Empty Words,Corey Kent,-,93,6,36,Empty Words|Corey Kent|46235
01/08/2026,98,No Need For Leavin',Kameron Marlowe,-,98,2,36,No Need For Leavin'|Kameron Marlowe|46235
01/08/2026,99,Minibar,Gracie Abrams,-,99,1,36,Minibar|Gracie Abrams|46235
01/08/2026,100,Kingdom Of Fear,Cameron Whitcomb,-,94,5,35,Kingdom Of Fear|Cameron Whitcomb|46235
25/07/2026,1,Choosin' Texas,Ella Langley,1,1,39,285,Choosin' Texas|Ella Langley|46228
25/07/2026,2,"I Knew It, I Knew You",Taylor Swift,2,1,6,196,"I Knew It, I Knew You|Taylor Swift|46228"
25/07/2026,3,Be Her,Ella Langley,3,2,22,166,Be Her|Ella Langley|46228
25/07/2026,4,Hate That I Made You Love Me,Ariana Grande,6,1,7,164,Hate That I Made You Love Me|Ariana Grande|46228
25/07/2026,5,Dracula,Tame Impala & JENNIE,5,5,42,163,Dracula|Tame Impala & JENNIE|46228
25/07/2026,6,Boston,Stella Lefty,12,6,15,163,Boston|Stella Lefty|46228
25/07/2026,7,I Can't Love You Anymore,Ella Langley & Morgan Wallen,4,4,12,163,I Can't Love You Anymore|Ella Langley & Morgan Wallen|46228
25/07/2026,8,Man I Need,Olivia Dean,10,2,47,159,Man I Need|Olivia Dean|46228
25/07/2026,9,So Easy (To Fall In Love),Olivia Dean,9,5,42,157,So Easy (To Fall In Love)|Olivia Dean|46228
25/07/2026,10,I Just Might,Bruno Mars,7,1,27,151,I Just Might|Bruno Mars|46228
25/07/2026,11,Janice STFU,Drake,8,1,9,147,Janice STFU|Drake|46228
25/07/2026,12,Drop Dead,Olivia Rodrigo,13,1,13,142,Drop Dead|Olivia Rodrigo|46228
25/07/2026,13,Risk It All,Bruno Mars,15,4,20,134,Risk It All|Bruno Mars|46228
25/07/2026,14,Stupid Song,Olivia Rodrigo,14,3,5,126,Stupid Song|Olivia Rodrigo|46228
25/07/2026,15,Midnight Sun,Zara Larsson,16,15,26,117,Midnight Sun|Zara Larsson|46228
25/07/2026,16,Don't We,Morgan Wallen,19,16,23,106,Don't We|Morgan Wallen|46228
25/07/2026,17,Stateside,PinkPantheress With Zara Larsson,18,6,28,106,Stateside|PinkPantheress With Zara Larsson|46228
25/07/2026,18,Be By You,Luke Combs,20,12,22,106,Be By You|Luke Combs|46228
25/07/2026,19,Spend Dat,Yung Miami,17,17,8,105,Spend Dat|Yung Miami|46228
25/07/2026,20,Earrings,Malcolm Todd,22,20,20,103,Earrings|Malcolm Todd|46228
25/07/2026,21,The Cure,Olivia Rodrigo,23,5,8,99,The Cure|Olivia Rodrigo|46228
25/07/2026,22,Homewrecker,sombr,21,15,23,92,Homewrecker|sombr|46228
25/07/2026,23,California Girls,Future,-,23,1,88,California Girls|Future|46228
25/07/2026,24,Babydoll,Dominic Fike,27,16,23,87,Babydoll|Dominic Fike|46228
25/07/2026,25,Shabang,Drake,24,4,9,85,Shabang|Drake|46228
25/07/2026,26,Die On This Hill,Sienna Spiro,28,19,30,84,Die On This Hill|Sienna Spiro|46228
25/07/2026,27,Wonderwall,Oasis,-,8,21,83,Wonderwall|Oasis|46228
25/07/2026,28,Fukk A Interview,Future,-,28,1,82,Fukk A Interview|Future|46228
25/07/2026,29,Konnichiwa,Future,-,29,1,78,Konnichiwa|Future|46228
25/07/2026,30,Cinderella,Mac Miller Featuring Ty Dolla $ign,29,25,10,78,Cinderella|Mac Miller Featuring Ty Dolla $ign|46228
25/07/2026,31,Morning Dew (Donk),Beyonce,26,26,2,73,Morning Dew (Donk)|Beyonce|46228
25/07/2026,32,American Girls,Harry Styles,33,4,19,73,American Girls|Harry Styles|46228
25/07/2026,33,One Two,Future,-,33,1,73,One Two|Future|46228
25/07/2026,34,Don't Tell On Me,Jason Aldean,38,34,14,71,Don't Tell On Me|Jason Aldean|46228
25/07/2026,35,Fever Dream,Alex Warren,40,21,20,70,Fever Dream|Alex Warren|46228
25/07/2026,36,What You Need,Tems,39,36,17,69,What You Need|Tems|46228
25/07/2026,37,Tank Top Pluto,Future,-,37,1,67,Tank Top Pluto|Future|46228
25/07/2026,38,Snow In Skyami,Future,-,38,1,66,Snow In Skyami|Future|46228
25/07/2026,39,Honeybee,Olivia Rodrigo,34,9,5,66,Honeybee|Olivia Rodrigo|46228
25/07/2026,40,E85,Don Toliver,37,15,24,66,E85|Don Toliver|46228
25/07/2026,41,Orbiter,Noah Kahan,52,41,12,66,Orbiter|Noah Kahan|46228
25/07/2026,42,Dai Dai (FIFA World Cup Official Song 2026),Shakira X Burna Boy,55,42,5,66,Dai Dai (FIFA World Cup Official Song 2026)|Shakira X Burna Boy|46228
25/07/2026,43,Freakin' Out,Dexter And The Moonrocks,47,33,17,64,Freakin' Out|Dexter And The Moonrocks|46228
25/07/2026,44,Loving Life Again,Ella Langley,50,21,17,64,Loving Life Again|Ella Langley|46228
25/07/2026,45,Something To Lose,Stella Lefty Featuring Vincent Mason,66,45,7,63,Something To Lose|Stella Lefty Featuring Vincent Mason|46228
25/07/2026,46,Radio,Future,-,46,2,62,Radio|Future|46228
25/07/2026,47,Self Aware,Temper City,51,47,14,62,Self Aware|Temper City|46228
25/07/2026,48,Weight Up,Future,-,48,1,62,Weight Up|Future|46228
25/07/2026,49,Chicago,Michael Jackson,42,26,8,61,Chicago|Michael Jackson|46228
25/07/2026,50,Pop Dat Thang,DaBaby,45,26,24,60,Pop Dat Thang|DaBaby|46228
25/07/2026,51,Doors,Noah Kahan,63,9,12,59,Doors|Noah Kahan|46228
25/07/2026,52,Trench Coat,Future,-,52,1,57,Trench Coat|Future|46228
25/07/2026,53,Iloveitiloveitiloveit,Bella Kay,65,17,22,57,Iloveitiloveitiloveit|Bella Kay|46228
25/07/2026,54,No Misery,Future,-,54,1,57,No Misery|Future|46228
25/07/2026,55,2 Hard 4 The Radio,Drake,56,9,9,57,2 Hard 4 The Radio|Drake|46228
25/07/2026,56,Noble,F3miii,54,54,10,57,Noble|F3miii|46228
25/07/2026,57,Hit The Wall,Gracie Abrams,43,34,9,55,Hit The Wall|Gracie Abrams|46228
25/07/2026,58,Build A Bitch,Future,-,58,1,55,Build A Bitch|Future|46228
25/07/2026,59,Mexico Honey,Kacey Musgraves,61,59,7,55,Mexico Honey|Kacey Musgraves|46228
25/07/2026,60,Maggots For Brains,Olivia Rodrigo,48,12,5,54,Maggots For Brains|Olivia Rodrigo|46228
25/07/2026,61,Ran To Atlanta,Drake Featuring Future & Molly Santana,53,2,9,53,Ran To Atlanta|Drake Featuring Future & Molly Santana|46228
25/07/2026,62,misery.,pupsies,80,62,2,53,misery.|pupsies|46228
25/07/2026,63,Rubberz,Fenix Flexin,62,62,6,52,Rubberz|Fenix Flexin|46228
25/07/2026,64,Money Over Everything,Future,-,64,1,52,Money Over Everything|Future|46228
25/07/2026,65,Expectations,Olivia Rodrigo,57,20,5,52,Expectations|Olivia Rodrigo|46228
25/07/2026,66,Ghetto Love Story,BabyChiefDoit,71,66,2,52,Ghetto Love Story|BabyChiefDoit|46228
25/07/2026,67,My Body Isn't Ready,sombr,59,30,3,52,My Body Isn't Ready|sombr|46228
25/07/2026,68,Motion Party,BossMan Dlow,58,37,18,51,Motion Party|BossMan Dlow|46228
25/07/2026,69,Great Expectation,Sienna Spiro,91,69,2,51,Great Expectation|Sienna Spiro|46228
25/07/2026,70,Hate How You Look,Josh Ross,67,52,15,51,Hate How You Look|Josh Ross|46228
25/07/2026,71,Iconic By Mistake,"Le Sserafim, ILLIT & KATSEYE",60,38,5,50,"Iconic By Mistake|Le Sserafim, ILLIT & KATSEYE|46228"
25/07/2026,72,Raindance,Dave & Tems,75,49,24,50,Raindance|Dave & Tems|46228
25/07/2026,73,Willing And Able,Noah Kahan,81,26,12,49,Willing And Able|Noah Kahan|46228
25/07/2026,74,"Phone, Keys, Wallet",Lainey Wilson & John Mayer,98,74,6,48,"Phone, Keys, Wallet|Lainey Wilson & John Mayer|46228"
25/07/2026,75,Woman,Kane Brown,77,73,14,48,Woman|Kane Brown|46228
25/07/2026,76,Off The Hinge,Future,-,76,1,48,Off The Hinge|Future|46228
25/07/2026,77,Less,Olivia Rodrigo,72,21,5,48,Less|Olivia Rodrigo|46228
25/07/2026,78,What's Wrong With Me,Olivia Rodrigo & Robert Smith,64,17,5,48,What's Wrong With Me|Olivia Rodrigo & Robert Smith|46228
25/07/2026,79,Rethink Some Things,Luke Combs,87,46,16,46,Rethink Some Things|Luke Combs|46228
25/07/2026,80,Rein Me In,Sam Fender & Olivia Dean,90,64,17,46,Rein Me In|Sam Fender & Olivia Dean|46228
25/07/2026,81,McArthur,"HARDY, Eric Church, Morgan Wallen & Tim McGraw",76,31,24,46,"McArthur|HARDY, Eric Church, Morgan Wallen & Tim McGraw|46228"
25/07/2026,82,Whisper My Name,Drake,68,3,9,46,Whisper My Name|Drake|46228
25/07/2026,83,2018,Future,-,83,1,46,2018|Future|46228
25/07/2026,84,House Tour,Sabrina Carpenter,82,27,11,46,House Tour|Sabrina Carpenter|46228
25/07/2026,85,My Way,Olivia Rodrigo,69,15,5,46,My Way|Olivia Rodrigo|46228
25/07/2026,86,Bloodstream,Alyssa Grace,-,86,2,45,Bloodstream|Alyssa Grace|46228
25/07/2026,87,Chevy Silverado,Bailey Zimmerman,93,87,4,45,Chevy Silverado|Bailey Zimmerman|46228
25/07/2026,88,National Treasures,Drake,70,6,9,45,National Treasures|Drake|46228
25/07/2026,89,Mr. Know It All,Teddy Swims,92,76,13,44,Mr. Know It All|Teddy Swims|46228
25/07/2026,90,Begged,Olivia Rodrigo,74,16,5,44,Begged|Olivia Rodrigo|46228
25/07/2026,91,u + me = <3,Olivia Rodrigo,73,19,5,44,u + me = <3|Olivia Rodrigo|46228
25/07/2026,92,Look At My Life,Gracie Abrams,85,54,3,44,Look At My Life|Gracie Abrams|46228
25/07/2026,93,If I Could,Future,-,93,1,44,If I Could|Future|46228
25/07/2026,94,Think As You Drunk,Riley Green,-,91,3,43,Think As You Drunk|Riley Green|46228
25/07/2026,95,Speed Demon,Justin Bieber,86,66,6,43,Speed Demon|Justin Bieber|46228
25/07/2026,96,Damned If I Do,Vincent Mason,83,77,10,43,Damned If I Do|Vincent Mason|46228
25/07/2026,97,Kick,Future,-,97,1,43,Kick|Future|46228
25/07/2026,98,Eye To Eye,Future,-,98,1,42,Eye To Eye|Future|46228
25/07/2026,99,Carry On,Kenny Chesney,97,95,4,41,Carry On|Kenny Chesney|46228
25/07/2026,100,Swim,BTS,84,1,17,40,Swim|BTS|46228
18/07/2026,1,Choosin' Texas,Ella Langley,1,1,38,294,Choosin' Texas|Ella Langley|46221
18/07/2026,2,"I Knew It, I Knew You",Taylor Swift,2,1,5,201,"I Knew It, I Knew You|Taylor Swift|46221"
18/07/2026,3,Be Her,Ella Langley,3,2,21,172,Be Her|Ella Langley|46221
18/07/2026,4,I Can't Love You Anymore,Ella Langley & Morgan Wallen,6,4,11,162,I Can't Love You Anymore|Ella Langley & Morgan Wallen|46221
18/07/2026,5,Dracula,Tame Impala & JENNIE,8,5,41,160,Dracula|Tame Impala & JENNIE|46221
18/07/2026,6,Hate That I Made You Love Me,Ariana Grande,7,1,6,158,Hate That I Made You Love Me|Ariana Grande|46221
18/07/2026,7,I Just Might,Bruno Mars,10,1,26,156,I Just Might|Bruno Mars|46221
18/07/2026,8,Janice STFU,Drake,4,1,8,156,Janice STFU|Drake|46221
18/07/2026,9,So Easy (To Fall In Love),Olivia Dean,12,5,41,153,So Easy (To Fall In Love)|Olivia Dean|46221
18/07/2026,10,Man I Need,Olivia Dean,5,2,46,152,Man I Need|Olivia Dean|46221
18/07/2026,11,"Courtesy Of The Red, White And Blue (The Angry American)",Toby Keith,-,11,22,151,"Courtesy Of The Red, White And Blue (The Angry American)|Toby Keith|46221"
18/07/2026,12,Boston,Stella Lefty,13,12,14,150,Boston|Stella Lefty|46221
18/07/2026,13,Drop Dead,Olivia Rodrigo,9,1,12,138,Drop Dead|Olivia Rodrigo|46221
18/07/2026,14,Stupid Song,Olivia Rodrigo,11,3,4,135,Stupid Song|Olivia Rodrigo|46221
18/07/2026,15,Risk It All,Bruno Mars,14,4,19,131,Risk It All|Bruno Mars|46221
18/07/2026,16,Midnight Sun,Zara Larsson,17,16,25,114,Midnight Sun|Zara Larsson|46221
18/07/2026,17,Spend Dat,Yung Miami,19,17,7,111,Spend Dat|Yung Miami|46221
18/07/2026,18,Stateside,PinkPantheress With Zara Larsson,16,6,27,108,Stateside|PinkPantheress With Zara Larsson|46221
18/07/2026,19,Don't We,Morgan Wallen,21,19,22,107,Don't We|Morgan Wallen|46221
18/07/2026,20,Be By You,Luke Combs,20,12,21,106,Be By You|Luke Combs|46221
18/07/2026,21,Homewrecker,sombr,15,15,22,106,Homewrecker|sombr|46221
18/07/2026,22,Earrings,Malcolm Todd,22,22,19,103,Earrings|Malcolm Todd|46221
18/07/2026,23,The Cure,Olivia Rodrigo,18,5,7,94,The Cure|Olivia Rodrigo|46221
18/07/2026,24,Shabang,Drake,23,4,8,90,Shabang|Drake|46221
18/07/2026,25,Party In The U.S.A.,Miley Cyrus,-,2,30,89,Party In The U.S.A.|Miley Cyrus|46221
18/07/2026,26,Morning Dew (Donk),Beyonce,-,26,1,87,Morning Dew (Donk)|Beyonce|46221
18/07/2026,27,Babydoll,Dominic Fike,26,16,22,85,Babydoll|Dominic Fike|46221
18/07/2026,28,Die On This Hill,Sienna Spiro,33,19,29,82,Die On This Hill|Sienna Spiro|46221
18/07/2026,29,Cinderella,Mac Miller Featuring Ty Dolla $ign,25,25,9,80,Cinderella|Mac Miller Featuring Ty Dolla $ign|46221
18/07/2026,30,Sleepless In A Hotel Room,Luke Combs,27,11,26,77,Sleepless In A Hotel Room|Luke Combs|46221
18/07/2026,31,Sweet Home Alabama,Lynyrd Skynyrd,-,8,18,77,Sweet Home Alabama|Lynyrd Skynyrd|46221
18/07/2026,32,Chicken Fried,Zac Brown Band,-,20,26,77,Chicken Fried|Zac Brown Band|46221
18/07/2026,33,American Girls,Harry Styles,29,4,18,76,American Girls|Harry Styles|46221
18/07/2026,34,Honeybee,Olivia Rodrigo,24,9,4,75,Honeybee|Olivia Rodrigo|46221
18/07/2026,35,Don't Stop Believin',Journey,-,9,17,75,Don't Stop Believin'|Journey|46221
18/07/2026,36,Born In The U.S.A.,Bruce Springsteen,-,9,18,72,Born In The U.S.A.|Bruce Springsteen|46221
18/07/2026,37,E85,Don Toliver,28,15,23,70,E85|Don Toliver|46221
18/07/2026,38,Don't Tell On Me,Jason Aldean,36,36,13,69,Don't Tell On Me|Jason Aldean|46221
18/07/2026,39,What You Need,Tems,44,39,16,68,What You Need|Tems|46221
18/07/2026,40,Fever Dream,Alex Warren,53,21,19,66,Fever Dream|Alex Warren|46221
18/07/2026,41,"Take Me Home, Country Roads",John Denver With Fat City,-,2,24,66,"Take Me Home, Country Roads|John Denver With Fat City|46221"
18/07/2026,42,Chicago,Michael Jackson,32,26,7,64,Chicago|Michael Jackson|46221
18/07/2026,43,Hit The Wall,Gracie Abrams,34,34,8,62,Hit The Wall|Gracie Abrams|46221
18/07/2026,44,Fortunate Son,Creedence Clearwater Revival,-,14,5,62,Fortunate Son|Creedence Clearwater Revival|46221
18/07/2026,45,Pop Dat Thang,DaBaby,39,26,23,62,Pop Dat Thang|DaBaby|46221
18/07/2026,46,American Kids,Kenny Chesney,-,23,21,61,American Kids|Kenny Chesney|46221
18/07/2026,47,Freakin' Out,Dexter And The Moonrocks,37,33,16,60,Freakin' Out|Dexter And The Moonrocks|46221
18/07/2026,48,Maggots For Brains,Olivia Rodrigo,31,12,4,60,Maggots For Brains|Olivia Rodrigo|46221
18/07/2026,49,Change My Mind,Riley Green,41,24,23,60,Change My Mind|Riley Green|46221
18/07/2026,50,Loving Life Again,Ella Langley,43,21,16,60,Loving Life Again|Ella Langley|46221
18/07/2026,51,Self Aware,Temper City,57,51,13,59,Self Aware|Temper City|46221
18/07/2026,52,Orbiter,Noah Kahan,52,52,11,59,Orbiter|Noah Kahan|46221
18/07/2026,53,Ran To Atlanta,Drake Featuring Future & Molly Santana,38,2,8,58,Ran To Atlanta|Drake Featuring Future & Molly Santana|46221
18/07/2026,54,Noble,F3miii,61,54,9,58,Noble|F3miii|46221
18/07/2026,55,Dai Dai (FIFA World Cup Official Song 2026),Shakira X Burna Boy,67,55,4,58,Dai Dai (FIFA World Cup Official Song 2026)|Shakira X Burna Boy|46221
18/07/2026,56,2 Hard 4 The Radio,Drake,50,9,8,58,2 Hard 4 The Radio|Drake|46221
18/07/2026,57,Expectations,Olivia Rodrigo,35,20,4,57,Expectations|Olivia Rodrigo|46221
18/07/2026,58,Motion Party,BossMan Dlow,58,37,17,56,Motion Party|BossMan Dlow|46221
18/07/2026,59,My Body Isn't Ready,sombr,30,30,2,56,My Body Isn't Ready|sombr|46221
18/07/2026,60,Iconic By Mistake,"Le Sserafim, ILLIT & KATSEYE",49,38,4,56,"Iconic By Mistake|Le Sserafim, ILLIT & KATSEYE|46221"
18/07/2026,61,Mexico Honey,Kacey Musgraves,59,59,6,56,Mexico Honey|Kacey Musgraves|46221
18/07/2026,62,Rubberz,Fenix Flexin,71,62,5,55,Rubberz|Fenix Flexin|46221
18/07/2026,63,Doors,Noah Kahan,65,9,11,55,Doors|Noah Kahan|46221
18/07/2026,64,What's Wrong With Me,Olivia Rodrigo & Robert Smith,40,17,4,53,What's Wrong With Me|Olivia Rodrigo & Robert Smith|46221
18/07/2026,65,Iloveitiloveitiloveit,Bella Kay,63,17,21,53,Iloveitiloveitiloveit|Bella Kay|46221
18/07/2026,66,Something To Lose,Stella Lefty Featuring Vincent Mason,72,66,6,52,Something To Lose|Stella Lefty Featuring Vincent Mason|46221
18/07/2026,67,Hate How You Look,Josh Ross,62,52,14,51,Hate How You Look|Josh Ross|46221
18/07/2026,68,Whisper My Name,Drake,56,3,8,51,Whisper My Name|Drake|46221
18/07/2026,69,My Way,Olivia Rodrigo,42,15,4,51,My Way|Olivia Rodrigo|46221
18/07/2026,70,National Treasures,Drake,64,6,8,50,National Treasures|Drake|46221
18/07/2026,71,Ghetto Love Story,BabyChiefDoit,-,71,1,50,Ghetto Love Story|BabyChiefDoit|46221
18/07/2026,72,Less,Olivia Rodrigo,55,21,4,49,Less|Olivia Rodrigo|46221
18/07/2026,73,u + me = <3,Olivia Rodrigo,48,19,4,49,u + me = <3|Olivia Rodrigo|46221
18/07/2026,74,Begged,Olivia Rodrigo,51,16,4,49,Begged|Olivia Rodrigo|46221
18/07/2026,75,Raindance,Dave & Tems,66,49,23,48,Raindance|Dave & Tems|46221
18/07/2026,76,McArthur,"HARDY, Eric Church, Morgan Wallen & Tim McGraw",70,31,23,48,"McArthur|HARDY, Eric Church, Morgan Wallen & Tim McGraw|46221"
18/07/2026,77,Woman,Kane Brown,75,73,13,48,Woman|Kane Brown|46221
18/07/2026,78,Rocky Mountain Low,Corey Kent & Koe Wetzel,90,78,11,47,Rocky Mountain Low|Corey Kent & Koe Wetzel|46221
18/07/2026,79,My Way,Riley Green,77,70,9,45,My Way|Riley Green|46221
18/07/2026,80,misery.,pupsies,-,80,1,45,misery.|pupsies|46221
18/07/2026,81,Willing And Able,Noah Kahan,78,26,11,45,Willing And Able|Noah Kahan|46221
18/07/2026,82,House Tour,Sabrina Carpenter,82,27,10,43,House Tour|Sabrina Carpenter|46221
18/07/2026,83,Damned If I Do,Vincent Mason,81,77,9,42,Damned If I Do|Vincent Mason|46221
18/07/2026,84,Swim,BTS,76,1,16,42,Swim|BTS|46221
18/07/2026,85,Look At My Life,Gracie Abrams,54,54,2,41,Look At My Life|Gracie Abrams|46221
18/07/2026,86,Speed Demon,Justin Bieber,84,66,5,41,Speed Demon|Justin Bieber|46221
18/07/2026,87,Rethink Some Things,Luke Combs,85,46,15,41,Rethink Some Things|Luke Combs|46221
18/07/2026,88,Bottom Of Your Boots,Ella Langley,74,20,13,41,Bottom Of Your Boots|Ella Langley|46221
18/07/2026,89,I Want You,Cody Johnson,80,80,3,40,I Want You|Cody Johnson|46221
18/07/2026,90,Rein Me In,Sam Fender & Olivia Dean,83,64,16,40,Rein Me In|Sam Fender & Olivia Dean|46221
18/07/2026,91,Great Expectation,Sienna Spiro,-,91,1,40,Great Expectation|Sienna Spiro|46221
18/07/2026,92,Mr. Know It All,Teddy Swims,93,76,12,40,Mr. Know It All|Teddy Swims|46221
18/07/2026,93,Chevy Silverado,Bailey Zimmerman,92,89,3,40,Chevy Silverado|Bailey Zimmerman|46221
18/07/2026,94,Kingdom Of Fear,Cameron Whitcomb,97,94,4,39,Kingdom Of Fear|Cameron Whitcomb|46221
18/07/2026,95,The Time Of My Life,Benson Boone,60,60,2,39,The Time Of My Life|Benson Boone|46221
18/07/2026,96,White Keys,Dominic Fike,86,32,20,39,White Keys|Dominic Fike|46221
18/07/2026,97,Carry On,Kenny Chesney,95,95,3,38,Carry On|Kenny Chesney|46221
18/07/2026,98,"Phone, Keys, Wallet",Lainey Wilson & John Mayer,88,80,5,38,"Phone, Keys, Wallet|Lainey Wilson & John Mayer|46221"
18/07/2026,99,Cigarette Smoke,Olivia Rodrigo,73,27,4,38,Cigarette Smoke|Olivia Rodrigo|46221
18/07/2026,100,Turn This Truck Around,Jordan Davis,-,57,18,37,Turn This Truck Around|Jordan Davis|46221
11/07/2026,1,Choosin' Texas,Ella Langley,1,1,37,302,Choosin' Texas|Ella Langley|46214
11/07/2026,2,"I Knew It, I Knew You",Taylor Swift,2,1,4,213,"I Knew It, I Knew You|Taylor Swift|46214"
11/07/2026,3,Be Her,Ella Langley,3,2,20,194,Be Her|Ella Langley|46214
11/07/2026,4,Janice STFU,Drake,6,1,7,179,Janice STFU|Drake|46214
11/07/2026,5,Man I Need,Olivia Dean,8,2,45,168,Man I Need|Olivia Dean|46214
11/07/2026,6,I Can't Love You Anymore,Ella Langley & Morgan Wallen,9,6,10,166,I Can't Love You Anymore|Ella Langley & Morgan Wallen|46214
11/07/2026,7,Hate That I Made You Love Me,Ariana Grande,7,1,5,164,Hate That I Made You Love Me|Ariana Grande|46214
11/07/2026,8,Dracula,Tame Impala & JENNIE,10,8,40,161,Dracula|Tame Impala & JENNIE|46214
11/07/2026,9,Drop Dead,Olivia Rodrigo,5,1,11,157,Drop Dead|Olivia Rodrigo|46214
11/07/2026,10,I Just Might,Bruno Mars,12,1,25,156,I Just Might|Bruno Mars|46214
11/07/2026,11,Stupid Song,Olivia Rodrigo,4,3,3,156,Stupid Song|Olivia Rodrigo|46214
11/07/2026,12,So Easy (To Fall In Love),Olivia Dean,11,5,40,154,So Easy (To Fall In Love)|Olivia Dean|46214
11/07/2026,13,Boston,Stella Lefty,14,13,13,149,Boston|Stella Lefty|46214
11/07/2026,14,Risk It All,Bruno Mars,15,4,18,130,Risk It All|Bruno Mars|46214
11/07/2026,15,Homewrecker,sombr,16,15,21,124,Homewrecker|sombr|46214
11/07/2026,16,Stateside,PinkPantheress With Zara Larsson,17,6,26,114,Stateside|PinkPantheress With Zara Larsson|46214
11/07/2026,17,Midnight Sun,Zara Larsson,19,17,24,114,Midnight Sun|Zara Larsson|46214
11/07/2026,18,The Cure,Olivia Rodrigo,13,5,6,112,The Cure|Olivia Rodrigo|46214
11/07/2026,19,Spend Dat,Yung Miami,25,19,6,105,Spend Dat|Yung Miami|46214
11/07/2026,20,Be By You,Luke Combs,21,12,20,104,Be By You|Luke Combs|46214
11/07/2026,21,Don't We,Morgan Wallen,22,21,21,101,Don't We|Morgan Wallen|46214
11/07/2026,22,Earrings,Malcolm Todd,23,22,18,101,Earrings|Malcolm Todd|46214
11/07/2026,23,Shabang,Drake,20,4,7,100,Shabang|Drake|46214
11/07/2026,24,Honeybee,Olivia Rodrigo,18,9,3,92,Honeybee|Olivia Rodrigo|46214
11/07/2026,25,Cinderella,Mac Miller Featuring Ty Dolla $ign,26,25,8,87,Cinderella|Mac Miller Featuring Ty Dolla $ign|46214
11/07/2026,26,Babydoll,Dominic Fike,29,16,21,87,Babydoll|Dominic Fike|46214
11/07/2026,27,Sleepless In A Hotel Room,Luke Combs,32,11,25,81,Sleepless In A Hotel Room|Luke Combs|46214
11/07/2026,28,E85,Don Toliver,37,15,22,76,E85|Don Toliver|46214
11/07/2026,29,American Girls,Harry Styles,38,4,17,76,American Girls|Harry Styles|46214
11/07/2026,30,My Body Isn't Ready,sombr,-,30,1,75,My Body Isn't Ready|sombr|46214
11/07/2026,31,Maggots For Brains,Olivia Rodrigo,24,12,3,74,Maggots For Brains|Olivia Rodrigo|46214
11/07/2026,32,Chicago,Michael Jackson,36,26,6,73,Chicago|Michael Jackson|46214
11/07/2026,33,Die On This Hill,Sienna Spiro,40,19,28,72,Die On This Hill|Sienna Spiro|46214
11/07/2026,34,Hit The Wall,Gracie Abrams,49,34,7,71,Hit The Wall|Gracie Abrams|46214
11/07/2026,35,Expectations,Olivia Rodrigo,27,20,3,71,Expectations|Olivia Rodrigo|46214
11/07/2026,36,Don't Tell On Me,Jason Aldean,47,36,12,69,Don't Tell On Me|Jason Aldean|46214
11/07/2026,37,Freakin' Out,Dexter And The Moonrocks,41,33,15,68,Freakin' Out|Dexter And The Moonrocks|46214
11/07/2026,38,Ran To Atlanta,Drake Featuring Future & Molly Santana,39,2,7,67,Ran To Atlanta|Drake Featuring Future & Molly Santana|46214
11/07/2026,39,Pop Dat Thang,DaBaby,42,26,22,67,Pop Dat Thang|DaBaby|46214
11/07/2026,40,What's Wrong With Me,Olivia Rodrigo & Robert Smith,30,17,3,66,What's Wrong With Me|Olivia Rodrigo & Robert Smith|46214
11/07/2026,41,Change My Mind,Riley Green,46,24,22,66,Change My Mind|Riley Green|46214
11/07/2026,42,My Way,Olivia Rodrigo,28,15,3,66,My Way|Olivia Rodrigo|46214
11/07/2026,43,Loving Life Again,Ella Langley,35,21,15,65,Loving Life Again|Ella Langley|46214
11/07/2026,44,What You Need,Tems,61,44,15,65,What You Need|Tems|46214
11/07/2026,45,Beautiful Things,Megan Moroney,62,32,31,65,Beautiful Things|Megan Moroney|46214
11/07/2026,46,Human Nature,Michael Jackson,45,7,23,63,Human Nature|Michael Jackson|46214
11/07/2026,47,The Great Divide,Noah Kahan,44,6,22,63,The Great Divide|Noah Kahan|46214
11/07/2026,48,u + me = <3,Olivia Rodrigo,33,19,3,62,u + me = <3|Olivia Rodrigo|46214
11/07/2026,49,Iconic By Mistake,"Le Sserafim, ILLIT & KATSEYE",43,38,3,62,"Iconic By Mistake|Le Sserafim, ILLIT & KATSEYE|46214"
11/07/2026,50,2 Hard 4 The Radio,Drake,51,9,7,62,2 Hard 4 The Radio|Drake|46214
11/07/2026,51,Begged,Olivia Rodrigo,31,16,3,62,Begged|Olivia Rodrigo|46214
11/07/2026,52,Orbiter,Noah Kahan,57,52,10,62,Orbiter|Noah Kahan|46214
11/07/2026,53,Fever Dream,Alex Warren,56,21,18,61,Fever Dream|Alex Warren|46214
11/07/2026,54,Look At My Life,Gracie Abrams,-,54,1,61,Look At My Life|Gracie Abrams|46214
11/07/2026,55,Less,Olivia Rodrigo,34,21,3,61,Less|Olivia Rodrigo|46214
11/07/2026,56,Whisper My Name,Drake,48,3,7,60,Whisper My Name|Drake|46214
11/07/2026,57,Self Aware,Temper City,60,57,12,59,Self Aware|Temper City|46214
11/07/2026,58,Motion Party,BossMan Dlow,53,37,16,59,Motion Party|BossMan Dlow|46214
11/07/2026,59,Mexico Honey,Kacey Musgraves,59,59,5,58,Mexico Honey|Kacey Musgraves|46214
11/07/2026,60,The Time Of My Life,Benson Boone,-,60,1,58,The Time Of My Life|Benson Boone|46214
11/07/2026,61,Noble,F3miii,70,61,8,58,Noble|F3miii|46214
11/07/2026,62,Hate How You Look,Josh Ross,52,52,13,58,Hate How You Look|Josh Ross|46214
11/07/2026,63,Iloveitiloveitiloveit,Bella Kay,58,17,20,57,Iloveitiloveitiloveit|Bella Kay|46214
11/07/2026,64,National Treasures,Drake,55,6,7,57,National Treasures|Drake|46214
11/07/2026,65,Doors,Noah Kahan,64,9,10,55,Doors|Noah Kahan|46214
11/07/2026,66,Raindance,Dave & Tems,65,49,22,52,Raindance|Dave & Tems|46214
11/07/2026,67,Dai Dai (FIFA World Cup Official Song 2026),Shakira X Burna Boy,74,67,3,52,Dai Dai (FIFA World Cup Official Song 2026)|Shakira X Burna Boy|46214
11/07/2026,68,Radio,Future,-,68,1,52,Radio|Future|46214
11/07/2026,69,Piece Of Your Love,Rod Wave,-,69,1,52,Piece Of Your Love|Rod Wave|46214
11/07/2026,70,McArthur,"HARDY, Eric Church, Morgan Wallen & Tim McGraw",69,31,22,50,"McArthur|HARDY, Eric Church, Morgan Wallen & Tim McGraw|46214"
11/07/2026,71,Rubberz,Fenix Flexin,66,63,4,49,Rubberz|Fenix Flexin|46214
11/07/2026,72,Something To Lose,Stella Lefty Featuring Vincent Mason,67,67,5,49,Something To Lose|Stella Lefty Featuring Vincent Mason|46214
11/07/2026,73,Cigarette Smoke,Olivia Rodrigo,50,27,3,48,Cigarette Smoke|Olivia Rodrigo|46214
11/07/2026,74,Bottom Of Your Boots,Ella Langley,72,20,12,48,Bottom Of Your Boots|Ella Langley|46214
11/07/2026,75,Woman,Kane Brown,73,73,12,47,Woman|Kane Brown|46214
11/07/2026,76,Swim,BTS,63,1,15,47,Swim|BTS|46214
11/07/2026,77,My Way,Riley Green,75,70,8,46,My Way|Riley Green|46214
11/07/2026,78,Willing And Able,Noah Kahan,71,26,10,46,Willing And Able|Noah Kahan|46214
11/07/2026,79,Purple,Olivia Rodrigo,54,25,3,45,Purple|Olivia Rodrigo|46214
11/07/2026,80,I Want You,Cody Johnson,-,80,2,45,I Want You|Cody Johnson|46214
11/07/2026,81,Damned If I Do,Vincent Mason,77,77,8,45,Damned If I Do|Vincent Mason|46214
11/07/2026,82,House Tour,Sabrina Carpenter,68,27,9,43,House Tour|Sabrina Carpenter|46214
11/07/2026,83,Rein Me In,Sam Fender & Olivia Dean,81,64,15,43,Rein Me In|Sam Fender & Olivia Dean|46214
11/07/2026,84,Speed Demon,Justin Bieber,92,66,4,43,Speed Demon|Justin Bieber|46214
11/07/2026,85,Rethink Some Things,Luke Combs,80,46,14,42,Rethink Some Things|Luke Combs|46214
11/07/2026,86,White Keys,Dominic Fike,79,32,19,41,White Keys|Dominic Fike|46214
11/07/2026,87,Is It Cool?,Steve Lacy Featuring SZA,-,87,1,41,Is It Cool?|Steve Lacy Featuring SZA|46214
11/07/2026,88,"Phone, Keys, Wallet",Lainey Wilson & John Mayer,82,80,4,40,"Phone, Keys, Wallet|Lainey Wilson & John Mayer|46214"
11/07/2026,89,Plot Twist,Drake,76,11,7,40,Plot Twist|Drake|46214
11/07/2026,90,Rocky Mountain Low,Corey Kent & Koe Wetzel,85,84,10,39,Rocky Mountain Low|Corey Kent & Koe Wetzel|46214
11/07/2026,91,B's On The Table,Drake Featuring 21 Savage,78,12,7,39,B's On The Table|Drake Featuring 21 Savage|46214
11/07/2026,92,Chevy Silverado,Bailey Zimmerman,89,89,2,39,Chevy Silverado|Bailey Zimmerman|46214
11/07/2026,93,Mr. Know It All,Teddy Swims,84,76,11,39,Mr. Know It All|Teddy Swims|46214
11/07/2026,94,Cowgirl,Shaboozey,-,94,2,38,Cowgirl|Shaboozey|46214
11/07/2026,95,Carry On,Kenny Chesney,100,95,2,37,Carry On|Kenny Chesney|46214
11/07/2026,96,Empty Words,Corey Kent,93,93,5,36,Empty Words|Corey Kent|46214
11/07/2026,97,Kingdom Of Fear,Cameron Whitcomb,96,96,3,36,Kingdom Of Fear|Cameron Whitcomb|46214
11/07/2026,98,What Did I Miss?,Drake,83,2,19,36,What Did I Miss?|Drake|46214
11/07/2026,99,No Need For Leavin',Kameron Marlowe,-,99,1,36,No Need For Leavin'|Kameron Marlowe|46214
11/07/2026,100,I'm Spent,Drake Featuring Loe Shimmy,88,34,7,35,I'm Spent|Drake Featuring Loe Shimmy|46214
04/07/2026,1,Choosin' Texas,Ella Langley,2,1,36,294,Choosin' Texas|Ella Langley|46207
04/07/2026,2,"I Knew It, I Knew You",Taylor Swift,1,1,3,250,"I Knew It, I Knew You|Taylor Swift|46207"
04/07/2026,3,Be Her,Ella Langley,5,2,19,202,Be Her|Ella Langley|46207
04/07/2026,4,Stupid Song,Olivia Rodrigo,3,3,2,184,Stupid Song|Olivia Rodrigo|46207
04/07/2026,5,Drop Dead,Olivia Rodrigo,4,1,10,181,Drop Dead|Olivia Rodrigo|46207
04/07/2026,6,Janice STFU,Drake,7,1,6,179,Janice STFU|Drake|46207
04/07/2026,7,Hate That I Made You Love Me,Ariana Grande,8,1,4,172,Hate That I Made You Love Me|Ariana Grande|46207
04/07/2026,8,Man I Need,Olivia Dean,10,2,44,161,Man I Need|Olivia Dean|46207
04/07/2026,9,I Can't Love You Anymore,Ella Langley & Morgan Wallen,14,7,9,159,I Can't Love You Anymore|Ella Langley & Morgan Wallen|46207
04/07/2026,10,Dracula,Tame Impala & JENNIE,18,10,39,156,Dracula|Tame Impala & JENNIE|46207
04/07/2026,11,So Easy (To Fall In Love),Olivia Dean,13,5,39,156,So Easy (To Fall In Love)|Olivia Dean|46207
04/07/2026,12,I Just Might,Bruno Mars,11,1,24,154,I Just Might|Bruno Mars|46207
04/07/2026,13,The Cure,Olivia Rodrigo,6,5,5,145,The Cure|Olivia Rodrigo|46207
04/07/2026,14,Boston,Stella Lefty,22,14,12,139,Boston|Stella Lefty|46207
04/07/2026,15,Risk It All,Bruno Mars,23,4,17,129,Risk It All|Bruno Mars|46207
04/07/2026,16,Homewrecker,sombr,28,16,20,123,Homewrecker|sombr|46207
04/07/2026,17,Stateside,PinkPantheress With Zara Larsson,24,6,25,120,Stateside|PinkPantheress With Zara Larsson|46207
04/07/2026,18,Honeybee,Olivia Rodrigo,9,9,2,117,Honeybee|Olivia Rodrigo|46207
04/07/2026,19,Midnight Sun,Zara Larsson,29,19,23,116,Midnight Sun|Zara Larsson|46207
04/07/2026,20,Shabang,Drake,26,4,6,107,Shabang|Drake|46207
04/07/2026,21,Be By You,Luke Combs,31,12,19,103,Be By You|Luke Combs|46207
04/07/2026,22,Don't We,Morgan Wallen,32,22,20,101,Don't We|Morgan Wallen|46207
04/07/2026,23,Earrings,Malcolm Todd,30,22,17,100,Earrings|Malcolm Todd|46207
04/07/2026,24,Maggots For Brains,Olivia Rodrigo,12,12,2,98,Maggots For Brains|Olivia Rodrigo|46207
04/07/2026,25,Spend Dat,Yung Miami,35,25,5,97,Spend Dat|Yung Miami|46207
04/07/2026,26,Cinderella,Mac Miller Featuring Ty Dolla $ign,33,26,7,94,Cinderella|Mac Miller Featuring Ty Dolla $ign|46207
04/07/2026,27,Expectations,Olivia Rodrigo,20,20,2,94,Expectations|Olivia Rodrigo|46207
04/07/2026,28,My Way,Olivia Rodrigo,15,15,2,90,My Way|Olivia Rodrigo|46207
04/07/2026,29,Babydoll,Dominic Fike,34,16,20,89,Babydoll|Dominic Fike|46207
04/07/2026,30,What's Wrong With Me,Olivia Rodrigo & Robert Smith,17,17,2,88,What's Wrong With Me|Olivia Rodrigo & Robert Smith|46207
04/07/2026,31,Begged,Olivia Rodrigo,16,16,2,86,Begged|Olivia Rodrigo|46207
04/07/2026,32,Sleepless In A Hotel Room,Luke Combs,39,11,24,86,Sleepless In A Hotel Room|Luke Combs|46207
04/07/2026,33,u + me = <3,Olivia Rodrigo,19,19,2,85,u + me = <3|Olivia Rodrigo|46207
04/07/2026,34,Less,Olivia Rodrigo,21,21,2,83,Less|Olivia Rodrigo|46207
04/07/2026,35,Loving Life Again,Ella Langley,42,21,14,80,Loving Life Again|Ella Langley|46207
04/07/2026,36,Chicago,Michael Jackson,37,26,5,80,Chicago|Michael Jackson|46207
04/07/2026,37,E85,Don Toliver,40,15,21,78,E85|Don Toliver|46207
04/07/2026,38,American Girls,Harry Styles,46,4,16,76,American Girls|Harry Styles|46207
04/07/2026,39,Ran To Atlanta,Drake Featuring Future & Molly Santana,36,2,6,76,Ran To Atlanta|Drake Featuring Future & Molly Santana|46207
04/07/2026,40,Die On This Hill,Sienna Spiro,52,19,27,72,Die On This Hill|Sienna Spiro|46207
04/07/2026,41,Freakin' Out,Dexter And The Moonrocks,48,33,14,71,Freakin' Out|Dexter And The Moonrocks|46207
04/07/2026,42,Pop Dat Thang,DaBaby,43,26,21,70,Pop Dat Thang|DaBaby|46207
04/07/2026,43,Iconic By Mistake,"Le Sserafim, ILLIT & KATSEYE",38,38,2,69,"Iconic By Mistake|Le Sserafim, ILLIT & KATSEYE|46207"
04/07/2026,44,The Great Divide,Noah Kahan,50,6,21,69,The Great Divide|Noah Kahan|46207
04/07/2026,45,Human Nature,Michael Jackson,47,7,22,69,Human Nature|Michael Jackson|46207
04/07/2026,46,Change My Mind,Riley Green,49,24,21,68,Change My Mind|Riley Green|46207
04/07/2026,47,Don't Tell On Me,Jason Aldean,53,47,11,68,Don't Tell On Me|Jason Aldean|46207
04/07/2026,48,Whisper My Name,Drake,41,3,6,68,Whisper My Name|Drake|46207
04/07/2026,49,Hit The Wall,Gracie Abrams,54,42,6,68,Hit The Wall|Gracie Abrams|46207
04/07/2026,50,Cigarette Smoke,Olivia Rodrigo,27,27,2,67,Cigarette Smoke|Olivia Rodrigo|46207
04/07/2026,51,2 Hard 4 The Radio,Drake,45,9,6,66,2 Hard 4 The Radio|Drake|46207
04/07/2026,52,Hate How You Look,Josh Ross,57,52,12,65,Hate How You Look|Josh Ross|46207
04/07/2026,53,Motion Party,BossMan Dlow,51,37,15,65,Motion Party|BossMan Dlow|46207
04/07/2026,54,Purple,Olivia Rodrigo,25,25,2,64,Purple|Olivia Rodrigo|46207
04/07/2026,55,National Treasures,Drake,44,6,6,64,National Treasures|Drake|46207
04/07/2026,56,Fever Dream,Alex Warren,56,21,17,63,Fever Dream|Alex Warren|46207
04/07/2026,57,Orbiter,Noah Kahan,59,56,9,61,Orbiter|Noah Kahan|46207
04/07/2026,58,Iloveitiloveitiloveit,Bella Kay,58,17,19,59,Iloveitiloveitiloveit|Bella Kay|46207
04/07/2026,59,Mexico Honey,Kacey Musgraves,61,59,4,58,Mexico Honey|Kacey Musgraves|46207
04/07/2026,60,Self Aware,Temper City,64,60,11,58,Self Aware|Temper City|46207
04/07/2026,61,What You Need,Tems,62,53,14,58,What You Need|Tems|46207
04/07/2026,62,Beautiful Things,Megan Moroney,66,32,30,56,Beautiful Things|Megan Moroney|46207
04/07/2026,63,Swim,BTS,55,1,14,54,Swim|BTS|46207
04/07/2026,64,Doors,Noah Kahan,60,9,9,53,Doors|Noah Kahan|46207
04/07/2026,65,Raindance,Dave & Tems,71,49,21,51,Raindance|Dave & Tems|46207
04/07/2026,66,Rubberz,Fenix Flexin,63,63,3,51,Rubberz|Fenix Flexin|46207
04/07/2026,67,Something To Lose,Stella Lefty Featuring Vincent Mason,72,67,4,50,Something To Lose|Stella Lefty Featuring Vincent Mason|46207
04/07/2026,68,House Tour,Sabrina Carpenter,89,27,8,49,House Tour|Sabrina Carpenter|46207
04/07/2026,69,McArthur,"HARDY, Eric Church, Morgan Wallen & Tim McGraw",73,31,21,48,"McArthur|HARDY, Eric Church, Morgan Wallen & Tim McGraw|46207"
04/07/2026,70,Noble,F3miii,74,67,7,49,Noble|F3miii|46207
04/07/2026,71,Willing And Able,Noah Kahan,76,26,9,47,Willing And Able|Noah Kahan|46207
04/07/2026,72,Bottom Of Your Boots,Ella Langley,77,20,11,47,Bottom Of Your Boots|Ella Langley|46207
04/07/2026,73,Woman,Kane Brown,82,73,11,46,Woman|Kane Brown|46207
04/07/2026,74,Dai Dai (FIFA World Cup Official Song 2026),Shakira X Burna Boy,75,74,2,46,Dai Dai (FIFA World Cup Official Song 2026)|Shakira X Burna Boy|46207
04/07/2026,75,My Way,Riley Green,81,70,7,46,My Way|Riley Green|46207
04/07/2026,76,Plot Twist,Drake,65,11,6,46,Plot Twist|Drake|46207
04/07/2026,77,Damned If I Do,Vincent Mason,88,77,7,45,Damned If I Do|Vincent Mason|46207
04/07/2026,78,B's On The Table,Drake Featuring 21 Savage,70,12,6,45,B's On The Table|Drake Featuring 21 Savage|46207
04/07/2026,79,White Keys,Dominic Fike,79,32,18,44,White Keys|Dominic Fike|46207
04/07/2026,80,Rethink Some Things,Luke Combs,84,46,13,43,Rethink Some Things|Luke Combs|46207
04/07/2026,81,Rein Me In,Sam Fender & Olivia Dean,87,64,14,42,Rein Me In|Sam Fender & Olivia Dean|46207
04/07/2026,82,"Phone, Keys, Wallet",Lainey Wilson & John Mayer,91,80,3,41,"Phone, Keys, Wallet|Lainey Wilson & John Mayer|46207"
04/07/2026,83,What Did I Miss?,Drake,78,2,18,40,What Did I Miss?|Drake|46207
04/07/2026,84,Mr. Know It All,Teddy Swims,96,76,10,39,Mr. Know It All|Teddy Swims|46207
04/07/2026,85,Rocky Mountain Low,Corey Kent & Koe Wetzel,99,84,9,38,Rocky Mountain Low|Corey Kent & Koe Wetzel|46207
04/07/2026,86,Sunburn,Tucker Wetmore,95,86,4,38,Sunburn|Tucker Wetmore|46207
04/07/2026,87,Burning Bridges,Drake,86,13,6,38,Burning Bridges|Drake|46207
04/07/2026,88,I'm Spent,Drake Featuring Loe Shimmy,85,34,6,38,I'm Spent|Drake Featuring Loe Shimmy|46207
04/07/2026,89,Chevy Silverado,Bailey Zimmerman,-,89,1,38,Chevy Silverado|Bailey Zimmerman|46207
04/07/2026,90,Dust,Drake,80,8,6,38,Dust|Drake|46207
04/07/2026,91,Make Them Pay,Drake,83,10,6,37,Make Them Pay|Drake|46207
04/07/2026,92,Speed Demon,Justin Bieber,-,66,3,37,Speed Demon|Justin Bieber|46207
04/07/2026,93,Empty Words,Corey Kent,100,93,4,36,Empty Words|Corey Kent|46207
04/07/2026,94,Turn This Truck Around,Jordan Davis,92,57,17,36,Turn This Truck Around|Jordan Davis|46207
04/07/2026,95,In My Room,Julia Wolf,-,57,11,36,In My Room|Julia Wolf|46207
04/07/2026,96,Kingdom Of Fear,Cameron Whitcomb,-,96,2,36,Kingdom Of Fear|Cameron Whitcomb|46207
04/07/2026,97,Pinky Up,KATSEYE,94,28,10,35,Pinky Up|KATSEYE|46207
04/07/2026,98,Ever Since U Left Me (I Went Deaf),French Montana & Max B,90,82,11,35,Ever Since U Left Me (I Went Deaf)|French Montana & Max B|46207
04/07/2026,99,Porch Light,Noah Kahan,97,20,15,34,Porch Light|Noah Kahan|46207
04/07/2026,100,Carry On,Kenny Chesney,-,100,1,34,Carry On|Kenny Chesney|46207
27/06/2026,1,"I Knew It, I Knew You",Taylor Swift,1,1,2,403,"I Knew It, I Knew You|Taylor Swift|46200"
27/06/2026,2,Choosin' Texas,Ella Langley,2,1,35,293,Choosin' Texas|Ella Langley|46200
27/06/2026,3,Stupid Song,Olivia Rodrigo,-,3,1,274,Stupid Song|Olivia Rodrigo|46200
27/06/2026,4,Drop Dead,Olivia Rodrigo,13,1,9,239,Drop Dead|Olivia Rodrigo|46200
27/06/2026,5,Be Her,Ella Langley,4,2,18,214,Be Her|Ella Langley|46200
27/06/2026,6,The Cure,Olivia Rodrigo,17,5,4,209,The Cure|Olivia Rodrigo|46200
27/06/2026,7,Janice STFU,Drake,3,1,5,194,Janice STFU|Drake|46200
27/06/2026,8,Hate That I Made You Love Me,Ariana Grande,5,1,3,187,Hate That I Made You Love Me|Ariana Grande|46200
27/06/2026,9,Honeybee,Olivia Rodrigo,-,9,1,186,Honeybee|Olivia Rodrigo|46200
27/06/2026,10,Man I Need,Olivia Dean,7,2,43,164,Man I Need|Olivia Dean|46200
27/06/2026,11,I Just Might,Bruno Mars,6,1,23,163,I Just Might|Bruno Mars|46200
27/06/2026,12,Maggots For Brains,Olivia Rodrigo,-,12,1,163,Maggots For Brains|Olivia Rodrigo|46200
27/06/2026,13,So Easy (To Fall In Love),Olivia Dean,8,5,38,160,So Easy (To Fall In Love)|Olivia Dean|46200
27/06/2026,14,I Can't Love You Anymore,Ella Langley & Morgan Wallen,9,7,8,156,I Can't Love You Anymore|Ella Langley & Morgan Wallen|46200
27/06/2026,15,My Way,Olivia Rodrigo,-,15,1,153,My Way|Olivia Rodrigo|46200
27/06/2026,16,Begged,Olivia Rodrigo,-,16,1,152,Begged|Olivia Rodrigo|46200
27/06/2026,17,What's Wrong With Me,Olivia Rodrigo & Robert Smith,-,17,1,152,What's Wrong With Me|Olivia Rodrigo & Robert Smith|46200
27/06/2026,18,Dracula,Tame Impala & JENNIE,10,10,38,149,Dracula|Tame Impala & JENNIE|46200
27/06/2026,19,u + me = <3,Olivia Rodrigo,-,19,1,147,u + me = <3|Olivia Rodrigo|46200
27/06/2026,20,Expectations,Olivia Rodrigo,-,20,1,145,Expectations|Olivia Rodrigo|46200
27/06/2026,21,Less,Olivia Rodrigo,-,21,1,141,Less|Olivia Rodrigo|46200
27/06/2026,22,Boston,Stella Lefty,14,14,11,136,Boston|Stella Lefty|46200
27/06/2026,23,Risk It All,Bruno Mars,12,4,16,131,Risk It All|Bruno Mars|46200
27/06/2026,24,Stateside,PinkPantheress With Zara Larsson,15,6,24,126,Stateside|PinkPantheress With Zara Larsson|46200
27/06/2026,25,Purple,Olivia Rodrigo,-,25,1,122,Purple|Olivia Rodrigo|46200
27/06/2026,26,Shabang,Drake,11,4,5,118,Shabang|Drake|46200
27/06/2026,27,Cigarette Smoke,Olivia Rodrigo,-,27,1,116,Cigarette Smoke|Olivia Rodrigo|46200
27/06/2026,28,Homewrecker,sombr,19,19,19,115,Homewrecker|sombr|46200
27/06/2026,29,Midnight Sun,Zara Larsson,20,20,22,114,Midnight Sun|Zara Larsson|46200
27/06/2026,30,Earrings,Malcolm Todd,22,22,16,106,Earrings|Malcolm Todd|46200
27/06/2026,31,Be By You,Luke Combs,25,12,18,98,Be By You|Luke Combs|46200
27/06/2026,32,Don't We,Morgan Wallen,33,32,19,96,Don't We|Morgan Wallen|46200
27/06/2026,33,Cinderella,Mac Miller Featuring Ty Dolla $ign,31,31,6,96,Cinderella|Mac Miller Featuring Ty Dolla $ign|46200
27/06/2026,34,Babydoll,Dominic Fike,28,16,19,91,Babydoll|Dominic Fike|46200
27/06/2026,35,Spend Dat,Yung Miami,34,34,4,90,Spend Dat|Yung Miami|46200
27/06/2026,36,Ran To Atlanta,Drake Featuring Future & Molly Santana,21,2,5,89,Ran To Atlanta|Drake Featuring Future & Molly Santana|46200
27/06/2026,37,Chicago,Michael Jackson,27,26,4,87,Chicago|Michael Jackson|46200
27/06/2026,38,Iconic By Mistake,"Le Sserafim, ILLIT & KATSEYE",-,38,1,86,"Iconic By Mistake|Le Sserafim, ILLIT & KATSEYE|46200"
27/06/2026,39,Sleepless In A Hotel Room,Luke Combs,29,11,23,85,Sleepless In A Hotel Room|Luke Combs|46200
27/06/2026,40,E85,Don Toliver,32,15,20,84,E85|Don Toliver|46200
27/06/2026,41,Whisper My Name,Drake,23,3,5,81,Whisper My Name|Drake|46200
27/06/2026,42,Loving Life Again,Ella Langley,35,21,13,78,Loving Life Again|Ella Langley|46200
27/06/2026,43,Pop Dat Thang,DaBaby,36,26,20,77,Pop Dat Thang|DaBaby|46200
27/06/2026,44,National Treasures,Drake,26,6,5,75,National Treasures|Drake|46200
27/06/2026,45,2 Hard 4 The Radio,Drake,30,9,5,75,2 Hard 4 The Radio|Drake|46200
27/06/2026,46,American Girls,Harry Styles,39,4,15,74,American Girls|Harry Styles|46200
27/06/2026,47,Human Nature,Michael Jackson,37,7,21,74,Human Nature|Michael Jackson|46200
27/06/2026,48,Freakin' Out,Dexter And The Moonrocks,40,33,13,73,Freakin' Out|Dexter And The Moonrocks|46200
27/06/2026,49,Change My Mind,Riley Green,24,24,20,72,Change My Mind|Riley Green|46200
27/06/2026,50,The Great Divide,Noah Kahan,41,6,20,72,The Great Divide|Noah Kahan|46200
27/06/2026,51,Motion Party,BossMan Dlow,38,37,14,70,Motion Party|BossMan Dlow|46200
27/06/2026,52,Die On This Hill,Sienna Spiro,44,19,26,69,Die On This Hill|Sienna Spiro|46200
27/06/2026,53,Don't Tell On Me,Jason Aldean,51,51,10,67,Don't Tell On Me|Jason Aldean|46200
27/06/2026,54,Hit The Wall,Gracie Abrams,42,42,5,66,Hit The Wall|Gracie Abrams|46200
27/06/2026,55,Swim,BTS,43,1,13,66,Swim|BTS|46200
27/06/2026,56,Fever Dream,Alex Warren,50,21,16,64,Fever Dream|Alex Warren|46200
27/06/2026,57,Hate How You Look,Josh Ross,55,55,11,63,Hate How You Look|Josh Ross|46200
27/06/2026,58,Iloveitiloveitiloveit,Bella Kay,49,17,18,61,Iloveitiloveitiloveit|Bella Kay|46200
27/06/2026,59,Orbiter,Noah Kahan,69,56,8,59,Orbiter|Noah Kahan|46200
27/06/2026,60,Doors,Noah Kahan,57,9,8,59,Doors|Noah Kahan|46200
27/06/2026,61,Mexico Honey,Kacey Musgraves,68,61,3,58,Mexico Honey|Kacey Musgraves|46200
27/06/2026,62,What You Need,Tems,53,53,13,57,What You Need|Tems|46200
27/06/2026,63,Rubberz,Fenix Flexin,66,63,2,57,Rubberz|Fenix Flexin|46200
27/06/2026,64,Self Aware,Temper City,64,64,10,56,Self Aware|Temper City|46200
27/06/2026,65,Plot Twist,Drake,45,11,5,54,Plot Twist|Drake|46200
27/06/2026,66,Beautiful Things,Megan Moroney,62,32,29,54,Beautiful Things|Megan Moroney|46200
27/06/2026,67,Dandelion,Ella Langley,59,27,20,54,Dandelion|Ella Langley|46200
27/06/2026,68,Body,Don Toliver,56,14,20,53,Body|Don Toliver|46200
27/06/2026,69,Come Over,BTS,-,69,1,53,Come Over|BTS|46200
27/06/2026,70,B's On The Table,Drake Featuring 21 Savage,48,12,5,52,B's On The Table|Drake Featuring 21 Savage|46200
27/06/2026,71,Raindance,Dave & Tems,65,49,20,51,Raindance|Dave & Tems|46200
27/06/2026,72,Something To Lose,Stella Lefty Featuring Vincent Mason,76,72,3,51,Something To Lose|Stella Lefty Featuring Vincent Mason|46200
27/06/2026,73,McArthur,"HARDY, Eric Church, Morgan Wallen & Tim McGraw",74,31,20,48,"McArthur|HARDY, Eric Church, Morgan Wallen & Tim McGraw|46200"
27/06/2026,74,Noble,F3miii,67,67,6,48,Noble|F3miii|46200
27/06/2026,75,Dai Dai (FIFA World Cup Official Song 2026),Shakira X Burna Boy,-,75,1,47,Dai Dai (FIFA World Cup Official Song 2026)|Shakira X Burna Boy|46200
27/06/2026,76,Willing And Able,Noah Kahan,91,26,8,47,Willing And Able|Noah Kahan|46200
27/06/2026,77,Bottom Of Your Boots,Ella Langley,71,20,10,47,Bottom Of Your Boots|Ella Langley|46200
27/06/2026,78,What Did I Miss?,Drake,60,2,17,47,What Did I Miss?|Drake|46200
27/06/2026,79,White Keys,Dominic Fike,70,32,17,46,White Keys|Dominic Fike|46200
27/06/2026,80,Dust,Drake,52,8,5,46,Dust|Drake|46200
27/06/2026,81,My Way,Riley Green,77,70,6,46,My Way|Riley Green|46200
27/06/2026,82,Woman,Kane Brown,78,75,10,46,Woman|Kane Brown|46200
27/06/2026,83,Make Them Pay,Drake,54,10,5,45,Make Them Pay|Drake|46200
27/06/2026,84,Rethink Some Things,Luke Combs,83,46,12,44,Rethink Some Things|Luke Combs|46200
27/06/2026,85,I'm Spent,Drake Featuring Loe Shimmy,63,34,5,44,I'm Spent|Drake Featuring Loe Shimmy|46200
27/06/2026,86,Burning Bridges,Drake,61,13,5,44,Burning Bridges|Drake|46200
27/06/2026,87,Rein Me In,Sam Fender & Olivia Dean,84,64,13,43,Rein Me In|Sam Fender & Olivia Dean|46200
27/06/2026,88,Damned If I Do,Vincent Mason,88,88,6,43,Damned If I Do|Vincent Mason|46200
27/06/2026,89,House Tour,Sabrina Carpenter,87,27,7,43,House Tour|Sabrina Carpenter|46200
27/06/2026,90,Ever Since U Left Me (I Went Deaf),French Montana & Max B,89,82,10,43,Ever Since U Left Me (I Went Deaf)|French Montana & Max B|46200
27/06/2026,91,"Phone, Keys, Wallet",Lainey Wilson & John Mayer,80,80,2,41,"Phone, Keys, Wallet|Lainey Wilson & John Mayer|46200"
27/06/2026,92,Turn This Truck Around,Jordan Davis,72,57,16,41,Turn This Truck Around|Jordan Davis|46200
27/06/2026,93,Girls,The Kid Laroi,-,51,8,40,Girls|The Kid Laroi|46200
27/06/2026,94,Pinky Up,KATSEYE,85,28,9,40,Pinky Up|KATSEYE|46200
27/06/2026,95,Sunburn,Tucker Wetmore,-,93,3,38,Sunburn|Tucker Wetmore|46200
27/06/2026,96,Mr. Know It All,Teddy Swims,82,76,9,39,Mr. Know It All|Teddy Swims|46200
27/06/2026,97,Porch Light,Noah Kahan,94,20,14,38,Porch Light|Noah Kahan|46200
27/06/2026,98,Don’t Worry,Drake,73,23,5,38,Don’t Worry|Drake|46200
27/06/2026,99,Rocky Mountain Low,Corey Kent & Koe Wetzel,-,84,8,38,Rocky Mountain Low|Corey Kent & Koe Wetzel|46200
27/06/2026,100,Empty Words,Corey Kent,-,97,3,38,Empty Words|Corey Kent|46200
20/06/2026,1,"I Knew It, I Knew You",Taylor Swift,-,1,1,399,"I Knew It, I Knew You|Taylor Swift|46193"
20/06/2026,2,Choosin' Texas,Ella Langley,2,1,34,299,Choosin' Texas|Ella Langley|46193
20/06/2026,3,Janice STFU,Drake,3,1,4,230,Janice STFU|Drake|46193
20/06/2026,4,Be Her,Ella Langley,4,2,17,212,Be Her|Ella Langley|46193
20/06/2026,5,Hate That I Made You Love Me,Ariana Grande,1,1,2,204,Hate That I Made You Love Me|Ariana Grande|46193
20/06/2026,6,I Just Might,Bruno Mars,5,1,22,168,I Just Might|Bruno Mars|46193
20/06/2026,7,Man I Need,Olivia Dean,6,2,42,167,Man I Need|Olivia Dean|46193
20/06/2026,8,So Easy (To Fall In Love),Olivia Dean,7,5,37,164,So Easy (To Fall In Love)|Olivia Dean|46193
20/06/2026,9,I Can't Love You Anymore,Ella Langley & Morgan Wallen,9,7,7,155,I Can't Love You Anymore|Ella Langley & Morgan Wallen|46193
20/06/2026,10,Dracula,Tame Impala & JENNIE,10,10,37,151,Dracula|Tame Impala & JENNIE|46193
20/06/2026,11,Shabang,Drake,8,4,4,141,Shabang|Drake|46193
20/06/2026,12,Risk It All,Bruno Mars,14,4,15,134,Risk It All|Bruno Mars|46193
20/06/2026,13,Drop Dead,Olivia Rodrigo,13,1,8,134,Drop Dead|Olivia Rodrigo|46193
20/06/2026,14,Boston,Stella Lefty,15,14,10,133,Boston|Stella Lefty|46193
20/06/2026,15,Stateside,PinkPantheress With Zara Larsson,17,6,23,132,Stateside|PinkPantheress With Zara Larsson|46193
20/06/2026,16,Folded,Kehlani,16,6,52,129,Folded|Kehlani|46193
20/06/2026,17,The Cure,Olivia Rodrigo,11,5,3,121,The Cure|Olivia Rodrigo|46193
20/06/2026,18,Billie Jean,Michael Jackson,19,1,32,121,Billie Jean|Michael Jackson|46193
20/06/2026,19,Homewrecker,sombr,21,19,18,118,Homewrecker|sombr|46193
20/06/2026,20,Midnight Sun,Zara Larsson,23,20,21,113,Midnight Sun|Zara Larsson|46193
20/06/2026,21,Ran To Atlanta,Drake Featuring Future & Molly Santana,12,2,4,110,Ran To Atlanta|Drake Featuring Future & Molly Santana|46193
20/06/2026,22,Earrings,Malcolm Todd,25,22,15,108,Earrings|Malcolm Todd|46193
20/06/2026,23,Whisper My Name,Drake,18,3,4,102,Whisper My Name|Drake|46193
20/06/2026,24,Change My Mind,Riley Green,24,24,19,100,Change My Mind|Riley Green|46193
20/06/2026,25,Be By You,Luke Combs,28,12,17,96,Be By You|Luke Combs|46193
20/06/2026,26,National Treasures,Drake,20,6,4,95,National Treasures|Drake|46193
20/06/2026,27,Chicago,Michael Jackson,26,26,3,95,Chicago|Michael Jackson|46193
20/06/2026,28,Babydoll,Dominic Fike,29,16,18,93,Babydoll|Dominic Fike|46193
20/06/2026,29,Sleepless In A Hotel Room,Luke Combs,30,11,22,92,Sleepless In A Hotel Room|Luke Combs|46193
20/06/2026,30,2 Hard 4 The Radio,Drake,22,9,4,91,2 Hard 4 The Radio|Drake|46193
20/06/2026,31,Cinderella,Mac Miller Featuring Ty Dolla $ign,42,31,5,89,Cinderella|Mac Miller Featuring Ty Dolla $ign|46193
20/06/2026,32,E85,Don Toliver,27,15,19,88,E85|Don Toliver|46193
20/06/2026,33,Don't We,Morgan Wallen,35,33,18,84,Don't We|Morgan Wallen|46193
20/06/2026,34,Spend Dat,Yung Miami,47,34,3,84,Spend Dat|Yung Miami|46193
20/06/2026,35,Loving Life Again,Ella Langley,33,21,12,81,Loving Life Again|Ella Langley|46193
20/06/2026,36,Pop Dat Thang,DaBaby,34,26,19,81,Pop Dat Thang|DaBaby|46193
20/06/2026,37,Human Nature,Michael Jackson,31,7,20,78,Human Nature|Michael Jackson|46193
20/06/2026,38,Motion Party,BossMan Dlow,37,37,13,76,Motion Party|BossMan Dlow|46193
20/06/2026,39,American Girls,Harry Styles,43,4,14,75,American Girls|Harry Styles|46193
20/06/2026,40,Freakin' Out,Dexter And The Moonrocks,44,33,12,74,Freakin' Out|Dexter And The Moonrocks|46193
20/06/2026,41,The Great Divide,Noah Kahan,38,6,19,73,The Great Divide|Noah Kahan|46193
20/06/2026,42,Hit The Wall,Gracie Abrams,48,42,4,72,Hit The Wall|Gracie Abrams|46193
20/06/2026,43,Swim,BTS,41,1,12,71,Swim|BTS|46193
20/06/2026,44,Die On This Hill,Sienna Spiro,52,19,25,69,Die On This Hill|Sienna Spiro|46193
20/06/2026,45,Plot Twist,Drake,32,11,4,69,Plot Twist|Drake|46193
20/06/2026,46,Don't Stop 'Til You Get Enough,Michael Jackson,45,1,26,67,Don't Stop 'Til You Get Enough|Michael Jackson|46193
20/06/2026,47,Lush Life,Zara Larsson,54,35,26,66,Lush Life|Zara Larsson|46193
20/06/2026,48,B's On The Table,Drake Featuring 21 Savage,36,12,4,65,B's On The Table|Drake Featuring 21 Savage|46193
20/06/2026,49,Iloveitiloveitiloveit,Bella Kay,50,17,17,64,Iloveitiloveitiloveit|Bella Kay|46193
20/06/2026,50,Fever Dream,Alex Warren,55,21,15,63,Fever Dream|Alex Warren|46193
20/06/2026,51,Don't Tell On Me,Jason Aldean,63,51,9,62,Don't Tell On Me|Jason Aldean|46193
20/06/2026,52,Dust,Drake,40,8,4,59,Dust|Drake|46193
20/06/2026,53,What You Need,Tems,80,53,12,59,What You Need|Tems|46193
20/06/2026,54,Make Them Pay,Drake,39,10,4,59,Make Them Pay|Drake|46193
20/06/2026,55,Hate How You Look,Josh Ross,64,55,10,59,Hate How You Look|Josh Ross|46193
20/06/2026,56,Body,Don Toliver,56,14,19,59,Body|Don Toliver|46193
20/06/2026,57,Doors,Noah Kahan,51,9,7,59,Doors|Noah Kahan|46193
20/06/2026,58,Let 'Em Know,T.I.,62,33,20,58,Let 'Em Know|T.I.|46193
20/06/2026,59,Dandelion,Ella Langley,61,27,19,57,Dandelion|Ella Langley|46193
20/06/2026,60,What Did I Miss?,Drake,49,2,16,57,What Did I Miss?|Drake|46193
20/06/2026,61,Burning Bridges,Drake,46,13,4,56,Burning Bridges|Drake|46193
20/06/2026,62,Beautiful Things,Megan Moroney,65,32,28,55,Beautiful Things|Megan Moroney|46193
20/06/2026,63,I'm Spent,Drake Featuring Loe Shimmy,53,34,4,54,I'm Spent|Drake Featuring Loe Shimmy|46193
20/06/2026,64,Self Aware,Temper City,72,64,9,54,Self Aware|Temper City|46193
20/06/2026,65,Raindance,Dave & Tems,73,49,19,52,Raindance|Dave & Tems|46193
20/06/2026,66,Rubberz,Fenix Flexin,-,66,1,52,Rubberz|Fenix Flexin|46193
20/06/2026,67,Noble,F3miii,67,67,5,52,Noble|F3miii|46193
20/06/2026,68,Mexico Honey,Kacey Musgraves,83,68,2,52,Mexico Honey|Kacey Musgraves|46193
20/06/2026,69,Orbiter,Noah Kahan,66,56,7,51,Orbiter|Noah Kahan|46193
20/06/2026,70,White Keys,Dominic Fike,69,32,16,51,White Keys|Dominic Fike|46193
20/06/2026,71,Bottom Of Your Boots,Ella Langley,68,20,9,50,Bottom Of Your Boots|Ella Langley|46193
20/06/2026,72,Turn This Truck Around,Jordan Davis,59,57,15,50,Turn This Truck Around|Jordan Davis|46193
20/06/2026,73,Don’t Worry,Drake,58,23,4,49,Don’t Worry|Drake|46193
20/06/2026,74,McArthur,"HARDY, Eric Church, Morgan Wallen & Tim McGraw",78,31,19,49,"McArthur|HARDY, Eric Church, Morgan Wallen & Tim McGraw|46193"
20/06/2026,75,The Feeling,Steve Lacy,-,75,1,49,The Feeling|Steve Lacy|46193
20/06/2026,76,Something To Lose,Stella Lefty Featuring Vincent Mason,85,76,2,48,Something To Lose|Stella Lefty Featuring Vincent Mason|46193
20/06/2026,77,My Way,Riley Green,70,70,5,48,My Way|Riley Green|46193
20/06/2026,78,Woman,Kane Brown,75,75,9,46,Woman|Kane Brown|46193
20/06/2026,79,Make Them Cry,Drake,57,7,4,46,Make Them Cry|Drake|46193
20/06/2026,80,"Phone, Keys, Wallet",Lainey Wilson & John Mayer,-,80,1,46,"Phone, Keys, Wallet|Lainey Wilson & John Mayer|46193"
20/06/2026,81,Little Birdie,Drake,60,18,4,45,Little Birdie|Drake|46193
20/06/2026,82,Mr. Know It All,Teddy Swims,89,76,8,44,Mr. Know It All|Teddy Swims|46193
20/06/2026,83,Rethink Some Things,Luke Combs,82,46,11,44,Rethink Some Things|Luke Combs|46193
20/06/2026,84,Rein Me In,Sam Fender & Olivia Dean,86,64,12,43,Rein Me In|Sam Fender & Olivia Dean|46193
20/06/2026,85,Pinky Up,KATSEYE,90,28,8,43,Pinky Up|KATSEYE|46193
20/06/2026,86,Classic,Drake,76,35,4,42,Classic|Drake|46193
20/06/2026,87,House Tour,Sabrina Carpenter,-,27,6,42,House Tour|Sabrina Carpenter|46193
20/06/2026,88,Damned If I Do,Vincent Mason,93,88,5,42,Damned If I Do|Vincent Mason|46193
20/06/2026,89,Ever Since U Left Me (I Went Deaf),French Montana & Max B,-,82,9,42,Ever Since U Left Me (I Went Deaf)|French Montana & Max B|46193
20/06/2026,90,WNBA,Drake,71,28,4,41,WNBA|Drake|46193
20/06/2026,91,Willing And Able,Noah Kahan,84,26,7,41,Willing And Able|Noah Kahan|46193
20/06/2026,92,I Saw Your Face,Malcolm Todd,-,75,2,39,I Saw Your Face|Malcolm Todd|46193
20/06/2026,93,Bloodstream,Alyssa Grace,-,93,1,39,Bloodstream|Alyssa Grace|46193
20/06/2026,94,Porch Light,Noah Kahan,87,20,13,38,Porch Light|Noah Kahan|46193
20/06/2026,95,High Hopes 3000,Role Model,-,95,1,38,High Hopes 3000|Role Model|46193
20/06/2026,96,Kingdom Of Fear,Cameron Whitcomb,-,96,1,38,Kingdom Of Fear|Cameron Whitcomb|46193
20/06/2026,97,Difficult Love,Malcolm Todd,-,97,1,38,Difficult Love|Malcolm Todd|46193
20/06/2026,98,Cowgirl,Shaboozey,-,98,1,38,Cowgirl|Shaboozey|46193
20/06/2026,99,Think As You Drunk,Riley Green,91,91,2,37,Think As You Drunk|Riley Green|46193
20/06/2026,100,Passenger,Alex Warren,-,100,1,37,Passenger|Alex Warren|46193
13/06/2026,1,Hate That I Made You Love Me,Ariana Grande,-,1,1,320,Hate That I Made You Love Me|Ariana Grande|46186
13/06/2026,2,Choosin' Texas,Ella Langley,2,1,33,308,Choosin' Texas|Ella Langley|46186
13/06/2026,3,Janice STFU,Drake,1,1,3,275,Janice STFU|Drake|46186
13/06/2026,4,Be Her,Ella Langley,3,2,16,210,Be Her|Ella Langley|46186
13/06/2026,5,I Just Might,Bruno Mars,8,1,21,178,I Just Might|Bruno Mars|46186
13/06/2026,6,Man I Need,Olivia Dean,10,2,41,174,Man I Need|Olivia Dean|46186
13/06/2026,7,So Easy (To Fall In Love),Olivia Dean,7,5,36,169,So Easy (To Fall In Love)|Olivia Dean|46186
13/06/2026,8,Shabang,Drake,4,4,3,166,Shabang|Drake|46186
13/06/2026,9,I Can't Love You Anymore,Ella Langley & Morgan Wallen,13,7,6,161,I Can't Love You Anymore|Ella Langley & Morgan Wallen|46186
13/06/2026,10,Dracula,Tame Impala & JENNIE,14,10,36,152,Dracula|Tame Impala & JENNIE|46186
13/06/2026,11,The Cure,Olivia Rodrigo,5,5,2,142,The Cure|Olivia Rodrigo|46186
13/06/2026,12,Ran To Atlanta,Drake Featuring Future & Molly Santana,6,2,3,140,Ran To Atlanta|Drake Featuring Future & Molly Santana|46186
13/06/2026,13,Drop Dead,Olivia Rodrigo,12,1,7,139,Drop Dead|Olivia Rodrigo|46186
13/06/2026,14,Risk It All,Bruno Mars,16,4,14,139,Risk It All|Bruno Mars|46186
13/06/2026,15,Boston,Stella Lefty,20,15,9,138,Boston|Stella Lefty|46186
13/06/2026,16,Folded,Kehlani,18,6,51,133,Folded|Kehlani|46186
13/06/2026,17,Stateside,PinkPantheress With Zara Larsson,17,6,22,132,Stateside|PinkPantheress With Zara Larsson|46186
13/06/2026,18,Whisper My Name,Drake,9,3,3,132,Whisper My Name|Drake|46186
13/06/2026,19,Billie Jean,Michael Jackson,19,1,31,127,Billie Jean|Michael Jackson|46186
13/06/2026,20,National Treasures,Drake,11,6,3,122,National Treasures|Drake|46186
13/06/2026,21,Homewrecker,sombr,23,19,17,115,Homewrecker|sombr|46186
13/06/2026,22,2 Hard 4 The Radio,Drake,15,9,3,114,2 Hard 4 The Radio|Drake|46186
13/06/2026,23,Midnight Sun,Zara Larsson,25,23,20,111,Midnight Sun|Zara Larsson|46186
13/06/2026,24,Change My Mind,Riley Green,32,24,18,108,Change My Mind|Riley Green|46186
13/06/2026,25,Earrings,Malcolm Todd,29,25,14,105,Earrings|Malcolm Todd|46186
13/06/2026,26,Chicago,Michael Jackson,30,26,2,98,Chicago|Michael Jackson|46186
13/06/2026,27,E85,Don Toliver,38,15,18,97,E85|Don Toliver|46186
13/06/2026,28,Be By You,Luke Combs,36,12,16,97,Be By You|Luke Combs|46186
13/06/2026,29,Babydoll,Dominic Fike,33,16,17,97,Babydoll|Dominic Fike|46186
13/06/2026,30,Sleepless In A Hotel Room,Luke Combs,26,11,21,95,Sleepless In A Hotel Room|Luke Combs|46186
13/06/2026,31,Human Nature,Michael Jackson,31,7,19,90,Human Nature|Michael Jackson|46186
13/06/2026,32,Plot Twist,Drake,21,11,3,88,Plot Twist|Drake|46186
13/06/2026,33,Loving Life Again,Ella Langley,37,21,11,86,Loving Life Again|Ella Langley|46186
13/06/2026,34,Pop Dat Thang,DaBaby,40,26,18,84,Pop Dat Thang|DaBaby|46186
13/06/2026,35,Don't We,Morgan Wallen,50,35,17,83,Don't We|Morgan Wallen|46186
13/06/2026,36,B's On The Table,Drake Featuring 21 Savage,27,12,3,82,B's On The Table|Drake Featuring 21 Savage|46186
13/06/2026,37,Motion Party,BossMan Dlow,62,37,12,82,Motion Party|BossMan Dlow|46186
13/06/2026,38,The Great Divide,Noah Kahan,41,6,18,80,The Great Divide|Noah Kahan|46186
13/06/2026,39,Make Them Pay,Drake,22,10,3,79,Make Them Pay|Drake|46186
13/06/2026,40,Dust,Drake,24,8,3,79,Dust|Drake|46186
13/06/2026,41,Swim,BTS,44,1,11,78,Swim|BTS|46186
13/06/2026,42,Cinderella,Mac Miller Featuring Ty Dolla $ign,55,42,4,78,Cinderella|Mac Miller Featuring Ty Dolla $ign|46186
13/06/2026,43,American Girls,Harry Styles,46,4,13,78,American Girls|Harry Styles|46186
13/06/2026,44,Freakin' Out,Dexter And The Moonrocks,47,33,11,77,Freakin' Out|Dexter And The Moonrocks|46186
13/06/2026,45,Don't Stop 'Til You Get Enough,Michael Jackson,43,1,25,77,Don't Stop 'Til You Get Enough|Michael Jackson|46186
13/06/2026,46,Burning Bridges,Drake,28,13,3,75,Burning Bridges|Drake|46186
13/06/2026,47,Spend Dat,Yung Miami,66,47,2,74,Spend Dat|Yung Miami|46186
13/06/2026,48,Hit The Wall,Gracie Abrams,48,48,3,73,Hit The Wall|Gracie Abrams|46186
13/06/2026,49,What Did I Miss?,Drake,34,2,15,72,What Did I Miss?|Drake|46186
13/06/2026,50,Iloveitiloveitiloveit,Bella Kay,52,17,16,70,Iloveitiloveitiloveit|Bella Kay|46186
13/06/2026,51,Doors,Noah Kahan,54,9,6,68,Doors|Noah Kahan|46186
13/06/2026,52,Die On This Hill,Sienna Spiro,60,19,24,68,Die On This Hill|Sienna Spiro|46186
13/06/2026,53,I'm Spent,Drake Featuring Loe Shimmy,42,34,3,67,I'm Spent|Drake Featuring Loe Shimmy|46186
13/06/2026,54,Lush Life,Zara Larsson,59,35,25,66,Lush Life|Zara Larsson|46186
13/06/2026,55,Fever Dream,Alex Warren,65,21,14,66,Fever Dream|Alex Warren|46186
13/06/2026,56,Body,Don Toliver,61,14,18,66,Body|Don Toliver|46186
13/06/2026,57,Make Them Cry,Drake,35,7,3,64,Make Them Cry|Drake|46186
13/06/2026,58,Don’t Worry,Drake,45,23,3,63,Don’t Worry|Drake|46186
13/06/2026,59,Turn This Truck Around,Jordan Davis,63,57,14,62,Turn This Truck Around|Jordan Davis|46186
13/06/2026,60,Little Birdie,Drake,39,18,3,61,Little Birdie|Drake|46186
13/06/2026,61,Dandelion,Ella Langley,64,27,18,61,Dandelion|Ella Langley|46186
13/06/2026,62,Let 'Em Know,T.I.,67,33,19,59,Let 'Em Know|T.I.|46186
13/06/2026,63,Don't Tell On Me,Jason Aldean,73,63,8,58,Don't Tell On Me|Jason Aldean|46186
13/06/2026,64,Hate How You Look,Josh Ross,74,64,9,57,Hate How You Look|Josh Ross|46186
13/06/2026,65,Beautiful Things,Megan Moroney,76,32,27,56,Beautiful Things|Megan Moroney|46186
13/06/2026,66,Orbiter,Noah Kahan,71,56,6,55,Orbiter|Noah Kahan|46186
13/06/2026,67,Noble,F3miii,97,67,4,55,Noble|F3miii|46186
13/06/2026,68,Bottom Of Your Boots,Ella Langley,68,20,8,55,Bottom Of Your Boots|Ella Langley|46186
13/06/2026,69,White Keys,Dominic Fike,72,32,15,54,White Keys|Dominic Fike|46186
13/06/2026,70,My Way,Riley Green,94,70,4,54,My Way|Riley Green|46186
13/06/2026,71,WNBA,Drake,57,28,3,53,WNBA|Drake|46186
13/06/2026,72,Self Aware,Temper City,82,72,8,52,Self Aware|Temper City|46186
13/06/2026,73,Raindance,Dave & Tems,78,49,18,52,Raindance|Dave & Tems|46186
13/06/2026,74,Dry Spell,Kacey Musgraves,75,55,12,51,Dry Spell|Kacey Musgraves|46186
13/06/2026,75,Woman,Kane Brown,83,75,8,51,Woman|Kane Brown|46186
13/06/2026,76,Classic,Drake,58,35,3,51,Classic|Drake|46186
13/06/2026,77,Make Them Remember,Drake,51,19,3,50,Make Them Remember|Drake|46186
13/06/2026,78,McArthur,"HARDY, Eric Church, Morgan Wallen & Tim McGraw",80,31,18,49,"McArthur|HARDY, Eric Church, Morgan Wallen & Tim McGraw|46186"
13/06/2026,79,Make Them Know,Drake,53,21,3,49,Make Them Know|Drake|46186
13/06/2026,80,What You Need,Tems,87,56,11,49,What You Need|Tems|46186
13/06/2026,81,Hoe Phase,Drake,56,22,3,47,Hoe Phase|Drake|46186
13/06/2026,82,Rethink Some Things,Luke Combs,89,46,10,47,Rethink Some Things|Luke Combs|46186
13/06/2026,83,Mexico Honey,Kacey Musgraves,-,83,1,45,Mexico Honey|Kacey Musgraves|46186
13/06/2026,84,Willing And Able,Noah Kahan,86,26,6,45,Willing And Able|Noah Kahan|46186
13/06/2026,85,Something To Lose,Stella Lefty Featuring Vincent Mason,-,85,1,44,Something To Lose|Stella Lefty Featuring Vincent Mason|46186
13/06/2026,86,Rein Me In,Sam Fender & Olivia Dean,88,64,11,44,Rein Me In|Sam Fender & Olivia Dean|46186
13/06/2026,87,Porch Light,Noah Kahan,84,20,12,44,Porch Light|Noah Kahan|46186
13/06/2026,88,Hostage,Latto Featuring 21 Savage,-,88,1,43,Hostage|Latto Featuring 21 Savage|46186
13/06/2026,89,Mr. Know It All,Teddy Swims,99,76,7,43,Mr. Know It All|Teddy Swims|46186
13/06/2026,90,Pinky Up,KATSEYE,92,28,7,42,Pinky Up|KATSEYE|46186
13/06/2026,91,Think As You Drunk,Riley Green,-,91,1,41,Think As You Drunk|Riley Green|46186
13/06/2026,92,Fortworth,Drake Featuring PARTYNEXTDOOR,70,36,3,41,Fortworth|Drake Featuring PARTYNEXTDOOR|46186
13/06/2026,93,Damned If I Do,Vincent Mason,98,89,4,40,Damned If I Do|Vincent Mason|46186
13/06/2026,94,Slap The City,Drake & Qendresa,79,39,3,40,Slap The City|Drake & Qendresa|46186
13/06/2026,95,Firm Friends,Drake,69,31,3,40,Firm Friends|Drake|46186
13/06/2026,96,End Of August,Noah Kahan,91,14,6,39,End Of August|Noah Kahan|46186
13/06/2026,97,High Fives,Drake,77,43,3,39,High Fives|Drake|46186
13/06/2026,98,Sunburn,Tucker Wetmore,-,93,2,38,Sunburn|Tucker Wetmore|46186
13/06/2026,99,Empty Words,Corey Kent,-,97,2,37,Empty Words|Corey Kent|46186
13/06/2026,100,American Cars,Noah Kahan,93,16,6,37,American Cars|Noah Kahan|46186
06/06/2026,1,Janice STFU,Drake,1,1,2,318,Janice STFU|Drake|46179
06/06/2026,2,Choosin' Texas,Ella Langley,5,1,32,307,Choosin' Texas|Ella Langley|46179
06/06/2026,3,Be Her,Ella Langley,14,2,15,210,Be Her|Ella Langley|46179
06/06/2026,4,Shabang,Drake,4,4,2,199,Shabang|Drake|46179
06/06/2026,5,The Cure,Olivia Rodrigo,-,5,1,195,The Cure|Olivia Rodrigo|46179
06/06/2026,6,Ran To Atlanta,Drake Featuring Future & Molly Santana,2,2,2,188,Ran To Atlanta|Drake Featuring Future & Molly Santana|46179
06/06/2026,7,So Easy (To Fall In Love),Olivia Dean,20,5,35,176,So Easy (To Fall In Love)|Olivia Dean|46179
06/06/2026,8,I Just Might,Bruno Mars,16,1,20,175,I Just Might|Bruno Mars|46179
06/06/2026,9,Whisper My Name,Drake,3,3,2,173,Whisper My Name|Drake|46179
06/06/2026,10,Man I Need,Olivia Dean,17,2,40,171,Man I Need|Olivia Dean|46179
06/06/2026,11,National Treasures,Drake,6,6,2,164,National Treasures|Drake|46179
06/06/2026,12,Drop Dead,Olivia Rodrigo,30,1,6,159,Drop Dead|Olivia Rodrigo|46179
06/06/2026,13,I Can't Love You Anymore,Ella Langley & Morgan Wallen,24,7,5,156,I Can't Love You Anymore|Ella Langley & Morgan Wallen|46179
06/06/2026,14,Dracula,Tame Impala & JENNIE,25,10,35,154,Dracula|Tame Impala & JENNIE|46179
06/06/2026,15,2 Hard 4 The Radio,Drake,9,9,2,146,2 Hard 4 The Radio|Drake|46179
06/06/2026,16,Risk It All,Bruno Mars,26,4,13,137,Risk It All|Bruno Mars|46179
06/06/2026,17,Stateside,PinkPantheress With Zara Larsson,27,6,21,135,Stateside|PinkPantheress With Zara Larsson|46179
06/06/2026,18,Folded,Kehlani,29,6,50,133,Folded|Kehlani|46179
06/06/2026,19,Billie Jean,Michael Jackson,32,1,30,132,Billie Jean|Michael Jackson|46179
06/06/2026,20,Boston,Stella Lefty,33,20,8,130,Boston|Stella Lefty|46179
06/06/2026,21,Plot Twist,Drake,11,11,2,117,Plot Twist|Drake|46179
06/06/2026,22,Make Them Pay,Drake,10,10,2,111,Make Them Pay|Drake|46179
06/06/2026,23,Homewrecker,sombr,40,19,16,108,Homewrecker|sombr|46179
06/06/2026,24,Dust,Drake,8,8,2,108,Dust|Drake|46179
06/06/2026,25,Midnight Sun,Zara Larsson,38,23,19,108,Midnight Sun|Zara Larsson|46179
06/06/2026,26,Sleepless In A Hotel Room,Luke Combs,37,11,20,107,Sleepless In A Hotel Room|Luke Combs|46179
06/06/2026,27,B's On The Table,Drake Featuring 21 Savage,12,12,2,106,B's On The Table|Drake Featuring 21 Savage|46179
06/06/2026,28,Burning Bridges,Drake,13,13,2,106,Burning Bridges|Drake|46179
06/06/2026,29,Earrings,Malcolm Todd,45,26,13,101,Earrings|Malcolm Todd|46179
06/06/2026,30,Chicago,Michael Jackson,-,30,1,99,Chicago|Michael Jackson|46179
06/06/2026,31,Human Nature,Michael Jackson,44,7,18,98,Human Nature|Michael Jackson|46179
06/06/2026,32,Change My Mind,Riley Green,49,27,17,95,Change My Mind|Riley Green|46179
06/06/2026,33,Babydoll,Dominic Fike,46,16,16,95,Babydoll|Dominic Fike|46179
06/06/2026,34,What Did I Miss?,Drake,15,2,14,95,What Did I Miss?|Drake|46179
06/06/2026,35,Make Them Cry,Drake,7,7,2,92,Make Them Cry|Drake|46179
06/06/2026,36,Be By You,Luke Combs,54,12,15,90,Be By You|Luke Combs|46179
06/06/2026,37,Loving Life Again,Ella Langley,53,21,10,89,Loving Life Again|Ella Langley|46179
06/06/2026,38,E85,Don Toliver,50,15,17,89,E85|Don Toliver|46179
06/06/2026,39,Little Birdie,Drake,18,18,2,88,Little Birdie|Drake|46179
06/06/2026,40,Pop Dat Thang,DaBaby,51,26,17,86,Pop Dat Thang|DaBaby|46179
06/06/2026,41,The Great Divide,Noah Kahan,52,6,17,82,The Great Divide|Noah Kahan|46179
06/06/2026,42,I'm Spent,Drake Featuring Loe Shimmy,34,34,2,82,I'm Spent|Drake Featuring Loe Shimmy|46179
06/06/2026,43,Don't Stop 'Til You Get Enough,Michael Jackson,-,1,24,82,Don't Stop 'Til You Get Enough|Michael Jackson|46179
06/06/2026,44,Swim,BTS,55,1,10,79,Swim|BTS|46179
06/06/2026,45,Don’t Worry,Drake,23,23,2,79,Don’t Worry|Drake|46179
06/06/2026,46,American Girls,Harry Styles,62,4,12,78,American Girls|Harry Styles|46179
06/06/2026,47,Freakin' Out,Dexter And The Moonrocks,60,33,10,75,Freakin' Out|Dexter And The Moonrocks|46179
06/06/2026,48,Hit The Wall,Gracie Abrams,48,48,2,75,Hit The Wall|Gracie Abrams|46179
06/06/2026,49,Brunette,Tucker Wetmore,59,36,22,74,Brunette|Tucker Wetmore|46179
06/06/2026,50,Don't We,Morgan Wallen,69,48,16,73,Don't We|Morgan Wallen|46179
06/06/2026,51,Make Them Remember,Drake,19,19,2,72,Make Them Remember|Drake|46179
06/06/2026,52,Iloveitiloveitiloveit,Bella Kay,64,17,15,71,Iloveitiloveitiloveit|Bella Kay|46179
06/06/2026,53,Make Them Know,Drake,21,21,2,70,Make Them Know|Drake|46179
06/06/2026,54,Doors,Noah Kahan,58,9,5,70,Doors|Noah Kahan|46179
06/06/2026,55,Cinderella,Mac Miller Featuring Ty Dolla $ign,80,55,3,69,Cinderella|Mac Miller Featuring Ty Dolla $ign|46179
06/06/2026,56,Hoe Phase,Drake,22,22,2,68,Hoe Phase|Drake|46179
06/06/2026,57,WNBA,Drake,28,28,2,68,WNBA|Drake|46179
06/06/2026,58,Classic,Drake,35,35,2,68,Classic|Drake|46179
06/06/2026,59,Lush Life,Zara Larsson,75,35,24,68,Lush Life|Zara Larsson|46179
06/06/2026,60,Die On This Hill,Sienna Spiro,70,19,23,67,Die On This Hill|Sienna Spiro|46179
06/06/2026,61,Body,Don Toliver,68,14,17,67,Body|Don Toliver|46179
06/06/2026,62,Motion Party,BossMan Dlow,77,41,11,65,Motion Party|BossMan Dlow|46179
06/06/2026,63,Turn This Truck Around,Jordan Davis,84,57,13,64,Turn This Truck Around|Jordan Davis|46179
06/06/2026,64,Dandelion,Ella Langley,73,27,17,63,Dandelion|Ella Langley|46179
06/06/2026,65,Fever Dream,Alex Warren,66,21,13,63,Fever Dream|Alex Warren|46179
06/06/2026,66,Spend Dat,Yung Miami,-,66,1,60,Spend Dat|Yung Miami|46179
06/06/2026,67,Let 'Em Know,T.I.,79,33,18,60,Let 'Em Know|T.I.|46179
06/06/2026,68,Bottom Of Your Boots,Ella Langley,78,20,7,58,Bottom Of Your Boots|Ella Langley|46179
06/06/2026,69,Firm Friends,Drake,31,31,2,57,Firm Friends|Drake|46179
06/06/2026,70,Fortworth,Drake Featuring PARTYNEXTDOOR,36,36,2,56,Fortworth|Drake Featuring PARTYNEXTDOOR|46179
06/06/2026,71,Orbiter,Noah Kahan,83,56,5,56,Orbiter|Noah Kahan|46179
06/06/2026,72,White Keys,Dominic Fike,87,32,14,54,White Keys|Dominic Fike|46179
06/06/2026,73,Don't Tell On Me,Jason Aldean,89,67,7,53,Don't Tell On Me|Jason Aldean|46179
06/06/2026,74,Hate How You Look,Josh Ross,91,70,8,53,Hate How You Look|Josh Ross|46179
06/06/2026,75,Dry Spell,Kacey Musgraves,98,55,11,53,Dry Spell|Kacey Musgraves|46179
06/06/2026,76,Beautiful Things,Megan Moroney,95,32,26,51,Beautiful Things|Megan Moroney|46179
06/06/2026,77,High Fives,Drake,43,43,2,51,High Fives|Drake|46179
06/06/2026,78,Raindance,Dave & Tems,96,49,17,51,Raindance|Dave & Tems|46179
06/06/2026,79,Slap The City,Drake & Qendresa,39,39,2,51,Slap The City|Drake & Qendresa|46179
06/06/2026,80,McArthur,"HARDY, Eric Church, Morgan Wallen & Tim McGraw",97,31,17,49,"McArthur|HARDY, Eric Church, Morgan Wallen & Tim McGraw|46179"
06/06/2026,81,Road Trips,Drake,42,42,2,49,Road Trips|Drake|46179
06/06/2026,82,Self Aware,Temper City,-,73,7,49,Self Aware|Temper City|46179
06/06/2026,83,Woman,Kane Brown,-,81,7,48,Woman|Kane Brown|46179
06/06/2026,84,Porch Light,Noah Kahan,90,20,11,48,Porch Light|Noah Kahan|46179
06/06/2026,85,Cheetah Print,Drake & Sexyy Red,41,41,2,48,Cheetah Print|Drake & Sexyy Red|46179
06/06/2026,86,Willing And Able,Noah Kahan,86,26,5,47,Willing And Able|Noah Kahan|46179
06/06/2026,87,What You Need,Tems,-,56,10,45,What You Need|Tems|46179
06/06/2026,88,Rein Me In,Sam Fender & Olivia Dean,-,64,10,45,Rein Me In|Sam Fender & Olivia Dean|46179
06/06/2026,89,Rethink Some Things,Luke Combs,-,46,9,44,Rethink Some Things|Luke Combs|46179
06/06/2026,90,White Bone,Drake,57,57,2,44,White Bone|Drake|46179
06/06/2026,91,End Of August,Noah Kahan,94,14,5,43,End Of August|Noah Kahan|46179
06/06/2026,92,Pinky Up,KATSEYE,-,28,6,42,Pinky Up|KATSEYE|46179
06/06/2026,93,American Cars,Noah Kahan,99,16,5,42,American Cars|Noah Kahan|46179
06/06/2026,94,My Way,Riley Green,-,91,3,42,My Way|Riley Green|46179
06/06/2026,95,Dashboard,Noah Kahan,100,19,5,41,Dashboard|Noah Kahan|46179
06/06/2026,96,Gen 5,Drake,56,56,2,41,Gen 5|Drake|46179
06/06/2026,97,Noble,F3miii,-,90,3,40,Noble|F3miii|46179
06/06/2026,98,Damned If I Do,Vincent Mason,-,89,3,40,Damned If I Do|Vincent Mason|46179
06/06/2026,99,Mr. Know It All,Teddy Swims,-,76,6,39,Mr. Know It All|Teddy Swims|46179
06/06/2026,100,Staying Still,Noah Kahan,-,44,4,39,Staying Still|Noah Kahan|46179
30/05/2026,1,Janice STFU,Drake,-,1,1,404,Janice STFU|Drake|46172
30/05/2026,2,Ran To Atlanta,Drake Featuring Future & Molly Santana,-,2,1,377,Ran To Atlanta|Drake Featuring Future & Molly Santana|46172
30/05/2026,3,Whisper My Name,Drake,-,3,1,337,Whisper My Name|Drake|46172
30/05/2026,4,Shabang,Drake,-,4,1,324,Shabang|Drake|46172
30/05/2026,5,Choosin' Texas,Ella Langley,1,1,31,320,Choosin' Texas|Ella Langley|46172
30/05/2026,6,National Treasures,Drake,-,6,1,309,National Treasures|Drake|46172
30/05/2026,7,Make Them Cry,Drake,-,7,1,292,Make Them Cry|Drake|46172
30/05/2026,8,Dust,Drake,-,8,1,282,Dust|Drake|46172
30/05/2026,9,2 Hard 4 The Radio,Drake,-,9,1,271,2 Hard 4 The Radio|Drake|46172
30/05/2026,10,Make Them Pay,Drake,-,10,1,249,Make Them Pay|Drake|46172
30/05/2026,11,Plot Twist,Drake,-,11,1,238,Plot Twist|Drake|46172
30/05/2026,12,B's On The Table,Drake Featuring 21 Savage,-,12,1,224,B's On The Table|Drake Featuring 21 Savage|46172
30/05/2026,13,Burning Bridges,Drake,-,13,1,218,Burning Bridges|Drake|46172
30/05/2026,14,Be Her,Ella Langley,2,2,14,209,Be Her|Ella Langley|46172
30/05/2026,15,What Did I Miss?,Drake,-,2,13,194,What Did I Miss?|Drake|46172
30/05/2026,16,I Just Might,Bruno Mars,4,1,19,182,I Just Might|Bruno Mars|46172
30/05/2026,17,Man I Need,Olivia Dean,3,2,39,181,Man I Need|Olivia Dean|46172
30/05/2026,18,Little Birdie,Drake,-,18,1,180,Little Birdie|Drake|46172
30/05/2026,19,Make Them Remember,Drake,-,19,1,177,Make Them Remember|Drake|46172
30/05/2026,20,So Easy (To Fall In Love),Olivia Dean,5,5,34,172,So Easy (To Fall In Love)|Olivia Dean|46172
30/05/2026,21,Make Them Know,Drake,-,21,1,159,Make Them Know|Drake|46172
30/05/2026,22,Hoe Phase,Drake,-,22,1,156,Hoe Phase|Drake|46172
30/05/2026,23,Don’t Worry,Drake,-,23,1,155,Don’t Worry|Drake|46172
30/05/2026,24,I Can't Love You Anymore,Ella Langley & Morgan Wallen,11,7,4,155,I Can't Love You Anymore|Ella Langley & Morgan Wallen|46172
30/05/2026,25,Dracula,Tame Impala & JENNIE,10,10,34,148,Dracula|Tame Impala & JENNIE|46172
30/05/2026,26,Risk It All,Bruno Mars,8,4,12,143,Risk It All|Bruno Mars|46172
30/05/2026,27,Stateside,PinkPantheress With Zara Larsson,12,6,20,143,Stateside|PinkPantheress With Zara Larsson|46172
30/05/2026,28,WNBA,Drake,-,28,1,141,WNBA|Drake|46172
30/05/2026,29,Folded,Kehlani,9,6,49,141,Folded|Kehlani|46172
30/05/2026,30,Drop Dead,Olivia Rodrigo,7,1,5,140,Drop Dead|Olivia Rodrigo|46172
30/05/2026,31,Firm Friends,Drake,-,31,1,138,Firm Friends|Drake|46172
30/05/2026,32,Billie Jean,Michael Jackson,15,1,29,132,Billie Jean|Michael Jackson|46172
30/05/2026,33,Boston,Stella Lefty,20,20,7,126,Boston|Stella Lefty|46172
30/05/2026,34,I'm Spent,Drake Featuring Loe Shimmy,-,34,1,121,I'm Spent|Drake Featuring Loe Shimmy|46172
30/05/2026,35,Classic,Drake,-,35,1,118,Classic|Drake|46172
30/05/2026,36,Fortworth,Drake Featuring PARTYNEXTDOOR,-,36,1,114,Fortworth|Drake Featuring PARTYNEXTDOOR|46172
30/05/2026,37,Sleepless In A Hotel Room,Luke Combs,17,11,19,112,Sleepless In A Hotel Room|Luke Combs|46172
30/05/2026,38,Midnight Sun,Zara Larsson,25,23,18,108,Midnight Sun|Zara Larsson|46172
30/05/2026,39,Slap The City,Drake & Qendresa,-,39,1,108,Slap The City|Drake & Qendresa|46172
30/05/2026,40,Homewrecker,sombr,19,19,15,108,Homewrecker|sombr|46172
30/05/2026,41,Cheetah Print,Drake & Sexyy Red,-,41,1,107,Cheetah Print|Drake & Sexyy Red|46172
30/05/2026,42,Road Trips,Drake,-,42,1,107,Road Trips|Drake|46172
30/05/2026,43,High Fives,Drake,-,43,1,105,High Fives|Drake|46172
30/05/2026,44,Human Nature,Michael Jackson,21,7,17,102,Human Nature|Michael Jackson|46172
30/05/2026,45,Earrings,Malcolm Todd,26,26,12,101,Earrings|Malcolm Todd|46172
30/05/2026,46,Babydoll,Dominic Fike,24,16,15,101,Babydoll|Dominic Fike|46172
30/05/2026,47,Beat It,Michael Jackson,29,1,28,100,Beat It|Michael Jackson|46172
30/05/2026,48,Hit The Wall,Gracie Abrams,-,48,1,99,Hit The Wall|Gracie Abrams|46172
30/05/2026,49,Change My Mind,Riley Green,31,27,16,93,Change My Mind|Riley Green|46172
30/05/2026,50,E85,Don Toliver,32,15,16,93,E85|Don Toliver|46172
30/05/2026,51,Pop Dat Thang,DaBaby,27,26,16,92,Pop Dat Thang|DaBaby|46172
30/05/2026,52,The Great Divide,Noah Kahan,23,6,16,90,The Great Divide|Noah Kahan|46172
30/05/2026,53,Loving Life Again,Ella Langley,33,21,9,90,Loving Life Again|Ella Langley|46172
30/05/2026,54,Be By You,Luke Combs,22,12,14,88,Be By You|Luke Combs|46172
30/05/2026,55,Swim,BTS,34,1,9,86,Swim|BTS|46172
30/05/2026,56,Gen 5,Drake,-,56,1,84,Gen 5|Drake|46172
30/05/2026,57,White Bone,Drake,-,57,1,84,White Bone|Drake|46172
30/05/2026,58,Doors,Noah Kahan,30,9,4,83,Doors|Noah Kahan|46172
30/05/2026,59,Brunette,Tucker Wetmore,39,36,21,81,Brunette|Tucker Wetmore|46172
30/05/2026,60,Freakin' Out,Dexter And The Moonrocks,35,33,9,81,Freakin' Out|Dexter And The Moonrocks|46172
30/05/2026,61,Hurrr Nor Thurrr,Drake Featuring Sexyy Red,-,61,1,81,Hurrr Nor Thurrr|Drake Featuring Sexyy Red|46172
30/05/2026,62,American Girls,Harry Styles,37,4,11,80,American Girls|Harry Styles|46172
30/05/2026,63,Which One,Drake & Central Cee,-,23,13,78,Which One|Drake & Central Cee|46172
30/05/2026,64,Iloveitiloveitiloveit,Bella Kay,38,17,14,75,Iloveitiloveitiloveit|Bella Kay|46172
30/05/2026,65,Outside Tweaking,Drake & Stunna Sandy,-,65,1,71,Outside Tweaking|Drake & Stunna Sandy|46172
30/05/2026,66,Fever Dream,Alex Warren,43,21,12,70,Fever Dream|Alex Warren|46172
30/05/2026,67,True Bestie,Drake & Iconic Savvy,-,67,1,70,True Bestie|Drake & Iconic Savvy|46172
30/05/2026,68,Body,Don Toliver,40,14,16,70,Body|Don Toliver|46172
30/05/2026,69,Don't We,Morgan Wallen,52,48,15,70,Don't We|Morgan Wallen|46172
30/05/2026,70,Die On This Hill,Sienna Spiro,41,19,22,70,Die On This Hill|Sienna Spiro|46172
30/05/2026,71,Rusty Intro,Drake,-,71,1,68,Rusty Intro|Drake|46172
30/05/2026,72,New Bestie,Drake,-,72,1,68,New Bestie|Drake|46172
30/05/2026,73,Dandelion,Ella Langley,45,27,16,67,Dandelion|Ella Langley|46172
30/05/2026,74,BBW,Drake,-,74,1,67,BBW|Drake|46172
30/05/2026,75,Lush Life,Zara Larsson,42,35,23,65,Lush Life|Zara Larsson|46172
30/05/2026,76,Amazing Shape,Drake & Popcaan,-,76,1,65,Amazing Shape|Drake & Popcaan|46172
30/05/2026,77,Motion Party,BossMan Dlow,55,41,10,65,Motion Party|BossMan Dlow|46172
30/05/2026,78,Bottom Of Your Boots,Ella Langley,51,20,6,64,Bottom Of Your Boots|Ella Langley|46172
30/05/2026,79,Let 'Em Know,T.I.,48,33,17,63,Let 'Em Know|T.I.|46172
30/05/2026,80,Cinderella,Mac Miller Featuring Ty Dolla $ign,60,60,2,63,Cinderella|Mac Miller Featuring Ty Dolla $ign|46172
30/05/2026,81,Elizabeth Taylor,Taylor Swift,50,3,29,62,Elizabeth Taylor|Taylor Swift|46172
30/05/2026,82,Prioritizing,Drake,-,82,1,62,Prioritizing|Drake|46172
30/05/2026,83,Orbiter,Noah Kahan,56,56,4,59,Orbiter|Noah Kahan|46172
30/05/2026,84,Turn This Truck Around,Jordan Davis,65,57,12,59,Turn This Truck Around|Jordan Davis|46172
30/05/2026,85,Q&A,Drake,-,85,1,57,Q&A|Drake|46172
30/05/2026,86,Willing And Able,Noah Kahan,46,26,4,57,Willing And Able|Noah Kahan|46172
30/05/2026,87,White Keys,Dominic Fike,59,32,13,56,White Keys|Dominic Fike|46172
30/05/2026,88,Goose And The Juice,Drake,-,88,1,55,Goose And The Juice|Drake|46172
30/05/2026,89,Don't Tell On Me,Jason Aldean,72,67,6,53,Don't Tell On Me|Jason Aldean|46172
30/05/2026,90,Porch Light,Noah Kahan,53,20,10,53,Porch Light|Noah Kahan|46172
30/05/2026,91,Hate How You Look,Josh Ross,71,70,7,53,Hate How You Look|Josh Ross|46172
30/05/2026,92,Princess,Drake,-,92,1,52,Princess|Drake|46172
30/05/2026,93,Stuck,Drake,-,93,1,52,Stuck|Drake|46172
30/05/2026,94,End Of August,Noah Kahan,49,14,4,52,End Of August|Noah Kahan|46172
30/05/2026,95,Beautiful Things,Megan Moroney,69,32,25,52,Beautiful Things|Megan Moroney|46172
30/05/2026,96,Raindance,Dave & Tems,64,49,16,51,Raindance|Dave & Tems|46172
30/05/2026,97,McArthur,"HARDY, Eric Church, Morgan Wallen & Tim McGraw",68,31,16,51,"McArthur|HARDY, Eric Church, Morgan Wallen & Tim McGraw|46172"
30/05/2026,98,Dry Spell,Kacey Musgraves,66,55,10,51,Dry Spell|Kacey Musgraves|46172
30/05/2026,99,American Cars,Noah Kahan,57,16,4,51,American Cars|Noah Kahan|46172
30/05/2026,100,Dashboard,Noah Kahan,58,19,4,50,Dashboard|Noah Kahan|46172
23/05/2026,1,Choosin' Texas,Ella Langley,1,1,30,314,Choosin' Texas|Ella Langley|46165
23/05/2026,2,Be Her,Ella Langley,2,2,13,189,Be Her|Ella Langley|46165
23/05/2026,3,Man I Need,Olivia Dean,4,2,38,186,Man I Need|Olivia Dean|46165
23/05/2026,4,I Just Might,Bruno Mars,5,1,18,182,I Just Might|Bruno Mars|46165
23/05/2026,5,So Easy (To Fall In Love),Olivia Dean,6,5,33,179,So Easy (To Fall In Love)|Olivia Dean|46165
23/05/2026,6,Ordinary,Alex Warren,7,1,65,177,Ordinary|Alex Warren|46165
23/05/2026,7,Drop Dead,Olivia Rodrigo,3,1,4,160,Drop Dead|Olivia Rodrigo|46165
23/05/2026,8,Risk It All,Bruno Mars,15,4,11,149,Risk It All|Bruno Mars|46165
23/05/2026,9,Folded,Kehlani,9,6,48,149,Folded|Kehlani|46165
23/05/2026,10,Dracula,Tame Impala & JENNIE,10,10,33,149,Dracula|Tame Impala & JENNIE|46165
23/05/2026,11,I Can't Love You Anymore,Ella Langley & Morgan Wallen,8,7,3,144,I Can't Love You Anymore|Ella Langley & Morgan Wallen|46165
23/05/2026,12,Stateside,PinkPantheress With Zara Larsson,13,6,19,144,Stateside|PinkPantheress With Zara Larsson|46165
23/05/2026,13,Golden,"HUNTR/X: EJAE, Audrey Nuna & REI AMI",11,1,47,141,"Golden|HUNTR/X: EJAE, Audrey Nuna & REI AMI|46165"
23/05/2026,14,The Fate Of Ophelia,Taylor Swift,14,1,32,131,The Fate Of Ophelia|Taylor Swift|46165
23/05/2026,15,Billie Jean,Michael Jackson,17,1,28,130,Billie Jean|Michael Jackson|46165
23/05/2026,16,Daisies,Justin Bieber,12,2,34,125,Daisies|Justin Bieber|46165
23/05/2026,17,Sleepless In A Hotel Room,Luke Combs,16,11,18,114,Sleepless In A Hotel Room|Luke Combs|46165
23/05/2026,18,Opalite,Taylor Swift,19,1,32,112,Opalite|Taylor Swift|46165
23/05/2026,19,Homewrecker,sombr,22,19,14,108,Homewrecker|sombr|46165
23/05/2026,20,Boston,Stella Lefty,27,20,6,108,Boston|Stella Lefty|46165
23/05/2026,21,Human Nature,Michael Jackson,29,7,16,107,Human Nature|Michael Jackson|46165
23/05/2026,22,Be By You,Luke Combs,24,12,13,107,Be By You|Luke Combs|46165
23/05/2026,23,The Great Divide,Noah Kahan,18,6,15,106,The Great Divide|Noah Kahan|46165
23/05/2026,24,Babydoll,Dominic Fike,21,16,14,106,Babydoll|Dominic Fike|46165
23/05/2026,25,Midnight Sun,Zara Larsson,23,23,17,105,Midnight Sun|Zara Larsson|46165
23/05/2026,26,Earrings,Malcolm Todd,33,26,11,100,Earrings|Malcolm Todd|46165
23/05/2026,27,Pop Dat Thang,DaBaby,26,26,15,97,Pop Dat Thang|DaBaby|46165
23/05/2026,28,The Fall,Cody Johnson,28,26,33,97,The Fall|Cody Johnson|46165
23/05/2026,29,Beat It,Michael Jackson,32,1,27,97,Beat It|Michael Jackson|46165
23/05/2026,30,Doors,Noah Kahan,20,9,3,93,Doors|Noah Kahan|46165
23/05/2026,31,Change My Mind,Riley Green,34,27,15,92,Change My Mind|Riley Green|46165
23/05/2026,32,E85,Don Toliver,35,15,15,92,E85|Don Toliver|46165
23/05/2026,33,Loving Life Again,Ella Langley,31,21,8,91,Loving Life Again|Ella Langley|46165
23/05/2026,34,Swim,BTS,30,1,8,89,Swim|BTS|46165
23/05/2026,35,Freakin' Out,Dexter And The Moonrocks,38,33,8,85,Freakin' Out|Dexter And The Moonrocks|46165
23/05/2026,36,Don't Stop 'Til You Get Enough,Michael Jackson,42,1,23,85,Don't Stop 'Til You Get Enough|Michael Jackson|46165
23/05/2026,37,American Girls,Harry Styles,40,4,10,83,American Girls|Harry Styles|46165
23/05/2026,38,Iloveitiloveitiloveit,Bella Kay,37,17,13,81,Iloveitiloveitiloveit|Bella Kay|46165
23/05/2026,39,Brunette,Tucker Wetmore,50,36,20,75,Brunette|Tucker Wetmore|46165
23/05/2026,40,Body,Don Toliver,45,14,15,75,Body|Don Toliver|46165
23/05/2026,41,Die On This Hill,Sienna Spiro,48,19,21,74,Die On This Hill|Sienna Spiro|46165
23/05/2026,42,Lush Life,Zara Larsson,53,35,22,73,Lush Life|Zara Larsson|46165
23/05/2026,43,Fever Dream,Alex Warren,49,21,11,69,Fever Dream|Alex Warren|46165
23/05/2026,44,Dirty Diana,Michael Jackson,-,1,15,69,Dirty Diana|Michael Jackson|46165
23/05/2026,45,Dandelion,Ella Langley,54,27,15,68,Dandelion|Ella Langley|46165
23/05/2026,46,Willing And Able,Noah Kahan,43,26,3,68,Willing And Able|Noah Kahan|46165
23/05/2026,47,Rock With You,Michael Jackson,-,1,25,68,Rock With You|Michael Jackson|46165
23/05/2026,48,Let 'Em Know,T.I.,52,33,16,67,Let 'Em Know|T.I.|46165
23/05/2026,49,End Of August,Noah Kahan,39,14,3,66,End Of August|Noah Kahan|46165
23/05/2026,50,Elizabeth Taylor,Taylor Swift,59,3,28,66,Elizabeth Taylor|Taylor Swift|46165
23/05/2026,51,Bottom Of Your Boots,Ella Langley,51,20,5,66,Bottom Of Your Boots|Ella Langley|46165
23/05/2026,52,Don't We,Morgan Wallen,62,48,14,66,Don't We|Morgan Wallen|46165
23/05/2026,53,Porch Light,Noah Kahan,36,20,9,65,Porch Light|Noah Kahan|46165
23/05/2026,54,I Ain't Coming Back,Morgan Wallen Featuring Post Malone,57,8,48,64,I Ain't Coming Back|Morgan Wallen Featuring Post Malone|46165
23/05/2026,55,Motion Party,BossMan Dlow,60,41,9,64,Motion Party|BossMan Dlow|46165
23/05/2026,56,Orbiter,Noah Kahan,70,56,3,63,Orbiter|Noah Kahan|46165
23/05/2026,57,American Cars,Noah Kahan,44,16,3,63,American Cars|Noah Kahan|46165
23/05/2026,58,Dashboard,Noah Kahan,41,19,3,63,Dashboard|Noah Kahan|46165
23/05/2026,59,White Keys,Dominic Fike,56,32,12,63,White Keys|Dominic Fike|46165
23/05/2026,60,Cinderella,Mac Miller Featuring Ty Dolla $ign,-,60,1,59,Cinderella|Mac Miller Featuring Ty Dolla $ign|46165
23/05/2026,61,Staying Still,Noah Kahan,46,44,3,55,Staying Still|Noah Kahan|46165
23/05/2026,62,Downfall,Noah Kahan,47,23,3,55,Downfall|Noah Kahan|46165
23/05/2026,63,Obvious,Chris Brown,91,57,5,55,Obvious|Chris Brown|46165
23/05/2026,64,Raindance,Dave & Tems,65,49,15,55,Raindance|Dave & Tems|46165
23/05/2026,65,Turn This Truck Around,Jordan Davis,69,57,11,54,Turn This Truck Around|Jordan Davis|46165
23/05/2026,66,Dry Spell,Kacey Musgraves,58,55,9,52,Dry Spell|Kacey Musgraves|46165
23/05/2026,67,Haircut,Noah Kahan,55,28,3,51,Haircut|Noah Kahan|46165
23/05/2026,68,McArthur,"HARDY, Eric Church, Morgan Wallen & Tim McGraw",67,31,15,51,"McArthur|HARDY, Eric Church, Morgan Wallen & Tim McGraw|46165"
23/05/2026,69,Beautiful Things,Megan Moroney,68,32,24,50,Beautiful Things|Megan Moroney|46165
23/05/2026,70,What You Need,Tems,75,56,9,48,What You Need|Tems|46165
23/05/2026,71,Hate How You Look,Josh Ross,82,70,6,48,Hate How You Look|Josh Ross|46165
23/05/2026,72,Don't Tell On Me,Jason Aldean,78,67,5,47,Don't Tell On Me|Jason Aldean|46165
23/05/2026,73,Self Aware,Temper City,79,73,6,47,Self Aware|Temper City|46165
23/05/2026,74,What You Saying,Lil Uzi Vert,73,12,20,47,What You Saying|Lil Uzi Vert|46165
23/05/2026,75,Deny Deny Deny,Noah Kahan,61,34,3,44,Deny Deny Deny|Noah Kahan|46165
23/05/2026,76,Pinky Up,KATSEYE,72,28,5,44,Pinky Up|KATSEYE|46165
23/05/2026,77,Rein Me In,Sam Fender & Olivia Dean,77,64,9,43,Rein Me In|Sam Fender & Olivia Dean|46165
23/05/2026,78,Rethink Some Things,Luke Combs,76,46,8,43,Rethink Some Things|Luke Combs|46165
23/05/2026,79,Dan,Noah Kahan,66,50,3,43,Dan|Noah Kahan|46165
23/05/2026,80,Fallin',Chris Brown Featuring Leon Thomas,90,80,2,42,Fallin'|Chris Brown Featuring Leon Thomas|46165
23/05/2026,81,Paid Time Off,Noah Kahan,63,29,3,41,Paid Time Off|Noah Kahan|46165
23/05/2026,82,In My Room,Julia Wolf,85,57,10,41,In My Room|Julia Wolf|46165
23/05/2026,83,Woman,Kane Brown,86,81,6,41,Woman|Kane Brown|46165
23/05/2026,84,23,Noah Kahan,64,33,3,40,23|Noah Kahan|46165
23/05/2026,85,For The Moment,Chris Brown,-,85,1,37,For The Moment|Chris Brown|46165
23/05/2026,86,Rock Music,Charli xcx,-,86,1,37,Rock Music|Charli xcx|46165
23/05/2026,87,All Them Horses,Noah Kahan,71,45,3,36,All Them Horses|Noah Kahan|46165
23/05/2026,88,Mr. Know It All,Teddy Swims,92,76,5,36,Mr. Know It All|Teddy Swims|46165
23/05/2026,89,Damned If I Do,Vincent Mason,94,89,2,36,Damned If I Do|Vincent Mason|46165
23/05/2026,90,Noble,F3miii,97,90,2,36,Noble|F3miii|46165
23/05/2026,91,Rocky Mountain Low,Corey Kent & Koe Wetzel,100,84,7,36,Rocky Mountain Low|Corey Kent & Koe Wetzel|46165
23/05/2026,92,Honey Pack,Chris Brown,-,92,1,36,Honey Pack|Chris Brown|46165
23/05/2026,93,Sunburn,Tucker Wetmore,-,93,1,35,Sunburn|Tucker Wetmore|46165
23/05/2026,94,Father,Ye & Travis Scott,96,21,7,34,Father|Ye & Travis Scott|46165
23/05/2026,95,Ever Since U Left Me (I Went Deaf),French Montana & Max B,98,82,8,34,Ever Since U Left Me (I Went Deaf)|French Montana & Max B|46165
23/05/2026,96,Lighthouse,Noah Kahan,83,65,3,34,Lighthouse|Noah Kahan|46165
23/05/2026,97,We Go Way Back,Noah Kahan,81,48,3,34,We Go Way Back|Noah Kahan|46165
23/05/2026,98,Runway,Lady Gaga & Doechii,80,50,4,32,Runway|Lady Gaga & Doechii|46165
23/05/2026,99,Jane!,The Long Faces,-,74,4,32,Jane!|The Long Faces|46165
23/05/2026,100,Go Away,Weezer Featuring Best Coast,99,63,8,32,Go Away|Weezer Featuring Best Coast|46165
16/05/2026,1,Choosin' Texas,Ella Langley,1,1,29,308,Choosin' Texas|Ella Langley|46158
16/05/2026,2,Be Her,Ella Langley,5,2,12,198,Be Her|Ella Langley|46158
16/05/2026,3,Drop Dead,Olivia Rodrigo,4,1,3,196,Drop Dead|Olivia Rodrigo|46158
16/05/2026,4,Man I Need,Olivia Dean,3,2,37,195,Man I Need|Olivia Dean|46158
16/05/2026,5,I Just Might,Bruno Mars,2,1,17,193,I Just Might|Bruno Mars|46158
16/05/2026,6,So Easy (To Fall In Love),Olivia Dean,6,6,32,177,So Easy (To Fall In Love)|Olivia Dean|46158
16/05/2026,7,Ordinary,Alex Warren,8,1,64,177,Ordinary|Alex Warren|46158
16/05/2026,8,I Can't Love You Anymore,Ella Langley & Morgan Wallen,7,7,2,155,I Can't Love You Anymore|Ella Langley & Morgan Wallen|46158
16/05/2026,9,Folded,Kehlani,10,6,47,154,Folded|Kehlani|46158
16/05/2026,10,Dracula,Tame Impala & JENNIE,18,10,32,144,Dracula|Tame Impala & JENNIE|46158
16/05/2026,11,Golden,"HUNTR/X: EJAE, Audrey Nuna & REI AMI",13,1,46,141,"Golden|HUNTR/X: EJAE, Audrey Nuna & REI AMI|46158"
16/05/2026,12,Daisies,Justin Bieber,12,2,33,139,Daisies|Justin Bieber|46158
16/05/2026,13,Stateside,PinkPantheress With Zara Larsson,15,6,18,139,Stateside|PinkPantheress With Zara Larsson|46158
16/05/2026,14,The Fate Of Ophelia,Taylor Swift,17,1,31,130,The Fate Of Ophelia|Taylor Swift|46158
16/05/2026,15,Risk It All,Bruno Mars,20,4,10,128,Risk It All|Bruno Mars|46158
16/05/2026,16,Sleepless In A Hotel Room,Luke Combs,22,11,17,125,Sleepless In A Hotel Room|Luke Combs|46158
16/05/2026,17,Billie Jean,Michael Jackson,38,1,27,124,Billie Jean|Michael Jackson|46158
16/05/2026,18,The Great Divide,Noah Kahan,11,6,14,116,The Great Divide|Noah Kahan|46158
16/05/2026,19,Opalite,Taylor Swift,25,1,31,115,Opalite|Taylor Swift|46158
16/05/2026,20,Doors,Noah Kahan,9,9,2,112,Doors|Noah Kahan|46158
16/05/2026,21,Babydoll,Dominic Fike,27,16,13,107,Babydoll|Dominic Fike|46158
16/05/2026,22,Homewrecker,sombr,30,22,13,107,Homewrecker|sombr|46158
16/05/2026,23,Midnight Sun,Zara Larsson,47,23,16,105,Midnight Sun|Zara Larsson|46158
16/05/2026,24,Be By You,Luke Combs,31,12,12,103,Be By You|Luke Combs|46158
16/05/2026,25,Yukon,Justin Bieber,24,12,43,103,Yukon|Justin Bieber|46158
16/05/2026,26,Pop Dat Thang,DaBaby,43,26,14,102,Pop Dat Thang|DaBaby|46158
16/05/2026,27,Boston,Stella Lefty,42,27,5,96,Boston|Stella Lefty|46158
16/05/2026,28,The Fall,Cody Johnson,39,26,32,94,The Fall|Cody Johnson|46158
16/05/2026,29,Human Nature,Michael Jackson,-,7,15,93,Human Nature|Michael Jackson|46158
16/05/2026,30,Swim,BTS,32,1,7,93,Swim|BTS|46158
16/05/2026,31,Loving Life Again,Ella Langley,36,21,7,92,Loving Life Again|Ella Langley|46158
16/05/2026,32,Beat It,Michael Jackson,-,1,26,92,Beat It|Michael Jackson|46158
16/05/2026,33,Earrings,Malcolm Todd,40,33,10,91,Earrings|Malcolm Todd|46158
16/05/2026,34,Change My Mind,Riley Green,41,27,14,90,Change My Mind|Riley Green|46158
16/05/2026,35,E85,Don Toliver,35,15,14,90,E85|Don Toliver|46158
16/05/2026,36,Porch Light,Noah Kahan,21,20,8,89,Porch Light|Noah Kahan|46158
16/05/2026,37,Iloveitiloveitiloveit,Bella Kay,37,17,12,87,Iloveitiloveitiloveit|Bella Kay|46158
16/05/2026,38,Freakin' Out,Dexter And The Moonrocks,46,33,7,86,Freakin' Out|Dexter And The Moonrocks|46158
16/05/2026,39,End Of August,Noah Kahan,14,14,2,85,End Of August|Noah Kahan|46158
16/05/2026,40,American Girls,Harry Styles,49,4,9,83,American Girls|Harry Styles|46158
16/05/2026,41,Dashboard,Noah Kahan,19,19,2,83,Dashboard|Noah Kahan|46158
16/05/2026,42,Don't Stop 'Til You Get Enough,Michael Jackson,-,1,22,83,Don't Stop 'Til You Get Enough|Michael Jackson|46158
16/05/2026,43,Willing And Able,Noah Kahan,26,26,2,82,Willing And Able|Noah Kahan|46158
16/05/2026,44,American Cars,Noah Kahan,16,16,2,82,American Cars|Noah Kahan|46158
16/05/2026,45,Body,Don Toliver,52,14,14,78,Body|Don Toliver|46158
16/05/2026,46,Staying Still,Noah Kahan,44,44,2,74,Staying Still|Noah Kahan|46158
16/05/2026,47,Downfall,Noah Kahan,23,23,2,73,Downfall|Noah Kahan|46158
16/05/2026,48,Die On This Hill,Sienna Spiro,54,19,20,72,Die On This Hill|Sienna Spiro|46158
16/05/2026,49,Fever Dream,Alex Warren,55,21,10,72,Fever Dream|Alex Warren|46158
16/05/2026,50,Brunette,Tucker Wetmore,60,36,19,71,Brunette|Tucker Wetmore|46158
16/05/2026,51,Bottom Of Your Boots,Ella Langley,53,20,4,70,Bottom Of Your Boots|Ella Langley|46158
16/05/2026,52,Let 'Em Know,T.I.,58,33,15,70,Let 'Em Know|T.I.|46158
16/05/2026,53,Lush Life,Zara Larsson,61,35,21,70,Lush Life|Zara Larsson|46158
16/05/2026,54,Dandelion,Ella Langley,57,27,14,68,Dandelion|Ella Langley|46158
16/05/2026,55,Haircut,Noah Kahan,28,28,2,68,Haircut|Noah Kahan|46158
16/05/2026,56,White Keys,Dominic Fike,59,32,11,65,White Keys|Dominic Fike|46158
16/05/2026,57,I Ain't Coming Back,Morgan Wallen Featuring Post Malone,63,8,47,64,I Ain't Coming Back|Morgan Wallen Featuring Post Malone|46158
16/05/2026,58,Dry Spell,Kacey Musgraves,83,55,8,64,Dry Spell|Kacey Musgraves|46158
16/05/2026,59,Elizabeth Taylor,Taylor Swift,64,3,27,62,Elizabeth Taylor|Taylor Swift|46158
16/05/2026,60,Motion Party,BossMan Dlow,66,41,8,62,Motion Party|BossMan Dlow|46158
16/05/2026,61,Deny Deny Deny,Noah Kahan,34,34,2,60,Deny Deny Deny|Noah Kahan|46158
16/05/2026,62,Don't We,Morgan Wallen,68,48,13,59,Don't We|Morgan Wallen|46158
16/05/2026,63,Paid Time Off,Noah Kahan,29,29,2,59,Paid Time Off|Noah Kahan|46158
16/05/2026,64,23,Noah Kahan,33,33,2,56,23|Noah Kahan|46158
16/05/2026,65,Raindance,Dave & Tems,69,49,14,55,Raindance|Dave & Tems|46158
16/05/2026,66,Dan,Noah Kahan,50,50,2,55,Dan|Noah Kahan|46158
16/05/2026,67,McArthur,"HARDY, Eric Church, Morgan Wallen & Tim McGraw",72,31,14,51,"McArthur|HARDY, Eric Church, Morgan Wallen & Tim McGraw|46158"
16/05/2026,68,Beautiful Things,Megan Moroney,73,32,23,50,Beautiful Things|Megan Moroney|46158
16/05/2026,69,Turn This Truck Around,Jordan Davis,74,57,10,50,Turn This Truck Around|Jordan Davis|46158
16/05/2026,70,Orbiter,Noah Kahan,79,70,2,50,Orbiter|Noah Kahan|46158
16/05/2026,71,All Them Horses,Noah Kahan,45,45,2,50,All Them Horses|Noah Kahan|46158
16/05/2026,72,Pinky Up,KATSEYE,71,28,4,50,Pinky Up|KATSEYE|46158
16/05/2026,73,What You Saying,Lil Uzi Vert,70,12,19,49,What You Saying|Lil Uzi Vert|46158
16/05/2026,74,Bring Your Love,Madonna & Sabrina Carpenter,-,74,1,49,Bring Your Love|Madonna & Sabrina Carpenter|46158
16/05/2026,75,What You Need,Tems,77,56,8,48,What You Need|Tems|46158
16/05/2026,76,Rethink Some Things,Luke Combs,78,46,7,48,Rethink Some Things|Luke Combs|46158
16/05/2026,77,Rein Me In,Sam Fender & Olivia Dean,80,64,8,47,Rein Me In|Sam Fender & Olivia Dean|46158
16/05/2026,78,Don't Tell On Me,Jason Aldean,67,67,4,46,Don't Tell On Me|Jason Aldean|46158
16/05/2026,79,Self Aware,Temper City,87,79,5,46,Self Aware|Temper City|46158
16/05/2026,80,Runway,Lady Gaga & Doechii,-,50,3,45,Runway|Lady Gaga & Doechii|46158
16/05/2026,81,We Go Way Back,Noah Kahan,48,48,2,45,We Go Way Back|Noah Kahan|46158
16/05/2026,82,Hate How You Look,Josh Ross,85,70,5,44,Hate How You Look|Josh Ross|46158
16/05/2026,83,Lighthouse,Noah Kahan,65,65,2,44,Lighthouse|Noah Kahan|46158
16/05/2026,84,Horses And Divorces,Kacey Musgraves Featuring Miranda Lambert,-,84,1,43,Horses And Divorces|Kacey Musgraves Featuring Miranda Lambert|46158
16/05/2026,85,In My Room,Julia Wolf,82,57,9,42,In My Room|Julia Wolf|46158
16/05/2026,86,Woman,Kane Brown,89,81,5,41,Woman|Kane Brown|46158
16/05/2026,87,Fine Place To Die,Alex Warren,-,87,1,41,Fine Place To Die|Alex Warren|46158
16/05/2026,88,Spoiled,Noah Kahan,56,56,2,41,Spoiled|Noah Kahan|46158
16/05/2026,89,Headed North,Noah Kahan,51,51,2,41,Headed North|Noah Kahan|46158
16/05/2026,90,Fallin',Chris Brown Featuring Leon Thomas,-,90,1,39,Fallin'|Chris Brown Featuring Leon Thomas|46158
16/05/2026,91,Obvious,Chris Brown,99,57,4,38,Obvious|Chris Brown|46158
16/05/2026,92,Mr. Know It All,Teddy Swims,93,76,4,38,Mr. Know It All|Teddy Swims|46158
16/05/2026,93,FDO,Pooh Shiesty,86,12,20,38,FDO|Pooh Shiesty|46158
16/05/2026,94,Damned If I Do,Vincent Mason,-,94,1,38,Damned If I Do|Vincent Mason|46158
16/05/2026,95,A Few Of Your Own,Noah Kahan,81,81,2,38,A Few Of Your Own|Noah Kahan|46158
16/05/2026,96,Father,Ye & Travis Scott,88,21,6,36,Father|Ye & Travis Scott|46158
16/05/2026,97,Noble,F3miii,-,97,1,36,Noble|F3miii|46158
16/05/2026,98,Ever Since U Left Me (I Went Deaf),French Montana & Max B,98,82,7,34,Ever Since U Left Me (I Went Deaf)|French Montana & Max B|46158
16/05/2026,99,Go Away,Weezer Featuring Best Coast,94,63,7,32,Go Away|Weezer Featuring Best Coast|46158
16/05/2026,100,Rocky Mountain Low,Corey Kent & Koe Wetzel,-,84,6,32,Rocky Mountain Low|Corey Kent & Koe Wetzel|46158
09/05/2026,1,Choosin' Texas,Ella Langley,2,1,28,300,Choosin' Texas|Ella Langley|46151
09/05/2026,2,I Just Might,Bruno Mars,3,1,16,202,I Just Might|Bruno Mars|46151
09/05/2026,3,Man I Need,Olivia Dean,4,2,36,196,Man I Need|Olivia Dean|46151
09/05/2026,4,Drop Dead,Olivia Rodrigo,1,1,2,196,Drop Dead|Olivia Rodrigo|46151
09/05/2026,5,Be Her,Ella Langley,5,4,11,195,Be Her|Ella Langley|46151
09/05/2026,6,So Easy (To Fall In Love),Olivia Dean,7,6,31,183,So Easy (To Fall In Love)|Olivia Dean|46151
09/05/2026,7,I Can't Love You Anymore,Ella Langley & Morgan Wallen,-,7,1,179,I Can't Love You Anymore|Ella Langley & Morgan Wallen|46151
09/05/2026,8,Ordinary,Alex Warren,6,1,63,178,Ordinary|Alex Warren|46151
09/05/2026,9,Doors,Noah Kahan,-,9,1,175,Doors|Noah Kahan|46151
09/05/2026,10,Folded,Kehlani,10,6,46,171,Folded|Kehlani|46151
09/05/2026,11,The Great Divide,Noah Kahan,44,6,13,162,The Great Divide|Noah Kahan|46151
09/05/2026,12,Daisies,Justin Bieber,8,2,32,154,Daisies|Justin Bieber|46151
09/05/2026,13,Golden,"HUNTR/X: EJAE, Audrey Nuna & REI AMI",9,1,45,146,"Golden|HUNTR/X: EJAE, Audrey Nuna & REI AMI|46151"
09/05/2026,14,End Of August,Noah Kahan,-,14,1,145,End Of August|Noah Kahan|46151
09/05/2026,15,Stateside,PinkPantheress With Zara Larsson,13,6,17,137,Stateside|PinkPantheress With Zara Larsson|46151
09/05/2026,16,American Cars,Noah Kahan,-,16,1,135,American Cars|Noah Kahan|46151
09/05/2026,17,The Fate Of Ophelia,Taylor Swift,14,1,30,133,The Fate Of Ophelia|Taylor Swift|46151
09/05/2026,18,Dracula,Tame Impala & JENNIE,16,15,31,132,Dracula|Tame Impala & JENNIE|46151
09/05/2026,19,Dashboard,Noah Kahan,-,19,1,131,Dashboard|Noah Kahan|46151
09/05/2026,20,Risk It All,Bruno Mars,15,4,9,131,Risk It All|Bruno Mars|46151
09/05/2026,21,Porch Light,Noah Kahan,60,20,7,130,Porch Light|Noah Kahan|46151
09/05/2026,22,Sleepless In A Hotel Room,Luke Combs,18,11,16,128,Sleepless In A Hotel Room|Luke Combs|46151
09/05/2026,23,Downfall,Noah Kahan,-,23,1,123,Downfall|Noah Kahan|46151
09/05/2026,24,Yukon,Justin Bieber,12,12,42,119,Yukon|Justin Bieber|46151
09/05/2026,25,Opalite,Taylor Swift,17,1,30,117,Opalite|Taylor Swift|46151
09/05/2026,26,Willing And Able,Noah Kahan,-,26,1,114,Willing And Able|Noah Kahan|46151
09/05/2026,27,Babydoll,Dominic Fike,20,16,12,111,Babydoll|Dominic Fike|46151
09/05/2026,28,Haircut,Noah Kahan,-,28,1,110,Haircut|Noah Kahan|46151
09/05/2026,29,Paid Time Off,Noah Kahan,-,29,1,109,Paid Time Off|Noah Kahan|46151
09/05/2026,30,Homewrecker,sombr,23,22,12,107,Homewrecker|sombr|46151
09/05/2026,31,Be By You,Luke Combs,24,12,11,104,Be By You|Luke Combs|46151
09/05/2026,32,Swim,BTS,22,1,6,101,Swim|BTS|46151
09/05/2026,33,23,Noah Kahan,-,33,1,99,23|Noah Kahan|46151
09/05/2026,34,Deny Deny Deny,Noah Kahan,-,34,1,98,Deny Deny Deny|Noah Kahan|46151
09/05/2026,35,E85,Don Toliver,25,15,13,97,E85|Don Toliver|46151
09/05/2026,36,Loving Life Again,Ella Langley,28,21,6,95,Loving Life Again|Ella Langley|46151
09/05/2026,37,Iloveitiloveitiloveit,Bella Kay,26,17,11,94,Iloveitiloveitiloveit|Bella Kay|46151
09/05/2026,38,Billie Jean,Michael Jackson,-,1,26,94,Billie Jean|Michael Jackson|46151
09/05/2026,39,The Fall,Cody Johnson,27,26,31,92,The Fall|Cody Johnson|46151
09/05/2026,40,Earrings,Malcolm Todd,35,35,9,88,Earrings|Malcolm Todd|46151
09/05/2026,41,Change My Mind,Riley Green,31,27,13,87,Change My Mind|Riley Green|46151
09/05/2026,42,Boston,Stella Lefty,51,42,4,87,Boston|Stella Lefty|46151
09/05/2026,43,Pop Dat Thang,DaBaby,30,29,13,86,Pop Dat Thang|DaBaby|46151
09/05/2026,44,Staying Still,Noah Kahan,-,44,1,86,Staying Still|Noah Kahan|46151
09/05/2026,45,All Them Horses,Noah Kahan,-,45,1,85,All Them Horses|Noah Kahan|46151
09/05/2026,46,Freakin' Out,Dexter And The Moonrocks,33,33,6,84,Freakin' Out|Dexter And The Moonrocks|46151
09/05/2026,47,Midnight Sun,Zara Larsson,47,39,15,81,Midnight Sun|Zara Larsson|46151
09/05/2026,48,We Go Way Back,Noah Kahan,-,48,1,80,We Go Way Back|Noah Kahan|46151
09/05/2026,49,American Girls,Harry Styles,34,4,8,79,American Girls|Harry Styles|46151
09/05/2026,50,Dan,Noah Kahan,-,50,1,79,Dan|Noah Kahan|46151
09/05/2026,51,Headed North,Noah Kahan,-,51,1,78,Headed North|Noah Kahan|46151
09/05/2026,52,Body,Don Toliver,32,14,13,78,Body|Don Toliver|46151
09/05/2026,53,Bottom Of Your Boots,Ella Langley,29,20,3,77,Bottom Of Your Boots|Ella Langley|46151
09/05/2026,54,Die On This Hill,Sienna Spiro,38,19,19,77,Die On This Hill|Sienna Spiro|46151
09/05/2026,55,Fever Dream,Alex Warren,40,21,9,75,Fever Dream|Alex Warren|46151
09/05/2026,56,Spoiled,Noah Kahan,-,56,1,74,Spoiled|Noah Kahan|46151
09/05/2026,57,Dandelion,Ella Langley,37,27,13,73,Dandelion|Ella Langley|46151
09/05/2026,58,Let 'Em Know,T.I.,41,33,14,72,Let 'Em Know|T.I.|46151
09/05/2026,59,White Keys,Dominic Fike,36,32,10,71,White Keys|Dominic Fike|46151
09/05/2026,60,Brunette,Tucker Wetmore,52,36,18,69,Brunette|Tucker Wetmore|46151
09/05/2026,61,Lush Life,Zara Larsson,48,35,20,68,Lush Life|Zara Larsson|46151
09/05/2026,62,When Did You Get Hot?,Sabrina Carpenter,46,17,33,67,When Did You Get Hot?|Sabrina Carpenter|46151
09/05/2026,63,I Ain't Coming Back,Morgan Wallen Featuring Post Malone,42,8,46,62,I Ain't Coming Back|Morgan Wallen Featuring Post Malone|46151
09/05/2026,64,Elizabeth Taylor,Taylor Swift,21,3,26,62,Elizabeth Taylor|Taylor Swift|46151
09/05/2026,65,Lighthouse,Noah Kahan,-,65,1,61,Lighthouse|Noah Kahan|46151
09/05/2026,66,Motion Party,BossMan Dlow,50,41,7,61,Motion Party|BossMan Dlow|46151
09/05/2026,67,Don't Tell On Me,Jason Aldean,78,67,3,58,Don't Tell On Me|Jason Aldean|46151
09/05/2026,68,Don't We,Morgan Wallen,56,48,12,56,Don't We|Morgan Wallen|46151
09/05/2026,69,Raindance,Dave & Tems,54,49,13,55,Raindance|Dave & Tems|46151
09/05/2026,70,What You Saying,Lil Uzi Vert,53,12,18,54,What You Saying|Lil Uzi Vert|46151
09/05/2026,71,Pinky Up,KATSEYE,49,28,3,54,Pinky Up|KATSEYE|46151
09/05/2026,72,McArthur,"HARDY, Eric Church, Morgan Wallen & Tim McGraw",55,31,13,52,"McArthur|HARDY, Eric Church, Morgan Wallen & Tim McGraw|46151"
09/05/2026,73,Beautiful Things,Megan Moroney,58,32,22,51,Beautiful Things|Megan Moroney|46151
09/05/2026,74,Turn This Truck Around,Jordan Davis,57,57,9,51,Turn This Truck Around|Jordan Davis|46151
09/05/2026,75,I Saw Your Face,Malcolm Todd,-,75,1,51,I Saw Your Face|Malcolm Todd|46151
09/05/2026,76,Shoulda Never,Kehlani Featuring Usher,-,76,1,49,Shoulda Never|Kehlani Featuring Usher|46151
09/05/2026,77,What You Need,Tems,62,56,7,49,What You Need|Tems|46151
09/05/2026,78,Rethink Some Things,Luke Combs,75,46,6,48,Rethink Some Things|Luke Combs|46151
09/05/2026,79,Orbiter,Noah Kahan,-,79,1,46,Orbiter|Noah Kahan|46151
09/05/2026,80,Rein Me In,Sam Fender & Olivia Dean,66,64,7,46,Rein Me In|Sam Fender & Olivia Dean|46151
09/05/2026,81,A Few Of Your Own,Noah Kahan,-,81,1,45,A Few Of Your Own|Noah Kahan|46151
09/05/2026,82,In My Room,Julia Wolf,63,57,8,43,In My Room|Julia Wolf|46151
09/05/2026,83,Dry Spell,Kacey Musgraves,64,55,7,43,Dry Spell|Kacey Musgraves|46151
09/05/2026,84,She Did It Again,Tyla Featuring Zara Larsson,59,59,2,41,She Did It Again|Tyla Featuring Zara Larsson|46151
09/05/2026,85,Hate How You Look,Josh Ross,70,70,4,41,Hate How You Look|Josh Ross|46151
09/05/2026,86,FDO,Pooh Shiesty,67,12,19,39,FDO|Pooh Shiesty|46151
09/05/2026,87,Self Aware,Temper City,85,85,4,39,Self Aware|Temper City|46151
09/05/2026,88,Father,Ye & Travis Scott,69,21,5,39,Father|Ye & Travis Scott|46151
09/05/2026,89,Woman,Kane Brown,81,81,4,39,Woman|Kane Brown|46151
09/05/2026,90,GOMF,Latto Featuring GloRilla,-,90,1,39,GOMF|Latto Featuring GloRilla|46151
09/05/2026,91,My Way,Riley Green,93,91,2,39,My Way|Riley Green|46151
09/05/2026,92,Broken,Ella Langley,68,53,3,39,Broken|Ella Langley|46151
09/05/2026,93,Mr. Know It All,Teddy Swims,76,76,3,37,Mr. Know It All|Teddy Swims|46151
09/05/2026,94,Go Away,Weezer Featuring Best Coast,71,63,6,37,Go Away|Weezer Featuring Best Coast|46151
09/05/2026,95,Potential,sombr,61,61,2,37,Potential|sombr|46151
09/05/2026,96,Despues de Ti,Karol G & Greg Gonzalez,-,96,1,36,Despues de Ti|Karol G & Greg Gonzalez|46151
09/05/2026,97,"Younger You (From The ""Hannah Montana 20th Anniversary Special"")",Miley Cyrus,77,69,3,35,"Younger You (From The ""Hannah Montana 20th Anniversary Special"")|Miley Cyrus|46151"
09/05/2026,98,Ever Since U Left Me (I Went Deaf),French Montana & Max B,82,82,6,35,Ever Since U Left Me (I Went Deaf)|French Montana & Max B|46151
09/05/2026,99,Obvious,Chris Brown,79,57,3,35,Obvious|Chris Brown|46151
09/05/2026,100,Silent Treatment,Freya Skye,98,88,4,35,Silent Treatment|Freya Skye|46151
02/05/2026,1,Drop Dead,Olivia Rodrigo,-,1,1,344,Drop Dead|Olivia Rodrigo|46144
02/05/2026,2,Choosin' Texas,Ella Langley,1,1,27,316,Choosin' Texas|Ella Langley|46144
02/05/2026,3,I Just Might,Bruno Mars,3,1,15,206,I Just Might|Bruno Mars|46144
02/05/2026,4,Man I Need,Olivia Dean,2,2,35,205,Man I Need|Olivia Dean|46144
02/05/2026,5,Be Her,Ella Langley,4,4,10,198,Be Her|Ella Langley|46144
02/05/2026,6,Ordinary,Alex Warren,5,1,62,181,Ordinary|Alex Warren|46144
02/05/2026,7,So Easy (To Fall In Love),Olivia Dean,6,6,30,176,So Easy (To Fall In Love)|Olivia Dean|46144
02/05/2026,8,Daisies,Justin Bieber,18,2,31,176,Daisies|Justin Bieber|46144
02/05/2026,9,Golden,"HUNTR/X: EJAE, Audrey Nuna & REI AMI",7,1,44,153,"Golden|HUNTR/X: EJAE, Audrey Nuna & REI AMI|46144"
02/05/2026,10,Folded,Kehlani,9,6,45,147,Folded|Kehlani|46144
02/05/2026,11,Beauty And A Beat,Justin Bieber Featuring Nicki Minaj,26,5,26,145,Beauty And A Beat|Justin Bieber Featuring Nicki Minaj|46144
02/05/2026,12,Yukon,Justin Bieber,13,12,41,141,Yukon|Justin Bieber|46144
02/05/2026,13,Stateside,PinkPantheress With Zara Larsson,8,6,16,140,Stateside|PinkPantheress With Zara Larsson|46144
02/05/2026,14,The Fate Of Ophelia,Taylor Swift,11,1,29,137,The Fate Of Ophelia|Taylor Swift|46144
02/05/2026,15,Risk It All,Bruno Mars,12,4,8,133,Risk It All|Bruno Mars|46144
02/05/2026,16,Dracula,Tame Impala & JENNIE,15,15,30,132,Dracula|Tame Impala & JENNIE|46144
02/05/2026,17,Opalite,Taylor Swift,17,1,29,130,Opalite|Taylor Swift|46144
02/05/2026,18,Sleepless In A Hotel Room,Luke Combs,16,11,15,128,Sleepless In A Hotel Room|Luke Combs|46144
02/05/2026,19,Where Is My Husband!,RAYE,14,11,30,124,Where Is My Husband!|RAYE|46144
02/05/2026,20,Babydoll,Dominic Fike,19,16,11,116,Babydoll|Dominic Fike|46144
02/05/2026,21,Elizabeth Taylor,Taylor Swift,51,3,25,115,Elizabeth Taylor|Taylor Swift|46144
02/05/2026,22,Swim,BTS,10,1,5,114,Swim|BTS|46144
02/05/2026,23,Homewrecker,sombr,25,22,11,112,Homewrecker|sombr|46144
02/05/2026,24,Be By You,Luke Combs,24,12,10,105,Be By You|Luke Combs|46144
02/05/2026,25,E85,Don Toliver,23,15,12,104,E85|Don Toliver|46144
02/05/2026,26,Iloveitiloveitiloveit,Bella Kay,22,17,10,102,Iloveitiloveitiloveit|Bella Kay|46144
02/05/2026,27,The Fall,Cody Johnson,29,26,30,93,The Fall|Cody Johnson|46144
02/05/2026,28,Loving Life Again,Ella Langley,21,21,5,92,Loving Life Again|Ella Langley|46144
02/05/2026,29,Bottom Of Your Boots,Ella Langley,20,20,2,89,Bottom Of Your Boots|Ella Langley|46144
02/05/2026,30,Pop Dat Thang,DaBaby,32,29,12,87,Pop Dat Thang|DaBaby|46144
02/05/2026,31,Change My Mind,Riley Green,33,27,12,85,Change My Mind|Riley Green|46144
02/05/2026,32,Body,Don Toliver,31,14,12,84,Body|Don Toliver|46144
02/05/2026,33,Freakin' Out,Dexter And The Moonrocks,35,33,5,83,Freakin' Out|Dexter And The Moonrocks|46144
02/05/2026,34,American Girls,Harry Styles,30,4,7,81,American Girls|Harry Styles|46144
02/05/2026,35,Earrings,Malcolm Todd,40,35,8,81,Earrings|Malcolm Todd|46144
02/05/2026,36,White Keys,Dominic Fike,34,32,9,79,White Keys|Dominic Fike|46144
02/05/2026,37,Dandelion,Ella Langley,27,27,12,78,Dandelion|Ella Langley|46144
02/05/2026,38,Die On This Hill,Sienna Spiro,36,19,18,77,Die On This Hill|Sienna Spiro|46144
02/05/2026,39,Baby,Justin Bieber Featuring Ludacris,47,5,22,77,Baby|Justin Bieber Featuring Ludacris|46144
02/05/2026,40,Fever Dream,Alex Warren,39,21,8,76,Fever Dream|Alex Warren|46144
02/05/2026,41,Let 'Em Know,T.I.,37,33,13,76,Let 'Em Know|T.I.|46144
02/05/2026,42,I Ain't Coming Back,Morgan Wallen Featuring Post Malone,38,8,45,75,I Ain't Coming Back|Morgan Wallen Featuring Post Malone|46144
02/05/2026,43,Confident,Justin Bieber Featuring Chance the Rapper,-,41,4,74,Confident|Justin Bieber Featuring Chance the Rapper|46144
02/05/2026,44,The Great Divide,Noah Kahan,45,6,12,74,The Great Divide|Noah Kahan|46144
02/05/2026,45,Days Like These,Luke Combs,46,31,26,74,Days Like These|Luke Combs|46144
02/05/2026,46,When Did You Get Hot?,Sabrina Carpenter,41,17,32,72,When Did You Get Hot?|Sabrina Carpenter|46144
02/05/2026,47,Midnight Sun,Zara Larsson,44,39,14,72,Midnight Sun|Zara Larsson|46144
02/05/2026,48,Lush Life,Zara Larsson,42,35,19,72,Lush Life|Zara Larsson|46144
02/05/2026,49,Pinky Up,KATSEYE,28,28,2,70,Pinky Up|KATSEYE|46144
02/05/2026,50,Motion Party,BossMan Dlow,43,41,6,66,Motion Party|BossMan Dlow|46144
02/05/2026,51,Boston,Stella Lefty,60,51,3,64,Boston|Stella Lefty|46144
02/05/2026,52,Brunette,Tucker Wetmore,49,36,17,64,Brunette|Tucker Wetmore|46144
02/05/2026,53,What You Saying,Lil Uzi Vert,48,12,17,61,What You Saying|Lil Uzi Vert|46144
02/05/2026,54,Raindance,Dave & Tems,52,49,12,57,Raindance|Dave & Tems|46144
02/05/2026,55,McArthur,"HARDY, Eric Church, Morgan Wallen & Tim McGraw",58,31,12,53,"McArthur|HARDY, Eric Church, Morgan Wallen & Tim McGraw|46144"
02/05/2026,56,Don't We,Morgan Wallen,68,48,11,52,Don't We|Morgan Wallen|46144
02/05/2026,57,Turn This Truck Around,Jordan Davis,66,57,8,50,Turn This Truck Around|Jordan Davis|46144
02/05/2026,58,Beautiful Things,Megan Moroney,67,32,21,50,Beautiful Things|Megan Moroney|46144
02/05/2026,59,She Did It Again,Tyla Featuring Zara Larsson,-,59,1,50,She Did It Again|Tyla Featuring Zara Larsson|46144
02/05/2026,60,Porch Light,Noah Kahan,72,20,6,49,Porch Light|Noah Kahan|46144
02/05/2026,61,Potential,sombr,-,61,1,49,Potential|sombr|46144
02/05/2026,62,What You Need,Tems,65,56,6,47,What You Need|Tems|46144
02/05/2026,63,In My Room,Julia Wolf,61,57,7,47,In My Room|Julia Wolf|46144
02/05/2026,64,Dry Spell,Kacey Musgraves,74,55,6,45,Dry Spell|Kacey Musgraves|46144
02/05/2026,65,What He'll Never Have,Dylan Scott,56,55,8,45,What He'll Never Have|Dylan Scott|46144
02/05/2026,66,Rein Me In,Sam Fender & Olivia Dean,73,64,6,45,Rein Me In|Sam Fender & Olivia Dean|46144
02/05/2026,67,FDO,Pooh Shiesty,59,12,18,43,FDO|Pooh Shiesty|46144
02/05/2026,68,Broken,Ella Langley,53,53,2,43,Broken|Ella Langley|46144
02/05/2026,69,Father,Ye & Travis Scott,64,21,4,41,Father|Ye & Travis Scott|46144
02/05/2026,70,Hate How You Look,Josh Ross,85,70,3,41,Hate How You Look|Josh Ross|46144
02/05/2026,71,Go Away,Weezer Featuring Best Coast,77,63,5,40,Go Away|Weezer Featuring Best Coast|46144
02/05/2026,72,Mrs. Trendsetter,Lil Baby,81,64,10,39,Mrs. Trendsetter|Lil Baby|46144
02/05/2026,73,You & Me Time,Ella Langley,55,55,2,39,You & Me Time|Ella Langley|46144
02/05/2026,74,Chanel,Tyla,79,43,19,38,Chanel|Tyla|46144
02/05/2026,75,Rethink Some Things,Luke Combs,78,46,5,38,Rethink Some Things|Luke Combs|46144
02/05/2026,76,Mr. Know It All,Teddy Swims,82,76,2,38,Mr. Know It All|Teddy Swims|46144
02/05/2026,77,"Younger You (From The ""Hannah Montana 20th Anniversary Special"")",Miley Cyrus,-,69,2,38,"Younger You (From The ""Hannah Montana 20th Anniversary Special"")|Miley Cyrus|46144"
02/05/2026,78,Don't Tell On Me,Jason Aldean,96,78,2,37,Don't Tell On Me|Jason Aldean|46144
02/05/2026,79,Obvious,Chris Brown,57,57,2,37,Obvious|Chris Brown|46144
02/05/2026,80,Speed Demon,Justin Bieber,-,66,2,36,Speed Demon|Justin Bieber|46144
02/05/2026,81,Woman,Kane Brown,100,81,3,36,Woman|Kane Brown|46144
02/05/2026,82,Ever Since U Left Me (I Went Deaf),French Montana & Max B,89,82,5,36,Ever Since U Left Me (I Went Deaf)|French Montana & Max B|46144
02/05/2026,83,Ferrari,"Clave Especial, Fuerza Regida & Los Gemelos de Sinaloa",-,83,1,36,"Ferrari|Clave Especial, Fuerza Regida & Los Gemelos de Sinaloa|46144"
02/05/2026,84,I Want You,Cody Johnson,-,84,1,36,I Want You|Cody Johnson|46144
02/05/2026,85,Self Aware,Temper City,97,85,3,36,Self Aware|Temper City|46144
02/05/2026,86,Rocky Mountain Low,Corey Kent & Koe Wetzel,92,84,5,35,Rocky Mountain Low|Corey Kent & Koe Wetzel|46144
02/05/2026,87,Runway,Lady Gaga & Doechii,50,50,2,34,Runway|Lady Gaga & Doechii|46144
02/05/2026,88,We Know Us,Ella Langley,54,54,2,34,We Know Us|Ella Langley|46144
02/05/2026,89,Butterfly Season,Ella Langley & Miranda Lambert,71,71,2,34,Butterfly Season|Ella Langley & Miranda Lambert|46144
02/05/2026,90,Dano,Peso Pluma & Tito Double P,87,75,9,34,Dano|Peso Pluma & Tito Double P|46144
02/05/2026,91,Who Knows,Daniel Caesar,95,52,16,34,Who Knows|Daniel Caesar|46144
02/05/2026,92,Be Like A Woman,Chris Rainbow,-,92,2,34,Be Like A Woman|Chris Rainbow|46144
02/05/2026,93,My Way,Riley Green,-,93,1,33,My Way|Riley Green|46144
02/05/2026,94,Plastic Cigarette,Zach Bryan,99,13,14,33,Plastic Cigarette|Zach Bryan|46144
02/05/2026,95,Body To Body,BTS,69,25,5,33,Body To Body|BTS|46144
02/05/2026,96,Zoo,Shakira,98,73,11,32,Zoo|Shakira|46144
02/05/2026,97,Empty Words,Corey Kent,-,97,1,32,Empty Words|Corey Kent|46144
02/05/2026,98,Silent Treatment,Freya Skye,-,88,3,32,Silent Treatment|Freya Skye|46144
02/05/2026,99,Sweet Boy,Malcolm Todd,-,99,2,32,Sweet Boy|Malcolm Todd|46144
02/05/2026,100,Jane!,The Long Faces,93,74,3,32,Jane!|The Long Faces|46144
25/04/2026,1,Choosin' Texas,Ella Langley,1,1,26,341,Choosin' Texas|Ella Langley|46137
25/04/2026,2,Man I Need,Olivia Dean,2,2,34,221,Man I Need|Olivia Dean|46137
25/04/2026,3,I Just Might,Bruno Mars,3,1,14,215,I Just Might|Bruno Mars|46137
25/04/2026,4,Be Her,Ella Langley,8,4,9,210,Be Her|Ella Langley|46137
25/04/2026,5,Ordinary,Alex Warren,4,1,61,186,Ordinary|Alex Warren|46137
25/04/2026,6,So Easy (To Fall In Love),Olivia Dean,6,6,29,175,So Easy (To Fall In Love)|Olivia Dean|46137
25/04/2026,7,Golden,"HUNTR/X: EJAE, Audrey Nuna & REI AMI",7,1,43,158,"Golden|HUNTR/X: EJAE, Audrey Nuna & REI AMI|46137"
25/04/2026,8,Stateside,PinkPantheress With Zara Larsson,9,6,15,148,Stateside|PinkPantheress With Zara Larsson|46137
25/04/2026,9,Folded,Kehlani,10,6,44,148,Folded|Kehlani|46137
25/04/2026,10,Swim,BTS,5,1,4,141,Swim|BTS|46137
25/04/2026,11,The Fate Of Ophelia,Taylor Swift,11,1,28,140,The Fate Of Ophelia|Taylor Swift|46137
25/04/2026,12,Risk It All,Bruno Mars,14,4,7,139,Risk It All|Bruno Mars|46137
25/04/2026,13,Yukon,Justin Bieber,20,13,40,135,Yukon|Justin Bieber|46137
25/04/2026,14,Where Is My Husband!,RAYE,12,11,29,135,Where Is My Husband!|RAYE|46137
25/04/2026,15,Dracula,Tame Impala & JENNIE,17,15,29,133,Dracula|Tame Impala & JENNIE|46137
25/04/2026,16,Sleepless In A Hotel Room,Luke Combs,13,11,14,129,Sleepless In A Hotel Room|Luke Combs|46137
25/04/2026,17,Opalite,Taylor Swift,15,1,28,127,Opalite|Taylor Swift|46137
25/04/2026,18,Daisies,Justin Bieber,-,2,30,125,Daisies|Justin Bieber|46137
25/04/2026,19,Babydoll,Dominic Fike,16,16,10,124,Babydoll|Dominic Fike|46137
25/04/2026,20,Bottom Of Your Boots,Ella Langley,-,20,1,118,Bottom Of Your Boots|Ella Langley|46137
25/04/2026,21,Loving Life Again,Ella Langley,38,21,4,118,Loving Life Again|Ella Langley|46137
25/04/2026,22,Iloveitiloveitiloveit,Bella Kay,18,17,9,111,Iloveitiloveitiloveit|Bella Kay|46137
25/04/2026,23,E85,Don Toliver,19,15,11,111,E85|Don Toliver|46137
25/04/2026,24,Be By You,Luke Combs,21,12,9,107,Be By You|Luke Combs|46137
25/04/2026,25,Homewrecker,sombr,22,22,10,106,Homewrecker|sombr|46137
25/04/2026,26,Beauty And A Beat,Justin Bieber Featuring Nicki Minaj,-,5,25,100,Beauty And A Beat|Justin Bieber Featuring Nicki Minaj|46137
25/04/2026,27,Dandelion,Ella Langley,46,27,11,99,Dandelion|Ella Langley|46137
25/04/2026,28,Pinky Up,KATSEYE,-,28,1,92,Pinky Up|KATSEYE|46137
25/04/2026,29,The Fall,Cody Johnson,26,26,29,89,The Fall|Cody Johnson|46137
25/04/2026,30,American Girls,Harry Styles,24,4,6,88,American Girls|Harry Styles|46137
25/04/2026,31,Body,Don Toliver,25,14,11,87,Body|Don Toliver|46137
25/04/2026,32,Pop Dat Thang,DaBaby,29,29,11,87,Pop Dat Thang|DaBaby|46137
25/04/2026,33,Change My Mind,Riley Green,27,27,11,85,Change My Mind|Riley Green|46137
25/04/2026,34,White Keys,Dominic Fike,34,32,8,82,White Keys|Dominic Fike|46137
25/04/2026,35,Freakin' Out,Dexter And The Moonrocks,51,35,4,81,Freakin' Out|Dexter And The Moonrocks|46137
25/04/2026,36,Die On This Hill,Sienna Spiro,28,19,17,80,Die On This Hill|Sienna Spiro|46137
25/04/2026,37,Let 'Em Know,T.I.,33,33,12,79,Let 'Em Know|T.I.|46137
25/04/2026,38,I Ain't Coming Back,Morgan Wallen Featuring Post Malone,30,8,44,77,I Ain't Coming Back|Morgan Wallen Featuring Post Malone|46137
25/04/2026,39,Fever Dream,Alex Warren,32,21,7,75,Fever Dream|Alex Warren|46137
25/04/2026,40,Earrings,Malcolm Todd,42,40,7,74,Earrings|Malcolm Todd|46137
25/04/2026,41,When Did You Get Hot?,Sabrina Carpenter,47,17,31,74,When Did You Get Hot?|Sabrina Carpenter|46137
25/04/2026,42,Lush Life,Zara Larsson,35,35,18,74,Lush Life|Zara Larsson|46137
25/04/2026,43,Motion Party,BossMan Dlow,44,41,5,70,Motion Party|BossMan Dlow|46137
25/04/2026,44,Midnight Sun,Zara Larsson,43,39,13,69,Midnight Sun|Zara Larsson|46137
25/04/2026,45,The Great Divide,Noah Kahan,39,6,11,69,The Great Divide|Noah Kahan|46137
25/04/2026,46,Days Like These,Luke Combs,40,31,25,69,Days Like These|Luke Combs|46137
25/04/2026,47,Baby,Justin Bieber Featuring Ludacris,-,5,21,66,Baby|Justin Bieber Featuring Ludacris|46137
25/04/2026,48,What You Saying,Lil Uzi Vert,41,12,16,64,What You Saying|Lil Uzi Vert|46137
25/04/2026,49,Brunette,Tucker Wetmore,36,36,16,62,Brunette|Tucker Wetmore|46137
25/04/2026,50,Runway,Lady Gaga & Doechii,-,50,1,62,Runway|Lady Gaga & Doechii|46137
25/04/2026,51,Elizabeth Taylor,Taylor Swift,45,3,24,61,Elizabeth Taylor|Taylor Swift|46137
25/04/2026,52,Raindance,Dave & Tems,49,49,11,59,Raindance|Dave & Tems|46137
25/04/2026,53,Broken,Ella Langley,-,53,1,59,Broken|Ella Langley|46137
25/04/2026,54,We Know Us,Ella Langley,-,54,1,57,We Know Us|Ella Langley|46137
25/04/2026,55,You & Me Time,Ella Langley,-,55,1,57,You & Me Time|Ella Langley|46137
25/04/2026,56,What He'll Never Have,Dylan Scott,55,55,7,57,What He'll Never Have|Dylan Scott|46137
25/04/2026,57,Obvious,Chris Brown,-,57,1,56,Obvious|Chris Brown|46137
25/04/2026,58,McArthur,"HARDY, Eric Church, Morgan Wallen & Tim McGraw",54,31,11,53,"McArthur|HARDY, Eric Church, Morgan Wallen & Tim McGraw|46137"
25/04/2026,59,FDO,Pooh Shiesty,48,12,17,52,FDO|Pooh Shiesty|46137
25/04/2026,60,Boston,Stella Lefty,95,60,2,50,Boston|Stella Lefty|46137
25/04/2026,61,In My Room,Julia Wolf,57,57,6,50,In My Room|Julia Wolf|46137
25/04/2026,62,Low Lights,Ella Langley,-,62,1,50,Low Lights|Ella Langley|46137
25/04/2026,63,Speaking Terms,Ella Langley,-,63,1,49,Speaking Terms|Ella Langley|46137
25/04/2026,64,Father,Ye & Travis Scott,31,21,3,49,Father|Ye & Travis Scott|46137
25/04/2026,65,What You Need,Tems,56,56,5,49,What You Need|Tems|46137
25/04/2026,66,Turn This Truck Around,Jordan Davis,60,60,7,48,Turn This Truck Around|Jordan Davis|46137
25/04/2026,67,Beautiful Things,Megan Moroney,59,32,20,48,Beautiful Things|Megan Moroney|46137
25/04/2026,68,Don't We,Morgan Wallen,62,48,10,48,Don't We|Morgan Wallen|46137
25/04/2026,69,Body To Body,BTS,52,25,4,47,Body To Body|BTS|46137
25/04/2026,70,One Of Them,"DJ Khaled, Future & Lil Baby",-,70,1,47,"One Of Them|DJ Khaled, Future & Lil Baby|46137"
25/04/2026,71,Butterfly Season,Ella Langley & Miranda Lambert,-,71,1,45,Butterfly Season|Ella Langley & Miranda Lambert|46137
25/04/2026,72,Porch Light,Noah Kahan,50,20,5,45,Porch Light|Noah Kahan|46137
25/04/2026,73,Rein Me In,Sam Fender & Olivia Dean,64,64,5,45,Rein Me In|Sam Fender & Olivia Dean|46137
25/04/2026,74,Dry Spell,Kacey Musgraves,61,55,5,44,Dry Spell|Kacey Musgraves|46137
25/04/2026,75,Somethin' Simple,Ella Langley,-,75,1,44,Somethin' Simple|Ella Langley|46137
25/04/2026,76,Last Call For Us,Ella Langley,-,76,1,43,Last Call For Us|Ella Langley|46137
25/04/2026,77,Go Away,Weezer Featuring Best Coast,63,63,4,43,Go Away|Weezer Featuring Best Coast|46137
25/04/2026,78,Rethink Some Things,Luke Combs,65,46,4,42,Rethink Some Things|Luke Combs|46137
25/04/2026,79,Chanel,Tyla,58,43,18,41,Chanel|Tyla|46137
25/04/2026,80,I Gotta Quit,Ella Langley,-,80,1,40,I Gotta Quit|Ella Langley|46137
25/04/2026,81,Mrs. Trendsetter,Lil Baby,73,64,9,40,Mrs. Trendsetter|Lil Baby|46137
25/04/2026,82,Mr. Know It All,Teddy Swims,-,82,1,40,Mr. Know It All|Teddy Swims|46137
25/04/2026,83,It Wasn't God Who Made Honky Tonk Angels,Ella Langley,-,83,1,39,It Wasn't God Who Made Honky Tonk Angels|Ella Langley|46137
25/04/2026,84,Ain't A Bad Life,Thomas Rhett Featuring Jordan Davis,53,53,11,39,Ain't A Bad Life|Thomas Rhett Featuring Jordan Davis|46137
25/04/2026,85,Hate How You Look,Josh Ross,89,85,2,38,Hate How You Look|Josh Ross|46137
25/04/2026,86,All The Love,Ye & Andre Troutman,37,27,3,38,All The Love|Ye & Andre Troutman|46137
25/04/2026,87,Dano,Peso Pluma & Tito Double P,75,75,8,38,Dano|Peso Pluma & Tito Double P|46137
25/04/2026,88,2,BTS,67,50,4,37,2|BTS|46137
25/04/2026,89,Ever Since U Left Me (I Went Deaf),French Montana & Max B,83,83,4,36,Ever Since U Left Me (I Went Deaf)|French Montana & Max B|46137
25/04/2026,90,Hooligan,BTS,72,35,4,35,Hooligan|BTS|46137
25/04/2026,91,The Visitor,Sienna Spiro,69,43,5,35,The Visitor|Sienna Spiro|46137
25/04/2026,92,Rocky Mountain Low,Corey Kent & Koe Wetzel,84,84,4,35,Rocky Mountain Low|Corey Kent & Koe Wetzel|46137
25/04/2026,93,Jane!,The Long Faces,74,74,2,35,Jane!|The Long Faces|46137
25/04/2026,94,Aperture,Harry Styles,66,1,12,35,Aperture|Harry Styles|46137
25/04/2026,95,Who Knows,Daniel Caesar,70,52,15,35,Who Knows|Daniel Caesar|46137
25/04/2026,96,Don't Tell On Me,Jason Aldean,-,96,1,34,Don't Tell On Me|Jason Aldean|46137
25/04/2026,97,Self Aware,Temper City,91,91,2,34,Self Aware|Temper City|46137
25/04/2026,98,Zoo,Shakira,77,73,10,34,Zoo|Shakira|46137
25/04/2026,99,Plastic Cigarette,Zach Bryan,87,13,13,33,Plastic Cigarette|Zach Bryan|46137
25/04/2026,100,Woman,Kane Brown,-,85,2,33,Woman|Kane Brown|46137
18/04/2026,1,Choosin' Texas,Ella Langley,1,1,25,301,Choosin' Texas|Ella Langley|46130
18/04/2026,2,Man I Need,Olivia Dean,3,2,33,225,Man I Need|Olivia Dean|46130
18/04/2026,3,I Just Might,Bruno Mars,4,1,13,209,I Just Might|Bruno Mars|46130
18/04/2026,4,Ordinary,Alex Warren,5,1,60,188,Ordinary|Alex Warren|46130
18/04/2026,5,Swim,BTS,2,1,3,172,Swim|BTS|46130
18/04/2026,6,So Easy (To Fall In Love),Olivia Dean,6,6,28,172,So Easy (To Fall In Love)|Olivia Dean|46130
18/04/2026,7,Golden,"HUNTR/X: EJAE, Audrey Nuna & REI AMI",7,1,42,160,"Golden|HUNTR/X: EJAE, Audrey Nuna & REI AMI|46130"
18/04/2026,8,Be Her,Ella Langley,12,8,8,158,Be Her|Ella Langley|46130
18/04/2026,9,Stateside,PinkPantheress With Zara Larsson,8,6,14,147,Stateside|PinkPantheress With Zara Larsson|46130
18/04/2026,10,Folded,Kehlani,10,6,43,147,Folded|Kehlani|46130
18/04/2026,11,The Fate Of Ophelia,Taylor Swift,9,1,27,143,The Fate Of Ophelia|Taylor Swift|46130
18/04/2026,12,Where Is My Husband!,RAYE,11,11,28,139,Where Is My Husband!|RAYE|46130
18/04/2026,13,Sleepless In A Hotel Room,Luke Combs,14,11,13,130,Sleepless In A Hotel Room|Luke Combs|46130
18/04/2026,14,Risk It All,Bruno Mars,15,4,6,129,Risk It All|Bruno Mars|46130
18/04/2026,15,Opalite,Taylor Swift,13,1,27,129,Opalite|Taylor Swift|46130
18/04/2026,16,Babydoll,Dominic Fike,16,16,9,128,Babydoll|Dominic Fike|46130
18/04/2026,17,Dracula,Tame Impala & JENNIE,18,17,28,122,Dracula|Tame Impala & JENNIE|46130
18/04/2026,18,Iloveitiloveitiloveit,Bella Kay,17,17,8,117,Iloveitiloveitiloveit|Bella Kay|46130
18/04/2026,19,E85,Don Toliver,19,15,10,114,E85|Don Toliver|46130
18/04/2026,20,Yukon,Justin Bieber,20,17,39,108,Yukon|Justin Bieber|46130
18/04/2026,21,Be By You,Luke Combs,22,12,8,106,Be By You|Luke Combs|46130
18/04/2026,22,Homewrecker,sombr,25,22,9,99,Homewrecker|sombr|46130
18/04/2026,23,DTMF,Bad Bunny,24,1,30,95,DTMF|Bad Bunny|46130
18/04/2026,24,American Girls,Harry Styles,23,4,5,92,American Girls|Harry Styles|46130
18/04/2026,25,Body,Don Toliver,26,14,10,89,Body|Don Toliver|46130
18/04/2026,26,The Fall,Cody Johnson,28,26,28,88,The Fall|Cody Johnson|46130
18/04/2026,27,Change My Mind,Riley Green,30,27,10,82,Change My Mind|Riley Green|46130
18/04/2026,28,Die On This Hill,Sienna Spiro,29,19,16,81,Die On This Hill|Sienna Spiro|46130
18/04/2026,29,Pop Dat Thang,DaBaby,31,29,10,81,Pop Dat Thang|DaBaby|46130
18/04/2026,30,I Ain't Coming Back,Morgan Wallen Featuring Post Malone,56,8,43,78,I Ain't Coming Back|Morgan Wallen Featuring Post Malone|46130
18/04/2026,31,Father,Ye & Travis Scott,21,21,2,77,Father|Ye & Travis Scott|46130
18/04/2026,32,Fever Dream,Alex Warren,33,21,6,77,Fever Dream|Alex Warren|46130
18/04/2026,33,Let 'Em Know,T.I.,34,33,11,76,Let 'Em Know|T.I.|46130
18/04/2026,34,White Keys,Dominic Fike,32,32,7,75,White Keys|Dominic Fike|46130
18/04/2026,35,Lush Life,Zara Larsson,36,35,17,75,Lush Life|Zara Larsson|46130
18/04/2026,36,Brunette,Tucker Wetmore,45,36,15,74,Brunette|Tucker Wetmore|46130
18/04/2026,37,All The Love,Ye & Andre Troutman,27,27,2,70,All The Love|Ye & Andre Troutman|46130
18/04/2026,38,Loving Life Again,Ella Langley,46,38,3,69,Loving Life Again|Ella Langley|46130
18/04/2026,39,The Great Divide,Noah Kahan,38,6,10,69,The Great Divide|Noah Kahan|46130
18/04/2026,40,Days Like These,Luke Combs,39,31,24,68,Days Like These|Luke Combs|46130
18/04/2026,41,What You Saying,Lil Uzi Vert,37,12,15,67,What You Saying|Lil Uzi Vert|46130
18/04/2026,42,Earrings,Malcolm Todd,65,42,6,65,Earrings|Malcolm Todd|46130
18/04/2026,43,Midnight Sun,Zara Larsson,43,39,12,64,Midnight Sun|Zara Larsson|46130
18/04/2026,44,Motion Party,BossMan Dlow,41,41,4,64,Motion Party|BossMan Dlow|46130
18/04/2026,45,Elizabeth Taylor,Taylor Swift,35,3,23,63,Elizabeth Taylor|Taylor Swift|46130
18/04/2026,46,Dandelion,Ella Langley,54,37,10,63,Dandelion|Ella Langley|46130
18/04/2026,47,When Did You Get Hot?,Sabrina Carpenter,50,17,30,63,When Did You Get Hot?|Sabrina Carpenter|46130
18/04/2026,48,FDO,Pooh Shiesty,-,12,16,62,FDO|Pooh Shiesty|46130
18/04/2026,49,Raindance,Dave & Tems,52,49,10,59,Raindance|Dave & Tems|46130
18/04/2026,50,Porch Light,Noah Kahan,48,20,4,56,Porch Light|Noah Kahan|46130
18/04/2026,51,Freakin' Out,Dexter And The Moonrocks,77,51,3,54,Freakin' Out|Dexter And The Moonrocks|46130
18/04/2026,52,Body To Body,BTS,42,25,3,52,Body To Body|BTS|46130
18/04/2026,53,Ain't A Bad Life,Thomas Rhett Featuring Jordan Davis,68,53,10,52,Ain't A Bad Life|Thomas Rhett Featuring Jordan Davis|46130
18/04/2026,54,McArthur,"HARDY, Eric Church, Morgan Wallen & Tim McGraw",47,31,10,51,"McArthur|HARDY, Eric Church, Morgan Wallen & Tim McGraw|46130"
18/04/2026,55,What He'll Never Have,Dylan Scott,66,55,6,51,What He'll Never Have|Dylan Scott|46130
18/04/2026,56,What You Need,Tems,89,56,4,50,What You Need|Tems|46130
18/04/2026,57,In My Room,Julia Wolf,60,57,5,49,In My Room|Julia Wolf|46130
18/04/2026,58,Chanel,Tyla,53,43,17,48,Chanel|Tyla|46130
18/04/2026,59,Beautiful Things,Megan Moroney,71,32,19,47,Beautiful Things|Megan Moroney|46130
18/04/2026,60,Turn This Truck Around,Jordan Davis,70,60,6,47,Turn This Truck Around|Jordan Davis|46130
18/04/2026,61,Dry Spell,Kacey Musgraves,88,55,4,46,Dry Spell|Kacey Musgraves|46130
18/04/2026,62,Don't We,Morgan Wallen,86,48,9,45,Don't We|Morgan Wallen|46130
18/04/2026,63,Go Away,Weezer Featuring Best Coast,83,63,3,45,Go Away|Weezer Featuring Best Coast|46130
18/04/2026,64,Rein Me In,Sam Fender & Olivia Dean,78,64,4,44,Rein Me In|Sam Fender & Olivia Dean|46130
18/04/2026,65,Rethink Some Things,Luke Combs,55,46,3,41,Rethink Some Things|Luke Combs|46130
18/04/2026,66,Aperture,Harry Styles,58,1,11,41,Aperture|Harry Styles|46130
18/04/2026,67,2,BTS,75,50,3,41,2|BTS|46130
18/04/2026,68,Time's Ticking,Justin Moore,63,63,8,40,Time's Ticking|Justin Moore|46130
18/04/2026,69,The Visitor,Sienna Spiro,80,43,4,40,The Visitor|Sienna Spiro|46130
18/04/2026,70,Who Knows,Daniel Caesar,93,52,14,38,Who Knows|Daniel Caesar|46130
18/04/2026,71,Punch Drunk,Ye,44,44,2,38,Punch Drunk|Ye|46130
18/04/2026,72,Hooligan,BTS,64,35,3,37,Hooligan|BTS|46130
18/04/2026,73,Mrs. Trendsetter,Lil Baby,95,64,8,37,Mrs. Trendsetter|Lil Baby|46130
18/04/2026,74,Jane!,The Long Faces,-,74,1,36,Jane!|The Long Faces|46130
18/04/2026,75,Dano,Peso Pluma & Tito Double P,92,75,7,36,Dano|Peso Pluma & Tito Double P|46130
18/04/2026,76,Ends Of The Earth,Ty Myers,76,72,12,36,Ends Of The Earth|Ty Myers|46130
18/04/2026,77,Zoo,Shakira,91,73,9,36,Zoo|Shakira|46130
18/04/2026,78,Whatever Works,Ye,49,49,2,36,Whatever Works|Ye|46130
18/04/2026,79,King,Ye,40,40,2,35,King|Ye|46130
18/04/2026,80,Say Why,Zach Bryan,-,25,12,35,Say Why|Zach Bryan|46130
18/04/2026,81,Coming Up Roses,Harry Styles,79,18,5,35,Coming Up Roses|Harry Styles|46130
18/04/2026,82,Normal,BTS,73,41,3,34,Normal|BTS|46130
18/04/2026,83,Ever Since U Left Me (I Went Deaf),French Montana & Max B,-,83,3,34,Ever Since U Left Me (I Went Deaf)|French Montana & Max B|46130
18/04/2026,84,Rocky Mountain Low,Corey Kent & Koe Wetzel,-,84,3,34,Rocky Mountain Low|Corey Kent & Koe Wetzel|46130
18/04/2026,85,Tuition,Don Toliver,-,60,2,34,Tuition|Don Toliver|46130
18/04/2026,86,Tiramisu,Don Toliver,-,35,10,34,Tiramisu|Don Toliver|46130
18/04/2026,87,Plastic Cigarette,Zach Bryan,100,13,12,33,Plastic Cigarette|Zach Bryan|46130
18/04/2026,88,Silent Treatment,Freya Skye,98,88,2,33,Silent Treatment|Freya Skye|46130
18/04/2026,89,Hate How You Look,Josh Ross,-,89,1,33,Hate How You Look|Josh Ross|46130
18/04/2026,90,FYA,BTS,74,36,3,33,FYA|BTS|46130
18/04/2026,91,Self Aware,Temper City,-,91,1,33,Self Aware|Temper City|46130
18/04/2026,92,Girl You're Taking Home,Ella Langley,-,92,1,33,Girl You're Taking Home|Ella Langley|46130
18/04/2026,93,Butterflies.,Brent Faiyaz,-,48,7,33,Butterflies.|Brent Faiyaz|46130
18/04/2026,94,Be Like A Woman,Chris Rainbow,-,94,1,32,Be Like A Woman|Chris Rainbow|46130
18/04/2026,95,Boston,Stella Lefty,-,95,1,32,Boston|Stella Lefty|46130
18/04/2026,96,Can't Sit Still,Lainey Wilson,-,82,2,32,Can't Sit Still|Lainey Wilson|46130
18/04/2026,97,Secondhand,Don Toliver Featuring Rema,-,29,9,32,Secondhand|Don Toliver Featuring Rema|46130
18/04/2026,98,This A Must,Ye,51,51,2,31,This A Must|Ye|46130
18/04/2026,99,Say So,Dan + Shay,-,99,1,31,Say So|Dan + Shay|46130
18/04/2026,100,Sweet Boy,Malcolm Todd,-,100,1,30,Sweet Boy|Malcolm Todd|46130
11/04/2026,1,Choosin' Texas,Ella Langley,2,1,24,274,Choosin' Texas|Ella Langley|46123
11/04/2026,2,Swim,BTS,1,1,2,239,Swim|BTS|46123
11/04/2026,3,Man I Need,Olivia Dean,3,2,32,226,Man I Need|Olivia Dean|46123
11/04/2026,4,I Just Might,Bruno Mars,4,1,12,213,I Just Might|Bruno Mars|46123
11/04/2026,5,Ordinary,Alex Warren,5,1,59,190,Ordinary|Alex Warren|46123
11/04/2026,6,So Easy (To Fall In Love),Olivia Dean,7,6,27,169,So Easy (To Fall In Love)|Olivia Dean|46123
11/04/2026,7,Golden,"HUNTR/X: EJAE, Audrey Nuna & REI AMI",6,1,41,162,"Golden|HUNTR/X: EJAE, Audrey Nuna & REI AMI|46123"
11/04/2026,8,Stateside,PinkPantheress With Zara Larsson,8,6,13,151,Stateside|PinkPantheress With Zara Larsson|46123
11/04/2026,9,The Fate Of Ophelia,Taylor Swift,9,1,26,150,The Fate Of Ophelia|Taylor Swift|46123
11/04/2026,10,Folded,Kehlani,10,6,42,144,Folded|Kehlani|46123
11/04/2026,11,Where Is My Husband!,RAYE,17,11,27,142,Where Is My Husband!|RAYE|46123
11/04/2026,12,Be Her,Ella Langley,13,12,7,136,Be Her|Ella Langley|46123
11/04/2026,13,Opalite,Taylor Swift,12,1,26,135,Opalite|Taylor Swift|46123
11/04/2026,14,Sleepless In A Hotel Room,Luke Combs,11,11,12,129,Sleepless In A Hotel Room|Luke Combs|46123
11/04/2026,15,Risk It All,Bruno Mars,15,4,5,127,Risk It All|Bruno Mars|46123
11/04/2026,16,Babydoll,Dominic Fike,16,16,8,125,Babydoll|Dominic Fike|46123
11/04/2026,17,Iloveitiloveitiloveit,Bella Kay,20,17,7,117,Iloveitiloveitiloveit|Bella Kay|46123
11/04/2026,18,Dracula,Tame Impala & JENNIE,24,18,27,116,Dracula|Tame Impala & JENNIE|46123
11/04/2026,19,E85,Don Toliver,21,15,9,112,E85|Don Toliver|46123
11/04/2026,20,Yukon,Justin Bieber,23,17,38,109,Yukon|Justin Bieber|46123
11/04/2026,21,Father,Ye & Travis Scott,-,21,1,105,Father|Ye & Travis Scott|46123
11/04/2026,22,Be By You,Luke Combs,18,12,7,105,Be By You|Luke Combs|46123
11/04/2026,23,American Girls,Harry Styles,19,4,4,104,American Girls|Harry Styles|46123
11/04/2026,24,DTMF,Bad Bunny,22,1,29,101,DTMF|Bad Bunny|46123
11/04/2026,25,Homewrecker,sombr,26,24,8,96,Homewrecker|sombr|46123
11/04/2026,26,Body,Don Toliver,27,14,9,93,Body|Don Toliver|46123
11/04/2026,27,All The Love,Ye & Andre Troutman,-,27,1,88,All The Love|Ye & Andre Troutman|46123
11/04/2026,28,The Fall,Cody Johnson,30,28,27,85,The Fall|Cody Johnson|46123
11/04/2026,29,Die On This Hill,Sienna Spiro,29,19,15,83,Die On This Hill|Sienna Spiro|46123
11/04/2026,30,Change My Mind,Riley Green,38,30,9,78,Change My Mind|Riley Green|46123
11/04/2026,31,Pop Dat Thang,DaBaby,45,31,9,77,Pop Dat Thang|DaBaby|46123
11/04/2026,32,White Keys,Dominic Fike,32,32,6,77,White Keys|Dominic Fike|46123
11/04/2026,33,Fever Dream,Alex Warren,33,21,5,77,Fever Dream|Alex Warren|46123
11/04/2026,34,Let 'Em Know,T.I.,40,34,10,74,Let 'Em Know|T.I.|46123
11/04/2026,35,Elizabeth Taylor,Taylor Swift,65,3,22,72,Elizabeth Taylor|Taylor Swift|46123
11/04/2026,36,Lush Life,Zara Larsson,44,36,16,72,Lush Life|Zara Larsson|46123
11/04/2026,37,What You Saying,Lil Uzi Vert,34,12,14,72,What You Saying|Lil Uzi Vert|46123
11/04/2026,38,The Great Divide,Noah Kahan,37,6,9,72,The Great Divide|Noah Kahan|46123
11/04/2026,39,Days Like These,Luke Combs,31,31,23,70,Days Like These|Luke Combs|46123
11/04/2026,40,King,Ye,-,40,1,68,King|Ye|46123
11/04/2026,41,Motion Party,BossMan Dlow,48,41,3,67,Motion Party|BossMan Dlow|46123
11/04/2026,42,Body To Body,BTS,25,25,2,67,Body To Body|BTS|46123
11/04/2026,43,Midnight Sun,Zara Larsson,49,39,11,67,Midnight Sun|Zara Larsson|46123
11/04/2026,44,Punch Drunk,Ye,-,44,1,66,Punch Drunk|Ye|46123
11/04/2026,45,Brunette,Tucker Wetmore,51,44,14,65,Brunette|Tucker Wetmore|46123
11/04/2026,46,Loving Life Again,Ella Langley,55,46,2,63,Loving Life Again|Ella Langley|46123
11/04/2026,47,McArthur,"HARDY, Eric Church, Morgan Wallen & Tim McGraw",54,31,9,62,"McArthur|HARDY, Eric Church, Morgan Wallen & Tim McGraw|46123"
11/04/2026,48,Porch Light,Noah Kahan,42,20,3,61,Porch Light|Noah Kahan|46123
11/04/2026,49,Whatever Works,Ye,-,49,1,61,Whatever Works|Ye|46123
11/04/2026,50,When Did You Get Hot?,Sabrina Carpenter,58,17,29,60,When Did You Get Hot?|Sabrina Carpenter|46123
11/04/2026,51,This A Must,Ye,-,51,1,59,This A Must|Ye|46123
11/04/2026,52,Raindance,Dave & Tems,57,52,9,58,Raindance|Dave & Tems|46123
11/04/2026,53,Chanel,Tyla,59,43,16,55,Chanel|Tyla|46123
11/04/2026,54,Dandelion,Ella Langley,60,37,9,54,Dandelion|Ella Langley|46123
11/04/2026,55,Rethink Some Things,Luke Combs,46,46,2,52,Rethink Some Things|Luke Combs|46123
11/04/2026,56,I Ain't Coming Back,Morgan Wallen Featuring Post Malone,66,8,42,52,I Ain't Coming Back|Morgan Wallen Featuring Post Malone|46123
11/04/2026,57,Preacher Man,Ye,-,57,1,52,Preacher Man|Ye|46123
11/04/2026,58,Aperture,Harry Styles,39,1,10,51,Aperture|Harry Styles|46123
11/04/2026,59,Mama's Favorite,Ye,-,59,1,50,Mama's Favorite|Ye|46123
11/04/2026,60,In My Room,Julia Wolf,67,60,4,50,In My Room|Julia Wolf|46123
11/04/2026,61,Bully,Ye & CeeLo Green,-,61,1,49,Bully|Ye & CeeLo Green|46123
11/04/2026,62,Highs And Lows,Ye,-,62,1,49,Highs And Lows|Ye|46123
11/04/2026,63,Time's Ticking,Justin Moore,75,63,7,49,Time's Ticking|Justin Moore|46123
11/04/2026,64,Hooligan,BTS,35,35,2,48,Hooligan|BTS|46123
11/04/2026,65,Earrings,Malcolm Todd,85,65,5,48,Earrings|Malcolm Todd|46123
11/04/2026,66,What He'll Never Have,Dylan Scott,74,66,5,48,What He'll Never Have|Dylan Scott|46123
11/04/2026,67,Sisters And Brothers,Ye,-,67,1,47,Sisters And Brothers|Ye|46123
11/04/2026,68,Ain't A Bad Life,Thomas Rhett Featuring Jordan Davis,71,65,9,47,Ain't A Bad Life|Thomas Rhett Featuring Jordan Davis|46123
11/04/2026,69,"Younger You (From The ""Hannah Montana 20th Anniversary Special"")",Miley Cyrus,-,69,1,47,"Younger You (From The ""Hannah Montana 20th Anniversary Special"")|Miley Cyrus|46123"
11/04/2026,70,Turn This Truck Around,Jordan Davis,73,69,5,46,Turn This Truck Around|Jordan Davis|46123
11/04/2026,71,Beautiful Things,Megan Moroney,72,32,18,46,Beautiful Things|Megan Moroney|46123
11/04/2026,72,I Can't Wait,Ye,-,72,1,46,I Can't Wait|Ye|46123
11/04/2026,73,Normal,BTS,41,41,2,45,Normal|BTS|46123
11/04/2026,74,FYA,BTS,36,36,2,45,FYA|BTS|46123
11/04/2026,75,2,BTS,50,50,2,45,2|BTS|46123
11/04/2026,76,Ends Of The Earth,Ty Myers,76,72,11,44,Ends Of The Earth|Ty Myers|46123
11/04/2026,77,Freakin' Out,Dexter And The Moonrocks,91,77,2,43,Freakin' Out|Dexter And The Moonrocks|46123
11/04/2026,78,Rein Me In,Sam Fender & Olivia Dean,78,77,3,42,Rein Me In|Sam Fender & Olivia Dean|46123
11/04/2026,79,Coming Up Roses,Harry Styles,64,18,4,42,Coming Up Roses|Harry Styles|46123
11/04/2026,80,The Visitor,Sienna Spiro,62,43,3,42,The Visitor|Sienna Spiro|46123
11/04/2026,81,Last Breath,Ye & Peso Pluma,-,81,1,42,Last Breath|Ye & Peso Pluma|46123
11/04/2026,82,White Lines,Ye & Andre Troutman,-,82,1,41,White Lines|Ye & Andre Troutman|46123
11/04/2026,83,Go Away,Weezer Featuring Best Coast,90,83,2,41,Go Away|Weezer Featuring Best Coast|46123
11/04/2026,84,Aliens,BTS,47,47,2,41,Aliens|BTS|46123
11/04/2026,85,Beauty And The Beast,Ye,-,85,1,41,Beauty And The Beast|Ye|46123
11/04/2026,86,Don't We,Morgan Wallen,88,48,8,41,Don't We|Morgan Wallen|46123
11/04/2026,87,Circles,Ye,-,87,1,40,Circles|Ye|46123
11/04/2026,88,Dry Spell,Kacey Musgraves,80,55,3,39,Dry Spell|Kacey Musgraves|46123
11/04/2026,89,What You Need,Tems,98,89,3,38,What You Need|Tems|46123
11/04/2026,90,Like Animals,BTS,53,53,2,38,Like Animals|BTS|46123
11/04/2026,91,Zoo,Shakira,81,73,8,38,Zoo|Shakira|46123
11/04/2026,92,Dano,Peso Pluma & Tito Double P,87,75,6,38,Dano|Peso Pluma & Tito Double P|46123
11/04/2026,93,Who Knows,Daniel Caesar,83,52,13,37,Who Knows|Daniel Caesar|46123
11/04/2026,94,They Don't Know 'bout Us,BTS,56,56,2,37,They Don't Know 'bout Us|BTS|46123
11/04/2026,95,Mrs. Trendsetter,Lil Baby,84,64,7,37,Mrs. Trendsetter|Lil Baby|46123
11/04/2026,96,Merry Go Round,BTS,52,52,2,36,Merry Go Round|BTS|46123
11/04/2026,97,Griddle,Yeat & Don Toliver,-,97,1,36,Griddle|Yeat & Don Toliver|46123
11/04/2026,98,Silent Treatment,Freya Skye,-,98,1,36,Silent Treatment|Freya Skye|46123
11/04/2026,99,Taste Back,Harry Styles,69,17,4,35,Taste Back|Harry Styles|46123
11/04/2026,100,Plastic Cigarette,Zach Bryan,89,13,11,35,Plastic Cigarette|Zach Bryan|46123
04/04/2026,1,Swim,BTS,-,1,1,328,Swim|BTS|46116
04/04/2026,2,Choosin' Texas,Ella Langley,1,1,23,270,Choosin' Texas|Ella Langley|46116
04/04/2026,3,Man I Need,Olivia Dean,2,2,31,224,Man I Need|Olivia Dean|46116
04/04/2026,4,I Just Might,Bruno Mars,3,1,11,217,I Just Might|Bruno Mars|46116
04/04/2026,5,Ordinary,Alex Warren,4,1,58,193,Ordinary|Alex Warren|46116
04/04/2026,6,Golden,"HUNTR/X: EJAE, Audrey Nuna & REI AMI",5,1,40,167,"Golden|HUNTR/X: EJAE, Audrey Nuna & REI AMI|46116"
04/04/2026,7,So Easy (To Fall In Love),Olivia Dean,9,7,26,160,So Easy (To Fall In Love)|Olivia Dean|46116
04/04/2026,8,Stateside,PinkPantheress With Zara Larsson,6,6,12,155,Stateside|PinkPantheress With Zara Larsson|46116
04/04/2026,9,The Fate Of Ophelia,Taylor Swift,8,1,25,148,The Fate Of Ophelia|Taylor Swift|46116
04/04/2026,10,Folded,Kehlani,11,6,41,141,Folded|Kehlani|46116
04/04/2026,11,Sleepless In A Hotel Room,Luke Combs,15,11,11,136,Sleepless In A Hotel Room|Luke Combs|46116
04/04/2026,12,Opalite,Taylor Swift,7,1,25,136,Opalite|Taylor Swift|46116
04/04/2026,13,Be Her,Ella Langley,16,13,6,131,Be Her|Ella Langley|46116
04/04/2026,14,Back To Friends,sombr,12,7,52,130,Back To Friends|sombr|46116
04/04/2026,15,Risk It All,Bruno Mars,13,4,4,129,Risk It All|Bruno Mars|46116
04/04/2026,16,Babydoll,Dominic Fike,19,16,7,124,Babydoll|Dominic Fike|46116
04/04/2026,17,Where Is My Husband!,RAYE,17,13,26,123,Where Is My Husband!|RAYE|46116
04/04/2026,18,Be By You,Luke Combs,23,12,6,121,Be By You|Luke Combs|46116
04/04/2026,19,American Girls,Harry Styles,10,4,3,121,American Girls|Harry Styles|46116
04/04/2026,20,Iloveitiloveitiloveit,Bella Kay,18,18,6,115,Iloveitiloveitiloveit|Bella Kay|46116
04/04/2026,21,E85,Don Toliver,21,15,8,114,E85|Don Toliver|46116
04/04/2026,22,DTMF,Bad Bunny,14,1,28,109,DTMF|Bad Bunny|46116
04/04/2026,23,Yukon,Justin Bieber,24,17,37,108,Yukon|Justin Bieber|46116
04/04/2026,24,Dracula,Tame Impala & JENNIE,25,24,26,107,Dracula|Tame Impala & JENNIE|46116
04/04/2026,25,Body To Body,BTS,-,25,1,99,Body To Body|BTS|46116
04/04/2026,26,Homewrecker,sombr,27,24,7,93,Homewrecker|sombr|46116
04/04/2026,27,Body,Don Toliver,26,14,8,92,Body|Don Toliver|46116
04/04/2026,28,Amen,Shaboozey & Jelly Roll,30,27,46,87,Amen|Shaboozey & Jelly Roll|46116
04/04/2026,29,Die On This Hill,Sienna Spiro,28,19,14,85,Die On This Hill|Sienna Spiro|46116
04/04/2026,30,The Fall,Cody Johnson,31,30,26,84,The Fall|Cody Johnson|46116
04/04/2026,31,Days Like These,Luke Combs,46,31,22,82,Days Like These|Luke Combs|46116
04/04/2026,32,White Keys,Dominic Fike,40,32,5,81,White Keys|Dominic Fike|46116
04/04/2026,33,Fever Dream,Alex Warren,33,21,4,78,Fever Dream|Alex Warren|46116
04/04/2026,34,What You Saying,Lil Uzi Vert,32,12,13,78,What You Saying|Lil Uzi Vert|46116
04/04/2026,35,Hooligan,BTS,-,35,1,78,Hooligan|BTS|46116
04/04/2026,36,FYA,BTS,-,36,1,76,FYA|BTS|46116
04/04/2026,37,The Great Divide,Noah Kahan,29,6,8,76,The Great Divide|Noah Kahan|46116
04/04/2026,38,Change My Mind,Riley Green,49,38,8,75,Change My Mind|Riley Green|46116
04/04/2026,39,Aperture,Harry Styles,22,1,9,75,Aperture|Harry Styles|46116
04/04/2026,40,Let 'Em Know,T.I.,36,36,9,74,Let 'Em Know|T.I.|46116
04/04/2026,41,Normal,BTS,-,41,1,74,Normal|BTS|46116
04/04/2026,42,Porch Light,Noah Kahan,20,20,2,72,Porch Light|Noah Kahan|46116
04/04/2026,43,Tit For Tat,Tate McRae,34,3,26,71,Tit For Tat|Tate McRae|46116
04/04/2026,44,Lush Life,Zara Larsson,37,36,15,71,Lush Life|Zara Larsson|46116
04/04/2026,45,Pop Dat Thang,DaBaby,48,45,8,71,Pop Dat Thang|DaBaby|46116
04/04/2026,46,Rethink Some Things,Luke Combs,-,46,1,70,Rethink Some Things|Luke Combs|46116
04/04/2026,47,Aliens,BTS,-,47,1,69,Aliens|BTS|46116
04/04/2026,48,Motion Party,BossMan Dlow,45,45,2,68,Motion Party|BossMan Dlow|46116
04/04/2026,49,Midnight Sun,Zara Larsson,39,39,10,68,Midnight Sun|Zara Larsson|46116
04/04/2026,50,2,BTS,-,50,1,67,2|BTS|46116
04/04/2026,51,Brunette,Tucker Wetmore,44,44,13,65,Brunette|Tucker Wetmore|46116
04/04/2026,52,Merry Go Round,BTS,-,52,1,65,Merry Go Round|BTS|46116
04/04/2026,53,Like Animals,BTS,-,53,1,63,Like Animals|BTS|46116
04/04/2026,54,McArthur,"HARDY, Eric Church, Morgan Wallen & Tim McGraw",47,31,8,62,"McArthur|HARDY, Eric Church, Morgan Wallen & Tim McGraw|46116"
04/04/2026,55,Loving Life Again,Ella Langley,-,55,1,61,Loving Life Again|Ella Langley|46116
04/04/2026,56,They Don't Know 'bout Us,BTS,-,56,1,61,They Don't Know 'bout Us|BTS|46116
04/04/2026,57,Raindance,Dave & Tems,53,53,8,60,Raindance|Dave & Tems|46116
04/04/2026,58,When Did You Get Hot?,Sabrina Carpenter,52,17,28,60,When Did You Get Hot?|Sabrina Carpenter|46116
04/04/2026,59,Chanel,Tyla,50,43,15,57,Chanel|Tyla|46116
04/04/2026,60,Dandelion,Ella Langley,56,37,8,56,Dandelion|Ella Langley|46116
04/04/2026,61,One More Night,BTS,-,61,1,56,One More Night|BTS|46116
04/04/2026,62,The Visitor,Sienna Spiro,43,43,2,55,The Visitor|Sienna Spiro|46116
04/04/2026,63,Please,BTS,-,63,1,55,Please|BTS|46116
04/04/2026,64,Coming Up Roses,Harry Styles,35,18,3,53,Coming Up Roses|Harry Styles|46116
04/04/2026,65,Elizabeth Taylor,Taylor Swift,59,3,21,52,Elizabeth Taylor|Taylor Swift|46116
04/04/2026,66,I Ain't Coming Back,Morgan Wallen Featuring Post Malone,51,8,41,51,I Ain't Coming Back|Morgan Wallen Featuring Post Malone|46116
04/04/2026,67,In My Room,Julia Wolf,64,64,3,50,In My Room|Julia Wolf|46116
04/04/2026,68,Into The Sun,BTS,-,68,1,49,Into The Sun|BTS|46116
04/04/2026,69,Taste Back,Harry Styles,42,17,3,48,Taste Back|Harry Styles|46116
04/04/2026,70,"Ready, Steady, Go!",Harry Styles,41,15,3,48,"Ready, Steady, Go!|Harry Styles|46116"
04/04/2026,71,Ain't A Bad Life,Thomas Rhett Featuring Jordan Davis,65,65,8,47,Ain't A Bad Life|Thomas Rhett Featuring Jordan Davis|46116
04/04/2026,72,Beautiful Things,Megan Moroney,61,32,17,47,Beautiful Things|Megan Moroney|46116
04/04/2026,73,Turn This Truck Around,Jordan Davis,69,69,4,46,Turn This Truck Around|Jordan Davis|46116
04/04/2026,74,What He'll Never Have,Dylan Scott,66,66,4,46,What He'll Never Have|Dylan Scott|46116
04/04/2026,75,Time's Ticking,Justin Moore,71,71,6,44,Time's Ticking|Justin Moore|46116
04/04/2026,76,Ends Of The Earth,Ty Myers,72,72,10,43,Ends Of The Earth|Ty Myers|46116
04/04/2026,77,Travelin' Soldier,Cody Johnson,70,12,20,41,Travelin' Soldier|Cody Johnson|46116
04/04/2026,78,Rein Me In,Sam Fender & Olivia Dean,77,77,2,41,Rein Me In|Sam Fender & Olivia Dean|46116
04/04/2026,79,Say Why,Zach Bryan,68,25,11,41,Say Why|Zach Bryan|46116
04/04/2026,80,Dry Spell,Kacey Musgraves,55,55,2,40,Dry Spell|Kacey Musgraves|46116
04/04/2026,81,Zoo,Shakira,73,73,7,40,Zoo|Shakira|46116
04/04/2026,82,Can't Sit Still,Lainey Wilson,-,82,1,39,Can't Sit Still|Lainey Wilson|46116
04/04/2026,83,Who Knows,Daniel Caesar,82,52,12,39,Who Knows|Daniel Caesar|46116
04/04/2026,84,Mrs. Trendsetter,Lil Baby,81,64,6,38,Mrs. Trendsetter|Lil Baby|46116
04/04/2026,85,Earrings,Malcolm Todd,92,85,4,38,Earrings|Malcolm Todd|46116
04/04/2026,86,Watching Us,Wale & Leon Thomas,76,76,3,38,Watching Us|Wale & Leon Thomas|46116
04/04/2026,87,Dano,Peso Pluma & Tito Double P,96,75,5,37,Dano|Peso Pluma & Tito Double P|46116
04/04/2026,88,Don't We,Morgan Wallen,98,48,7,37,Don't We|Morgan Wallen|46116
04/04/2026,89,Plastic Cigarette,Zach Bryan,80,13,10,37,Plastic Cigarette|Zach Bryan|46116
04/04/2026,90,Go Away,Weezer Featuring Best Coast,-,90,1,36,Go Away|Weezer Featuring Best Coast|46116
04/04/2026,91,Freakin' Out,Dexter And The Moonrocks,-,91,1,36,Freakin' Out|Dexter And The Moonrocks|46116
04/04/2026,92,Secondhand,Don Toliver Featuring Rema,79,29,8,35,Secondhand|Don Toliver Featuring Rema|46116
04/04/2026,93,ATM,Don Toliver,83,25,9,35,ATM|Don Toliver|46116
04/04/2026,94,I Ain't No Cowboy,Luke Combs,90,90,2,35,I Ain't No Cowboy|Luke Combs|46116
04/04/2026,95,FDO,Pooh Shiesty,86,12,15,35,FDO|Pooh Shiesty|46116
04/04/2026,96,Tiramisu,Don Toliver,88,35,9,35,Tiramisu|Don Toliver|46116
04/04/2026,97,Pop,Harry Styles,54,23,3,35,Pop|Harry Styles|46116
04/04/2026,98,What You Need,Tems,-,93,2,34,What You Need|Tems|46116
04/04/2026,99,Butterflies.,Brent Faiyaz,74,48,6,34,Butterflies.|Brent Faiyaz|46116
04/04/2026,100,Ever Since U Left Me (I Went Deaf),French Montana & Max B,94,94,2,34,Ever Since U Left Me (I Went Deaf)|French Montana & Max B|46116
28/03/2026,1,Choosin' Texas,Ella Langley,1,1,22,254,Choosin' Texas|Ella Langley|46109
28/03/2026,2,Man I Need,Olivia Dean,2,2,30,234,Man I Need|Olivia Dean|46109
28/03/2026,3,I Just Might,Bruno Mars,3,1,10,223,I Just Might|Bruno Mars|46109
28/03/2026,4,Ordinary,Alex Warren,5,1,57,193,Ordinary|Alex Warren|46109
28/03/2026,5,Golden,"HUNTR/X: EJAE, Audrey Nuna & REI AMI",7,1,39,178,"Golden|HUNTR/X: EJAE, Audrey Nuna & REI AMI|46109"
28/03/2026,6,Stateside,PinkPantheress With Zara Larsson,6,6,11,162,Stateside|PinkPantheress With Zara Larsson|46109
28/03/2026,7,Opalite,Taylor Swift,10,1,24,152,Opalite|Taylor Swift|46109
28/03/2026,8,The Fate Of Ophelia,Taylor Swift,8,1,24,151,The Fate Of Ophelia|Taylor Swift|46109
28/03/2026,9,So Easy (To Fall In Love),Olivia Dean,11,9,25,147,So Easy (To Fall In Love)|Olivia Dean|46109
28/03/2026,10,American Girls,Harry Styles,4,4,2,142,American Girls|Harry Styles|46109
28/03/2026,11,Folded,Kehlani,13,6,40,140,Folded|Kehlani|46109
28/03/2026,12,Back To Friends,sombr,14,7,51,134,Back To Friends|sombr|46109
28/03/2026,13,Risk It All,Bruno Mars,12,4,3,132,Risk It All|Bruno Mars|46109
28/03/2026,14,DTMF,Bad Bunny,16,1,27,114,DTMF|Bad Bunny|46109
28/03/2026,15,Sleepless In A Hotel Room,Luke Combs,21,15,10,114,Sleepless In A Hotel Room|Luke Combs|46109
28/03/2026,16,Be Her,Ella Langley,20,16,5,113,Be Her|Ella Langley|46109
28/03/2026,17,Where Is My Husband!,RAYE,19,13,25,113,Where Is My Husband!|RAYE|46109
28/03/2026,18,Iloveitiloveitiloveit,Bella Kay,29,18,5,111,Iloveitiloveitiloveit|Bella Kay|46109
28/03/2026,19,Babydoll,Dominic Fike,32,19,6,110,Babydoll|Dominic Fike|46109
28/03/2026,20,Porch Light,Noah Kahan,-,20,1,110,Porch Light|Noah Kahan|46109
28/03/2026,21,E85,Don Toliver,22,15,7,109,E85|Don Toliver|46109
28/03/2026,22,Aperture,Harry Styles,9,1,8,108,Aperture|Harry Styles|46109
28/03/2026,23,Be By You,Luke Combs,24,12,5,104,Be By You|Luke Combs|46109
28/03/2026,24,Yukon,Justin Bieber,27,17,36,104,Yukon|Justin Bieber|46109
28/03/2026,25,Dracula,Tame Impala & JENNIE,37,25,25,99,Dracula|Tame Impala & JENNIE|46109
28/03/2026,26,Body,Don Toliver,31,14,7,93,Body|Don Toliver|46109
28/03/2026,27,Homewrecker,sombr,33,24,6,90,Homewrecker|sombr|46109
28/03/2026,28,Die On This Hill,Sienna Spiro,36,19,13,90,Die On This Hill|Sienna Spiro|46109
28/03/2026,29,The Great Divide,Noah Kahan,42,6,7,86,The Great Divide|Noah Kahan|46109
28/03/2026,30,Amen,Shaboozey & Jelly Roll,39,27,45,86,Amen|Shaboozey & Jelly Roll|46109
28/03/2026,31,The Fall,Cody Johnson,41,31,25,82,The Fall|Cody Johnson|46109
28/03/2026,32,What You Saying,Lil Uzi Vert,34,12,12,81,What You Saying|Lil Uzi Vert|46109
28/03/2026,33,Fever Dream,Alex Warren,40,21,3,78,Fever Dream|Alex Warren|46109
28/03/2026,34,Tit For Tat,Tate McRae,46,3,25,78,Tit For Tat|Tate McRae|46109
28/03/2026,35,Coming Up Roses,Harry Styles,18,18,2,76,Coming Up Roses|Harry Styles|46109
28/03/2026,36,Let 'Em Know,T.I.,47,36,8,72,Let 'Em Know|T.I.|46109
28/03/2026,37,Lush Life,Zara Larsson,50,36,14,72,Lush Life|Zara Larsson|46109
28/03/2026,38,It Depends,Chris Brown Featuring Bryson Tiller,48,16,33,71,It Depends|Chris Brown Featuring Bryson Tiller|46109
28/03/2026,39,Midnight Sun,Zara Larsson,49,39,9,71,Midnight Sun|Zara Larsson|46109
28/03/2026,40,White Keys,Dominic Fike,53,40,4,70,White Keys|Dominic Fike|46109
28/03/2026,41,"Ready, Steady, Go!",Harry Styles,15,15,2,69,"Ready, Steady, Go!|Harry Styles|46109"
28/03/2026,42,Taste Back,Harry Styles,17,17,2,68,Taste Back|Harry Styles|46109
28/03/2026,43,The Visitor,Sienna Spiro,-,43,1,67,The Visitor|Sienna Spiro|46109
28/03/2026,44,Brunette,Tucker Wetmore,51,44,12,64,Brunette|Tucker Wetmore|46109
28/03/2026,45,Motion Party,BossMan Dlow,-,45,1,63,Motion Party|BossMan Dlow|46109
28/03/2026,46,Days Like These,Luke Combs,56,38,21,63,Days Like These|Luke Combs|46109
28/03/2026,47,McArthur,"HARDY, Eric Church, Morgan Wallen & Tim McGraw",52,31,7,62,"McArthur|HARDY, Eric Church, Morgan Wallen & Tim McGraw|46109"
28/03/2026,48,Pop Dat Thang,DaBaby,62,48,7,61,Pop Dat Thang|DaBaby|46109
28/03/2026,49,Change My Mind,Riley Green,61,49,7,61,Change My Mind|Riley Green|46109
28/03/2026,50,Chanel,Tyla,55,43,14,61,Chanel|Tyla|46109
28/03/2026,51,I Ain't Coming Back,Morgan Wallen Featuring Post Malone,57,8,40,61,I Ain't Coming Back|Morgan Wallen Featuring Post Malone|46109
28/03/2026,52,When Did You Get Hot?,Sabrina Carpenter,59,17,27,59,When Did You Get Hot?|Sabrina Carpenter|46109
28/03/2026,53,Raindance,Dave & Tems,63,53,7,57,Raindance|Dave & Tems|46109
28/03/2026,54,Pop,Harry Styles,23,23,2,54,Pop|Harry Styles|46109
28/03/2026,55,Dry Spell,Kacey Musgraves,-,55,1,51,Dry Spell|Kacey Musgraves|46109
28/03/2026,56,Dandelion,Ella Langley,60,37,7,50,Dandelion|Ella Langley|46109
28/03/2026,57,Are You Listening Yet?,Harry Styles,25,25,2,50,Are You Listening Yet?|Harry Styles|46109
28/03/2026,58,Dance No More,Harry Styles,26,26,2,50,Dance No More|Harry Styles|46109
28/03/2026,59,Elizabeth Taylor,Taylor Swift,74,3,20,48,Elizabeth Taylor|Taylor Swift|46109
28/03/2026,60,The Waiting Game,Harry Styles,28,28,2,48,The Waiting Game|Harry Styles|46109
28/03/2026,61,Beautiful Things,Megan Moroney,58,32,16,48,Beautiful Things|Megan Moroney|46109
28/03/2026,62,Wish I Didn't,Megan Moroney,64,41,6,47,Wish I Didn't|Megan Moroney|46109
28/03/2026,63,Carla's Song,Harry Styles,38,38,2,45,Carla's Song|Harry Styles|46109
28/03/2026,64,In My Room,Julia Wolf,99,64,2,45,In My Room|Julia Wolf|46109
28/03/2026,65,Ain't A Bad Life,Thomas Rhett Featuring Jordan Davis,72,65,7,45,Ain't A Bad Life|Thomas Rhett Featuring Jordan Davis|46109
28/03/2026,66,What He'll Never Have,Dylan Scott,75,66,3,45,What He'll Never Have|Dylan Scott|46109
28/03/2026,67,Season 2 Weight Loss,Harry Styles,30,30,2,44,Season 2 Weight Loss|Harry Styles|46109
28/03/2026,68,Say Why,Zach Bryan,66,25,10,43,Say Why|Zach Bryan|46109
28/03/2026,69,Turn This Truck Around,Jordan Davis,71,69,3,43,Turn This Truck Around|Jordan Davis|46109
28/03/2026,70,Travelin' Soldier,Cody Johnson,65,12,19,43,Travelin' Soldier|Cody Johnson|46109
28/03/2026,71,Time's Ticking,Justin Moore,77,71,5,42,Time's Ticking|Justin Moore|46109
28/03/2026,72,Ends Of The Earth,Ty Myers,73,72,9,42,Ends Of The Earth|Ty Myers|46109
28/03/2026,73,Zoo,Shakira,-,73,6,40,Zoo|Shakira|46109
28/03/2026,74,Butterflies.,Brent Faiyaz,68,48,5,39,Butterflies.|Brent Faiyaz|46109
28/03/2026,75,Breathe,Malcolm Todd,-,75,1,39,Breathe|Malcolm Todd|46109
28/03/2026,76,Watching Us,Wale & Leon Thomas,92,76,2,38,Watching Us|Wale & Leon Thomas|46109
28/03/2026,77,Rein Me In,Sam Fender & Olivia Dean,-,77,1,38,Rein Me In|Sam Fender & Olivia Dean|46109
28/03/2026,78,Wedding Dress,Megan Moroney,-,58,3,38,Wedding Dress|Megan Moroney|46109
28/03/2026,79,Secondhand,Don Toliver Featuring Rema,78,29,7,37,Secondhand|Don Toliver Featuring Rema|46109
28/03/2026,80,Plastic Cigarette,Zach Bryan,80,13,9,37,Plastic Cigarette|Zach Bryan|46109
28/03/2026,81,Mrs. Trendsetter,Lil Baby,94,64,5,37,Mrs. Trendsetter|Lil Baby|46109
28/03/2026,82,Who Knows,Daniel Caesar,82,52,11,37,Who Knows|Daniel Caesar|46109
28/03/2026,83,ATM,Don Toliver,83,25,8,36,ATM|Don Toliver|46109
28/03/2026,84,All I Did Was Dream of You,beabadoobee Featuring The Marias,-,84,1,36,All I Did Was Dream of You|beabadoobee Featuring The Marias|46109
28/03/2026,85,Woman,Kane Brown,-,85,1,36,Woman|Kane Brown|46109
28/03/2026,86,FDO,Pooh Shiesty,87,12,14,35,FDO|Pooh Shiesty|46109
28/03/2026,87,Paint By Numbers,Harry Styles,45,45,2,35,Paint By Numbers|Harry Styles|46109
28/03/2026,88,Tiramisu,Don Toliver,88,35,8,35,Tiramisu|Don Toliver|46109
28/03/2026,89,You Stole The Show,Sienna Spiro,97,55,10,35,You Stole The Show|Sienna Spiro|46109
28/03/2026,90,I Ain't No Cowboy,Luke Combs,-,90,1,35,I Ain't No Cowboy|Luke Combs|46109
28/03/2026,91,Trade Places,Jack Harlow,-,91,1,34,Trade Places|Jack Harlow|46109
28/03/2026,92,Earrings,Malcolm Todd,90,90,3,34,Earrings|Malcolm Todd|46109
28/03/2026,93,4 Raws,EsDeeKid,85,28,14,34,4 Raws|EsDeeKid|46109
28/03/2026,94,Ever Since U Left Me (I Went Deaf),French Montana & Max B,-,94,1,34,Ever Since U Left Me (I Went Deaf)|French Montana & Max B|46109
28/03/2026,95,I Thought I Saw Your Face Today,She & Him,81,40,14,34,I Thought I Saw Your Face Today|She & Him|46109
28/03/2026,96,Dano,Peso Pluma & Tito Double P,-,75,4,33,Dano|Peso Pluma & Tito Double P|46109
28/03/2026,97,Stay Here 4 Life,A$AP Rocky Featuring Brent Faiyaz,-,23,4,33,Stay Here 4 Life|A$AP Rocky Featuring Brent Faiyaz|46109
28/03/2026,98,Don't We,Morgan Wallen,-,48,6,33,Don't We|Morgan Wallen|46109
28/03/2026,99,BOO,H3adband,98,90,7,33,BOO|H3adband|46109
28/03/2026,100,Call Back,Don Toliver,-,41,6,33,Call Back|Don Toliver|46109
21/03/2026,1,Choosin' Texas,Ella Langley,2,1,21,263,Choosin' Texas|Ella Langley|46102
21/03/2026,2,Man I Need,Olivia Dean,3,2,29,242,Man I Need|Olivia Dean|46102
21/03/2026,3,I Just Might,Bruno Mars,1,1,9,232,I Just Might|Bruno Mars|46102
21/03/2026,4,American Girls,Harry Styles,-,4,1,208,American Girls|Harry Styles|46102
21/03/2026,5,Ordinary,Alex Warren,5,1,56,202,Ordinary|Alex Warren|46102
21/03/2026,6,Stateside,PinkPantheress With Zara Larsson,7,6,10,173,Stateside|PinkPantheress With Zara Larsson|46102
21/03/2026,7,Golden,"HUNTR/X: EJAE, Audrey Nuna & REI AMI",8,1,38,168,"Golden|HUNTR/X: EJAE, Audrey Nuna & REI AMI|46102"
21/03/2026,8,The Fate Of Ophelia,Taylor Swift,9,1,23,166,The Fate Of Ophelia|Taylor Swift|46102
21/03/2026,9,Aperture,Harry Styles,29,1,7,162,Aperture|Harry Styles|46102
21/03/2026,10,Opalite,Taylor Swift,6,1,23,158,Opalite|Taylor Swift|46102
21/03/2026,11,So Easy (To Fall In Love),Olivia Dean,13,11,24,153,So Easy (To Fall In Love)|Olivia Dean|46102
21/03/2026,12,Risk It All,Bruno Mars,4,4,2,149,Risk It All|Bruno Mars|46102
21/03/2026,13,Folded,Kehlani,12,6,39,143,Folded|Kehlani|46102
21/03/2026,14,Back To Friends,sombr,10,7,50,140,Back To Friends|sombr|46102
21/03/2026,15,"Ready, Steady, Go!",Harry Styles,-,15,1,129,"Ready, Steady, Go!|Harry Styles|46102"
21/03/2026,16,DTMF,Bad Bunny,11,1,26,128,DTMF|Bad Bunny|46102
21/03/2026,17,Taste Back,Harry Styles,-,17,1,126,Taste Back|Harry Styles|46102
21/03/2026,18,Coming Up Roses,Harry Styles,-,18,1,124,Coming Up Roses|Harry Styles|46102
21/03/2026,19,Where Is My Husband!,RAYE,14,13,24,118,Where Is My Husband!|RAYE|46102
21/03/2026,20,Be Her,Ella Langley,16,16,4,116,Be Her|Ella Langley|46102
21/03/2026,21,Sleepless In A Hotel Room,Luke Combs,18,17,9,115,Sleepless In A Hotel Room|Luke Combs|46102
21/03/2026,22,E85,Don Toliver,15,15,6,115,E85|Don Toliver|46102
21/03/2026,23,Pop,Harry Styles,-,23,1,113,Pop|Harry Styles|46102
21/03/2026,24,Be By You,Luke Combs,17,12,4,111,Be By You|Luke Combs|46102
21/03/2026,25,Are You Listening Yet?,Harry Styles,-,25,1,110,Are You Listening Yet?|Harry Styles|46102
21/03/2026,26,Dance No More,Harry Styles,-,26,1,108,Dance No More|Harry Styles|46102
21/03/2026,27,Yukon,Justin Bieber,20,17,35,106,Yukon|Justin Bieber|46102
21/03/2026,28,The Waiting Game,Harry Styles,-,28,1,104,The Waiting Game|Harry Styles|46102
21/03/2026,29,Iloveitiloveitiloveit,Bella Kay,32,29,4,102,Iloveitiloveitiloveit|Bella Kay|46102
21/03/2026,30,Season 2 Weight Loss,Harry Styles,-,30,1,99,Season 2 Weight Loss|Harry Styles|46102
21/03/2026,31,Body,Don Toliver,23,14,6,98,Body|Don Toliver|46102
21/03/2026,32,Babydoll,Dominic Fike,33,32,5,97,Babydoll|Dominic Fike|46102
21/03/2026,33,Homewrecker,sombr,26,24,5,93,Homewrecker|sombr|46102
21/03/2026,34,What You Saying,Lil Uzi Vert,27,12,11,91,What You Saying|Lil Uzi Vert|46102
21/03/2026,35,Baile Inolvidable,Bad Bunny,24,2,26,89,Baile Inolvidable|Bad Bunny|46102
21/03/2026,36,Die On This Hill,Sienna Spiro,31,19,12,88,Die On This Hill|Sienna Spiro|46102
21/03/2026,37,Dracula,Tame Impala & JENNIE,37,30,24,88,Dracula|Tame Impala & JENNIE|46102
21/03/2026,38,Carla's Song,Harry Styles,-,38,1,87,Carla's Song|Harry Styles|46102
21/03/2026,39,Amen,Shaboozey & Jelly Roll,36,27,44,86,Amen|Shaboozey & Jelly Roll|46102
21/03/2026,40,Fever Dream,Alex Warren,21,21,2,84,Fever Dream|Alex Warren|46102
21/03/2026,41,The Fall,Cody Johnson,40,34,24,83,The Fall|Cody Johnson|46102
21/03/2026,42,The Great Divide,Noah Kahan,34,6,6,81,The Great Divide|Noah Kahan|46102
21/03/2026,43,Better Me For You (Brown Eyes),Max McNown,35,26,39,81,Better Me For You (Brown Eyes)|Max McNown|46102
21/03/2026,44,Nuevayol,Bad Bunny,30,5,26,80,Nuevayol|Bad Bunny|46102
21/03/2026,45,Paint By Numbers,Harry Styles,-,45,1,80,Paint By Numbers|Harry Styles|46102
21/03/2026,46,Tit For Tat,Tate McRae,41,3,24,79,Tit For Tat|Tate McRae|46102
21/03/2026,47,Let 'Em Know,T.I.,39,38,7,77,Let 'Em Know|T.I.|46102
21/03/2026,48,It Depends,Chris Brown Featuring Bryson Tiller,44,16,32,71,It Depends|Chris Brown Featuring Bryson Tiller|46102
21/03/2026,49,Midnight Sun,Zara Larsson,60,49,8,69,Midnight Sun|Zara Larsson|46102
21/03/2026,50,Lush Life,Zara Larsson,48,36,13,65,Lush Life|Zara Larsson|46102
21/03/2026,51,Brunette,Tucker Wetmore,52,51,11,65,Brunette|Tucker Wetmore|46102
21/03/2026,52,McArthur,"HARDY, Eric Church, Morgan Wallen & Tim McGraw",50,31,6,63,"McArthur|HARDY, Eric Church, Morgan Wallen & Tim McGraw|46102"
21/03/2026,53,White Keys,Dominic Fike,61,53,3,63,White Keys|Dominic Fike|46102
21/03/2026,54,A Couple Minutes,Olivia Dean,47,26,20,62,A Couple Minutes|Olivia Dean|46102
21/03/2026,55,Chanel,Tyla,53,43,13,62,Chanel|Tyla|46102
21/03/2026,56,Days Like These,Luke Combs,51,38,20,62,Days Like These|Luke Combs|46102
21/03/2026,57,I Ain't Coming Back,Morgan Wallen Featuring Post Malone,55,8,39,61,I Ain't Coming Back|Morgan Wallen Featuring Post Malone|46102
21/03/2026,58,Beautiful Things,Megan Moroney,45,32,15,60,Beautiful Things|Megan Moroney|46102
21/03/2026,59,When Did You Get Hot?,Sabrina Carpenter,56,17,26,59,When Did You Get Hot?|Sabrina Carpenter|46102
21/03/2026,60,Dandelion,Ella Langley,49,37,6,59,Dandelion|Ella Langley|46102
21/03/2026,61,Change My Mind,Riley Green,57,57,6,59,Change My Mind|Riley Green|46102
21/03/2026,62,Pop Dat Thang,DaBaby,59,59,6,58,Pop Dat Thang|DaBaby|46102
21/03/2026,63,Raindance,Dave & Tems,65,63,6,57,Raindance|Dave & Tems|46102
21/03/2026,64,Wish I Didn't,Megan Moroney,58,41,5,54,Wish I Didn't|Megan Moroney|46102
21/03/2026,65,Travelin' Soldier,Cody Johnson,66,12,18,49,Travelin' Soldier|Cody Johnson|46102
21/03/2026,66,Say Why,Zach Bryan,69,25,9,47,Say Why|Zach Bryan|46102
21/03/2026,67,God Was Showing Off,Bruno Mars,28,28,2,46,God Was Showing Off|Bruno Mars|46102
21/03/2026,68,Butterflies.,Brent Faiyaz,62,48,4,45,Butterflies.|Brent Faiyaz|46102
21/03/2026,69,Cha Cha Cha,Bruno Mars,25,25,2,45,Cha Cha Cha|Bruno Mars|46102
21/03/2026,70,Dance With Me,Bruno Mars,42,42,2,44,Dance With Me|Bruno Mars|46102
21/03/2026,71,Turn This Truck Around,Jordan Davis,77,71,2,43,Turn This Truck Around|Jordan Davis|46102
21/03/2026,72,Ain't A Bad Life,Thomas Rhett Featuring Jordan Davis,73,71,6,43,Ain't A Bad Life|Thomas Rhett Featuring Jordan Davis|46102
21/03/2026,73,Ends Of The Earth,Ty Myers,72,72,8,43,Ends Of The Earth|Ty Myers|46102
21/03/2026,74,Elizabeth Taylor,Taylor Swift,-,3,19,42,Elizabeth Taylor|Taylor Swift|46102
21/03/2026,75,What He'll Never Have,Dylan Scott,79,75,2,42,What He'll Never Have|Dylan Scott|46102
21/03/2026,76,Why You Wanna Fight?,Bruno Mars,38,38,2,41,Why You Wanna Fight?|Bruno Mars|46102
21/03/2026,77,Time's Ticking,Justin Moore,78,77,4,41,Time's Ticking|Justin Moore|46102
21/03/2026,78,Secondhand,Don Toliver Featuring Rema,68,29,6,40,Secondhand|Don Toliver Featuring Rema|46102
21/03/2026,79,Nice To Each Other,Olivia Dean,74,65,20,40,Nice To Each Other|Olivia Dean|46102
21/03/2026,80,Plastic Cigarette,Zach Bryan,85,13,8,40,Plastic Cigarette|Zach Bryan|46102
21/03/2026,81,I Thought I Saw Your Face Today,She & Him,80,40,13,40,I Thought I Saw Your Face Today|She & Him|46102
21/03/2026,82,Who Knows,Daniel Caesar,75,52,10,39,Who Knows|Daniel Caesar|46102
21/03/2026,83,ATM,Don Toliver,70,25,7,39,ATM|Don Toliver|46102
21/03/2026,84,Medicine,Megan Moroney,64,39,3,38,Medicine|Megan Moroney|46102
21/03/2026,85,4 Raws,EsDeeKid,82,28,13,38,4 Raws|EsDeeKid|46102
21/03/2026,86,How It's Done,"HUNTR/X: EJAE, Audrey Nuna & REI AMI",86,8,32,38,"How It's Done|HUNTR/X: EJAE, Audrey Nuna & REI AMI|46102"
21/03/2026,87,FDO,Pooh Shiesty,81,12,13,37,FDO|Pooh Shiesty|46102
21/03/2026,88,Tiramisu,Don Toliver,76,35,7,37,Tiramisu|Don Toliver|46102
21/03/2026,89,On My Soul,Bruno Mars,43,43,2,36,On My Soul|Bruno Mars|46102
21/03/2026,90,Earrings,Malcolm Todd,95,90,2,36,Earrings|Malcolm Todd|46102
21/03/2026,91,Gemstone,Don Toliver,83,44,6,36,Gemstone|Don Toliver|46102
21/03/2026,92,Watching Us,Wale & Leon Thomas,-,92,1,36,Watching Us|Wale & Leon Thomas|46102
21/03/2026,93,Something Serious,Bruno Mars,46,46,2,36,Something Serious|Bruno Mars|46102
21/03/2026,94,Mrs. Trendsetter,Lil Baby,-,64,4,35,Mrs. Trendsetter|Lil Baby|46102
21/03/2026,95,Fame Is A Gun,Addison Rae,89,73,11,35,Fame Is A Gun|Addison Rae|46102
21/03/2026,96,Rocky Mountain Low,Corey Kent & Koe Wetzel,90,90,2,35,Rocky Mountain Low|Corey Kent & Koe Wetzel|46102
21/03/2026,97,You Stole The Show,Sienna Spiro,91,55,9,34,You Stole The Show|Sienna Spiro|46102
21/03/2026,98,BOO,H3adband,92,90,6,34,BOO|H3adband|46102
21/03/2026,99,In My Room,Julia Wolf,-,99,1,34,In My Room|Julia Wolf|46102
21/03/2026,100,B B B,Juvenile Featuring Genesisthegawd Or & Megan Thee Stallion,67,67,2,34,B B B|Juvenile Featuring Genesisthegawd Or & Megan Thee Stallion|46102
14/03/2026,1,I Just Might,Bruno Mars,5,1,8,273,I Just Might|Bruno Mars|46095
14/03/2026,2,Choosin' Texas,Ella Langley,1,1,20,260,Choosin' Texas|Ella Langley|46095
14/03/2026,3,Man I Need,Olivia Dean,2,2,28,245,Man I Need|Olivia Dean|46095
14/03/2026,4,Risk It All,Bruno Mars,-,4,1,234,Risk It All|Bruno Mars|46095
14/03/2026,5,Ordinary,Alex Warren,3,1,55,219,Ordinary|Alex Warren|46095
14/03/2026,6,Opalite,Taylor Swift,4,1,22,182,Opalite|Taylor Swift|46095
14/03/2026,7,Stateside,PinkPantheress With Zara Larsson,13,7,9,179,Stateside|PinkPantheress With Zara Larsson|46095
14/03/2026,8,Golden,"HUNTR/X: EJAE, Audrey Nuna & REI AMI",6,1,37,175,"Golden|HUNTR/X: EJAE, Audrey Nuna & REI AMI|46095"
14/03/2026,9,The Fate Of Ophelia,Taylor Swift,7,1,22,172,The Fate Of Ophelia|Taylor Swift|46095
14/03/2026,10,Back To Friends,sombr,9,7,49,146,Back To Friends|sombr|46095
14/03/2026,11,DTMF,Bad Bunny,8,1,25,143,DTMF|Bad Bunny|46095
14/03/2026,12,Folded,Kehlani,10,6,38,143,Folded|Kehlani|46095
14/03/2026,13,So Easy (To Fall In Love),Olivia Dean,11,11,23,141,So Easy (To Fall In Love)|Olivia Dean|46095
14/03/2026,14,Where Is My Husband!,RAYE,14,13,23,126,Where Is My Husband!|RAYE|46095
14/03/2026,15,E85,Don Toliver,15,15,5,121,E85|Don Toliver|46095
14/03/2026,16,Be Her,Ella Langley,16,16,3,115,Be Her|Ella Langley|46095
14/03/2026,17,Be By You,Luke Combs,12,12,3,113,Be By You|Luke Combs|46095
14/03/2026,18,Sleepless In A Hotel Room,Luke Combs,19,17,8,111,Sleepless In A Hotel Room|Luke Combs|46095
14/03/2026,19,End Of Beginning,Djo,21,6,31,107,End Of Beginning|Djo|46095
14/03/2026,20,Yukon,Justin Bieber,22,17,34,104,Yukon|Justin Bieber|46095
14/03/2026,21,Fever Dream,Alex Warren,-,21,1,101,Fever Dream|Alex Warren|46095
14/03/2026,22,20 Cigarettes,Morgan Wallen,20,15,41,101,20 Cigarettes|Morgan Wallen|46095
14/03/2026,23,Body,Don Toliver,25,14,5,101,Body|Don Toliver|46095
14/03/2026,24,Baile Inolvidable,Bad Bunny,17,2,25,100,Baile Inolvidable|Bad Bunny|46095
14/03/2026,25,Cha Cha Cha,Bruno Mars,-,25,1,100,Cha Cha Cha|Bruno Mars|46095
14/03/2026,26,Homewrecker,sombr,24,24,4,96,Homewrecker|sombr|46095
14/03/2026,27,What You Saying,Lil Uzi Vert,27,12,10,93,What You Saying|Lil Uzi Vert|46095
14/03/2026,28,God Was Showing Off,Bruno Mars,-,28,1,93,God Was Showing Off|Bruno Mars|46095
14/03/2026,29,Aperture,Harry Styles,29,1,6,91,Aperture|Harry Styles|46095
14/03/2026,30,Nuevayol,Bad Bunny,23,5,25,91,Nuevayol|Bad Bunny|46095
14/03/2026,31,Die On This Hill,Sienna Spiro,28,19,11,87,Die On This Hill|Sienna Spiro|46095
14/03/2026,32,Iloveitiloveitiloveit,Bella Kay,43,32,3,86,Iloveitiloveitiloveit|Bella Kay|46095
14/03/2026,33,Babydoll,Dominic Fike,44,33,4,86,Babydoll|Dominic Fike|46095
14/03/2026,34,The Great Divide,Noah Kahan,26,6,5,85,The Great Divide|Noah Kahan|46095
14/03/2026,35,Better Me For You (Brown Eyes),Max McNown,33,26,38,84,Better Me For You (Brown Eyes)|Max McNown|46095
14/03/2026,36,Amen,Shaboozey & Jelly Roll,31,27,43,82,Amen|Shaboozey & Jelly Roll|46095
14/03/2026,37,Dracula,Tame Impala & JENNIE,42,30,23,81,Dracula|Tame Impala & JENNIE|46095
14/03/2026,38,Why You Wanna Fight?,Bruno Mars,-,38,1,81,Why You Wanna Fight?|Bruno Mars|46095
14/03/2026,39,Let 'Em Know,T.I.,38,38,6,80,Let 'Em Know|T.I.|46095
14/03/2026,40,The Fall,Cody Johnson,35,34,23,80,The Fall|Cody Johnson|46095
14/03/2026,41,Tit For Tat,Tate McRae,30,3,23,78,Tit For Tat|Tate McRae|46095
14/03/2026,42,Dance With Me,Bruno Mars,-,42,1,74,Dance With Me|Bruno Mars|46095
14/03/2026,43,On My Soul,Bruno Mars,-,43,1,74,On My Soul|Bruno Mars|46095
14/03/2026,44,It Depends,Chris Brown Featuring Bryson Tiller,36,16,31,73,It Depends|Chris Brown Featuring Bryson Tiller|46095
14/03/2026,45,Beautiful Things,Megan Moroney,32,32,14,68,Beautiful Things|Megan Moroney|46095
14/03/2026,46,Something Serious,Bruno Mars,-,46,1,67,Something Serious|Bruno Mars|46095
14/03/2026,47,A Couple Minutes,Olivia Dean,40,26,19,66,A Couple Minutes|Olivia Dean|46095
14/03/2026,48,Lush Life,Zara Larsson,45,36,12,66,Lush Life|Zara Larsson|46095
14/03/2026,49,Dandelion,Ella Langley,46,37,5,62,Dandelion|Ella Langley|46095
14/03/2026,50,McArthur,"HARDY, Eric Church, Morgan Wallen & Tim McGraw",49,31,5,62,"McArthur|HARDY, Eric Church, Morgan Wallen & Tim McGraw|46095"
14/03/2026,51,Days Like These,Luke Combs,56,38,19,62,Days Like These|Luke Combs|46095
14/03/2026,52,Brunette,Tucker Wetmore,61,52,10,61,Brunette|Tucker Wetmore|46095
14/03/2026,53,Chanel,Tyla,51,43,12,61,Chanel|Tyla|46095
14/03/2026,54,Nothing Left,Bruno Mars,-,54,1,60,Nothing Left|Bruno Mars|46095
14/03/2026,55,I Ain't Coming Back,Morgan Wallen Featuring Post Malone,53,8,38,60,I Ain't Coming Back|Morgan Wallen Featuring Post Malone|46095
14/03/2026,56,When Did You Get Hot?,Sabrina Carpenter,54,17,25,60,When Did You Get Hot?|Sabrina Carpenter|46095
14/03/2026,57,Change My Mind,Riley Green,60,57,5,58,Change My Mind|Riley Green|46095
14/03/2026,58,Wish I Didn't,Megan Moroney,41,41,4,58,Wish I Didn't|Megan Moroney|46095
14/03/2026,59,Pop Dat Thang,DaBaby,64,59,5,55,Pop Dat Thang|DaBaby|46095
14/03/2026,60,Midnight Sun,Zara Larsson,62,60,7,54,Midnight Sun|Zara Larsson|46095
14/03/2026,61,White Keys,Dominic Fike,85,61,2,53,White Keys|Dominic Fike|46095
14/03/2026,62,Butterflies.,Brent Faiyaz,48,48,3,50,Butterflies.|Brent Faiyaz|46095
14/03/2026,63,Go,BLACKPINK,-,63,1,50,Go|BLACKPINK|46095
14/03/2026,64,Medicine,Megan Moroney,39,39,2,49,Medicine|Megan Moroney|46095
14/03/2026,65,Raindance,Dave & Tems,80,65,5,48,Raindance|Dave & Tems|46095
14/03/2026,66,Travelin' Soldier,Cody Johnson,73,12,17,47,Travelin' Soldier|Cody Johnson|46095
14/03/2026,67,B B B,Juvenile Featuring Genesisthegawd Or & Megan Thee Stallion,-,67,1,44,B B B|Juvenile Featuring Genesisthegawd Or & Megan Thee Stallion|46095
14/03/2026,68,Secondhand,Don Toliver Featuring Rema,71,29,5,44,Secondhand|Don Toliver Featuring Rema|46095
14/03/2026,69,Say Why,Zach Bryan,79,25,8,44,Say Why|Zach Bryan|46095
14/03/2026,70,ATM,Don Toliver,72,25,6,44,ATM|Don Toliver|46095
14/03/2026,71,Good Flirts,Baby Keem Featuring Kendrick Lamar & Momo Boyd,34,34,2,44,Good Flirts|Baby Keem Featuring Kendrick Lamar & Momo Boyd|46095
14/03/2026,72,Ends Of The Earth,Ty Myers,84,72,7,44,Ends Of The Earth|Ty Myers|46095
14/03/2026,73,Ain't A Bad Life,Thomas Rhett Featuring Jordan Davis,92,71,5,44,Ain't A Bad Life|Thomas Rhett Featuring Jordan Davis|46095
14/03/2026,74,Nice To Each Other,Olivia Dean,87,65,19,42,Nice To Each Other|Olivia Dean|46095
14/03/2026,75,Who Knows,Daniel Caesar,74,52,9,41,Who Knows|Daniel Caesar|46095
14/03/2026,76,Tiramisu,Don Toliver,82,35,6,40,Tiramisu|Don Toliver|46095
14/03/2026,77,Turn This Truck Around,Jordan Davis,-,77,1,40,Turn This Truck Around|Jordan Davis|46095
14/03/2026,78,Time's Ticking,Justin Moore,95,78,3,40,Time's Ticking|Justin Moore|46095
14/03/2026,79,What He'll Never Have,Dylan Scott,-,79,1,40,What He'll Never Have|Dylan Scott|46095
14/03/2026,80,I Thought I Saw Your Face Today,She & Him,78,40,12,39,I Thought I Saw Your Face Today|She & Him|46095
14/03/2026,81,FDO,Pooh Shiesty,86,12,12,39,FDO|Pooh Shiesty|46095
14/03/2026,82,4 Raws,EsDeeKid,81,28,12,39,4 Raws|EsDeeKid|46095
14/03/2026,83,Gemstone,Don Toliver,91,44,5,39,Gemstone|Don Toliver|46095
14/03/2026,84,La Cancion,J Balvin & Bad Bunny,75,27,12,39,La Cancion|J Balvin & Bad Bunny|46095
14/03/2026,85,Plastic Cigarette,Zach Bryan,99,13,7,38,Plastic Cigarette|Zach Bryan|46095
14/03/2026,86,How It's Done,"HUNTR/X: EJAE, Audrey Nuna & REI AMI",94,8,31,38,"How It's Done|HUNTR/X: EJAE, Audrey Nuna & REI AMI|46095"
14/03/2026,87,Two Six,J. Cole,65,16,4,38,Two Six|J. Cole|46095
14/03/2026,88,Ca$ino,Baby Keem,37,37,2,37,Ca$ino|Baby Keem|46095
14/03/2026,89,Fame Is A Gun,Addison Rae,100,73,10,37,Fame Is A Gun|Addison Rae|46095
14/03/2026,90,Rocky Mountain Low,Corey Kent & Koe Wetzel,-,90,1,37,Rocky Mountain Low|Corey Kent & Koe Wetzel|46095
14/03/2026,91,You Stole The Show,Sienna Spiro,93,55,8,36,You Stole The Show|Sienna Spiro|46095
14/03/2026,92,BOO,H3adband,-,90,5,36,BOO|H3adband|46095
14/03/2026,93,Call Back,Don Toliver,98,41,5,36,Call Back|Don Toliver|46095
14/03/2026,94,Wedding Dress,Megan Moroney,58,58,2,36,Wedding Dress|Megan Moroney|46095
14/03/2026,95,Earrings,Malcolm Todd,-,95,1,36,Earrings|Malcolm Todd|46095
14/03/2026,96,Drag Path,Twenty One Pilots,57,57,2,36,Drag Path|Twenty One Pilots|46095
14/03/2026,97,Excavator,Don Toliver,-,48,4,35,Excavator|Don Toliver|46095
14/03/2026,98,Rendezvous,Don Toliver Featuring Yeat,96,30,5,35,Rendezvous|Don Toliver Featuring Yeat|46095
14/03/2026,99,Favorite Country Song,HARDY,-,38,17,35,Favorite Country Song|HARDY|46095
14/03/2026,100,Who TF Iz U,J. Cole,90,32,4,35,Who TF Iz U|J. Cole|46095
07/03/2026,1,Choosin' Texas,Ella Langley,2,1,19,243,Choosin' Texas|Ella Langley|46088
07/03/2026,2,Man I Need,Olivia Dean,3,2,27,235,Man I Need|Olivia Dean|46088
07/03/2026,3,Ordinary,Alex Warren,5,1,54,206,Ordinary|Alex Warren|46088
07/03/2026,4,Opalite,Taylor Swift,1,1,21,196,Opalite|Taylor Swift|46088
07/03/2026,5,I Just Might,Bruno Mars,6,1,7,195,I Just Might|Bruno Mars|46088
07/03/2026,6,Golden,"HUNTR/X: EJAE, Audrey Nuna & REI AMI",7,1,36,183,"Golden|HUNTR/X: EJAE, Audrey Nuna & REI AMI|46088"
07/03/2026,7,The Fate Of Ophelia,Taylor Swift,8,1,21,176,The Fate Of Ophelia|Taylor Swift|46088
07/03/2026,8,DTMF,Bad Bunny,4,1,24,160,DTMF|Bad Bunny|46088
07/03/2026,9,Back To Friends,sombr,11,7,48,146,Back To Friends|sombr|46088
07/03/2026,10,Folded,Kehlani,13,6,37,144,Folded|Kehlani|46088
07/03/2026,11,So Easy (To Fall In Love),Olivia Dean,14,11,22,136,So Easy (To Fall In Love)|Olivia Dean|46088
07/03/2026,12,Be By You,Luke Combs,15,12,2,121,Be By You|Luke Combs|46088
07/03/2026,13,Stateside,PinkPantheress With Zara Larsson,41,13,8,121,Stateside|PinkPantheress With Zara Larsson|46088
07/03/2026,14,Where Is My Husband!,RAYE,17,13,22,120,Where Is My Husband!|RAYE|46088
07/03/2026,15,E85,Don Toliver,20,15,4,114,E85|Don Toliver|46088
07/03/2026,16,Be Her,Ella Langley,18,16,2,113,Be Her|Ella Langley|46088
07/03/2026,17,Baile Inolvidable,Bad Bunny,10,2,24,112,Baile Inolvidable|Bad Bunny|46088
07/03/2026,18,Titi Me Pregunto,Bad Bunny,9,5,33,108,Titi Me Pregunto|Bad Bunny|46088
07/03/2026,19,Sleepless In A Hotel Room,Luke Combs,19,17,7,107,Sleepless In A Hotel Room|Luke Combs|46088
07/03/2026,20,20 Cigarettes,Morgan Wallen,21,15,40,106,20 Cigarettes|Morgan Wallen|46088
07/03/2026,21,End Of Beginning,Djo,22,6,30,106,End Of Beginning|Djo|46088
07/03/2026,22,Yukon,Justin Bieber,23,17,33,103,Yukon|Justin Bieber|46088
07/03/2026,23,Nuevayol,Bad Bunny,12,5,24,101,Nuevayol|Bad Bunny|46088
07/03/2026,24,Homewrecker,sombr,26,24,3,99,Homewrecker|sombr|46088
07/03/2026,25,Body,Don Toliver,24,14,4,99,Body|Don Toliver|46088
07/03/2026,26,The Great Divide,Noah Kahan,25,6,4,93,The Great Divide|Noah Kahan|46088
07/03/2026,27,What You Saying,Lil Uzi Vert,27,12,9,92,What You Saying|Lil Uzi Vert|46088
07/03/2026,28,Die On This Hill,Sienna Spiro,29,19,10,91,Die On This Hill|Sienna Spiro|46088
07/03/2026,29,Aperture,Harry Styles,28,1,5,85,Aperture|Harry Styles|46088
07/03/2026,30,Tit For Tat,Tate McRae,31,3,22,79,Tit For Tat|Tate McRae|46088
07/03/2026,31,Amen,Shaboozey & Jelly Roll,32,27,42,79,Amen|Shaboozey & Jelly Roll|46088
07/03/2026,32,Beautiful Things,Megan Moroney,58,32,13,78,Beautiful Things|Megan Moroney|46088
07/03/2026,33,Better Me For You (Brown Eyes),Max McNown,34,26,37,78,Better Me For You (Brown Eyes)|Max McNown|46088
07/03/2026,34,Good Flirts,Baby Keem Featuring Kendrick Lamar & Momo Boyd,-,34,1,76,Good Flirts|Baby Keem Featuring Kendrick Lamar & Momo Boyd|46088
07/03/2026,35,The Fall,Cody Johnson,36,34,22,75,The Fall|Cody Johnson|46088
07/03/2026,36,It Depends,Chris Brown Featuring Bryson Tiller,35,16,30,75,It Depends|Chris Brown Featuring Bryson Tiller|46088
07/03/2026,37,Ca$ino,Baby Keem,-,37,1,73,Ca$ino|Baby Keem|46088
07/03/2026,38,Let 'Em Know,T.I.,43,38,5,73,Let 'Em Know|T.I.|46088
07/03/2026,39,Medicine,Megan Moroney,-,39,1,73,Medicine|Megan Moroney|46088
07/03/2026,40,A Couple Minutes,Olivia Dean,33,26,18,71,A Couple Minutes|Olivia Dean|46088
07/03/2026,41,Wish I Didn't,Megan Moroney,-,41,3,70,Wish I Didn't|Megan Moroney|46088
07/03/2026,42,Dracula,Tame Impala & JENNIE,40,30,22,70,Dracula|Tame Impala & JENNIE|46088
07/03/2026,43,Iloveitiloveitiloveit,Bella Kay,66,43,2,68,Iloveitiloveitiloveit|Bella Kay|46088
07/03/2026,44,Babydoll,Dominic Fike,52,44,3,67,Babydoll|Dominic Fike|46088
07/03/2026,45,Lush Life,Zara Larsson,39,36,11,66,Lush Life|Zara Larsson|46088
07/03/2026,46,Dandelion,Ella Langley,37,37,4,65,Dandelion|Ella Langley|46088
07/03/2026,47,House Money,Baby Keem,-,47,1,64,House Money|Baby Keem|46088
07/03/2026,48,Butterflies.,Brent Faiyaz,49,48,2,63,Butterflies.|Brent Faiyaz|46088
07/03/2026,49,McArthur,"HARDY, Eric Church, Morgan Wallen & Tim McGraw",42,31,4,63,"McArthur|HARDY, Eric Church, Morgan Wallen & Tim McGraw|46088"
07/03/2026,50,Birds & The Bees,Baby Keem,-,50,1,60,Birds & The Bees|Baby Keem|46088
07/03/2026,51,Chanel,Tyla,53,43,11,60,Chanel|Tyla|46088
07/03/2026,52,Voy A Llevarte Pa PR,Bad Bunny,30,14,20,59,Voy A Llevarte Pa PR|Bad Bunny|46088
07/03/2026,53,I Ain't Coming Back,Morgan Wallen Featuring Post Malone,50,8,37,59,I Ain't Coming Back|Morgan Wallen Featuring Post Malone|46088
07/03/2026,54,When Did You Get Hot?,Sabrina Carpenter,55,17,24,58,When Did You Get Hot?|Sabrina Carpenter|46088
07/03/2026,55,12 To 12,sombr,47,41,28,58,12 To 12|sombr|46088
07/03/2026,56,Days Like These,Luke Combs,38,38,18,58,Days Like These|Luke Combs|46088
07/03/2026,57,Drag Path,Twenty One Pilots,-,57,1,57,Drag Path|Twenty One Pilots|46088
07/03/2026,58,Wedding Dress,Megan Moroney,-,58,1,57,Wedding Dress|Megan Moroney|46088
07/03/2026,59,How Far Does A Goodbye Go,Jason Aldean,46,37,20,57,How Far Does A Goodbye Go|Jason Aldean|46088
07/03/2026,60,Change My Mind,Riley Green,68,60,4,57,Change My Mind|Riley Green|46088
07/03/2026,61,Brunette,Tucker Wetmore,59,53,9,57,Brunette|Tucker Wetmore|46088
07/03/2026,62,Midnight Sun,Zara Larsson,64,62,6,50,Midnight Sun|Zara Larsson|46088
07/03/2026,63,Cloud 9,Megan Moroney,-,63,1,49,Cloud 9|Megan Moroney|46088
07/03/2026,64,Pop Dat Thang,DaBaby,78,64,4,49,Pop Dat Thang|DaBaby|46088
07/03/2026,65,Two Six,J. Cole,44,16,3,49,Two Six|J. Cole|46088
07/03/2026,66,Circus Circus Free$tyle,Baby Keem,-,66,1,48,Circus Circus Free$tyle|Baby Keem|46088
07/03/2026,67,I Only Miss You,Megan Moroney & Ed Sheeran,-,67,1,48,I Only Miss You|Megan Moroney & Ed Sheeran|46088
07/03/2026,68,Who Hurt You?,Megan Moroney,-,68,1,47,Who Hurt You?|Megan Moroney|46088
07/03/2026,69,$ex Appeal,Baby Keem Featuring Too $hort,-,69,1,47,$ex Appeal|Baby Keem Featuring Too $hort|46088
07/03/2026,70,Gone Gone Gone,"David Guetta, Teddy Swims & Tones And I",62,51,13,46,"Gone Gone Gone|David Guetta, Teddy Swims & Tones And I|46088"
07/03/2026,71,Secondhand,Don Toliver Featuring Rema,56,29,4,45,Secondhand|Don Toliver Featuring Rema|46088
07/03/2026,72,ATM,Don Toliver,57,25,5,45,ATM|Don Toliver|46088
07/03/2026,73,Travelin' Soldier,Cody Johnson,63,12,16,45,Travelin' Soldier|Cody Johnson|46088
07/03/2026,74,Who Knows,Daniel Caesar,76,52,8,44,Who Knows|Daniel Caesar|46088
07/03/2026,75,La Cancion,J Balvin & Bad Bunny,48,27,11,44,La Cancion|J Balvin & Bad Bunny|46088
07/03/2026,76,No Security,Baby Keem,-,76,1,43,No Security|Baby Keem|46088
07/03/2026,77,Dramatic Girl,Baby Keem Featuring Che Ecru,-,77,1,43,Dramatic Girl|Baby Keem Featuring Che Ecru|46088
07/03/2026,78,I Thought I Saw Your Face Today,She & Him,74,40,11,42,I Thought I Saw Your Face Today|She & Him|46088
07/03/2026,79,Say Why,Zach Bryan,73,25,7,42,Say Why|Zach Bryan|46088
07/03/2026,80,Raindance,Dave & Tems,93,80,4,41,Raindance|Dave & Tems|46088
07/03/2026,81,4 Raws,EsDeeKid,71,28,11,41,4 Raws|EsDeeKid|46088
07/03/2026,82,Tiramisu,Don Toliver,67,35,5,41,Tiramisu|Don Toliver|46088
07/03/2026,83,Stupid,Megan Moroney,-,83,1,41,Stupid|Megan Moroney|46088
07/03/2026,84,Ends Of The Earth,Ty Myers,90,81,6,41,Ends Of The Earth|Ty Myers|46088
07/03/2026,85,White Keys,Dominic Fike,-,85,1,40,White Keys|Dominic Fike|46088
07/03/2026,86,FDO,Pooh Shiesty,72,12,11,40,FDO|Pooh Shiesty|46088
07/03/2026,87,Nice To Each Other,Olivia Dean,70,65,18,40,Nice To Each Other|Olivia Dean|46088
07/03/2026,88,Highway 95 Pt.2,Baby Keem,-,88,1,40,Highway 95 Pt.2|Baby Keem|46088
07/03/2026,89,I Am Not A Lyricist,Baby Keem,-,89,1,40,I Am Not A Lyricist|Baby Keem|46088
07/03/2026,90,Who TF Iz U,J. Cole,61,32,3,40,Who TF Iz U|J. Cole|46088
07/03/2026,91,Gemstone,Don Toliver,80,44,4,39,Gemstone|Don Toliver|46088
07/03/2026,92,Ain't A Bad Life,Thomas Rhett Featuring Jordan Davis,95,71,4,39,Ain't A Bad Life|Thomas Rhett Featuring Jordan Davis|46088
07/03/2026,93,You Stole The Show,Sienna Spiro,85,55,7,39,You Stole The Show|Sienna Spiro|46088
07/03/2026,94,How It's Done,"HUNTR/X: EJAE, Audrey Nuna & REI AMI",91,8,30,38,"How It's Done|HUNTR/X: EJAE, Audrey Nuna & REI AMI|46088"
07/03/2026,95,Time's Ticking,Justin Moore,-,92,2,38,Time's Ticking|Justin Moore|46088
07/03/2026,96,Rendezvous,Don Toliver Featuring Yeat,77,30,4,37,Rendezvous|Don Toliver Featuring Yeat|46088
07/03/2026,97,Convincing,Megan Moroney,-,97,1,37,Convincing|Megan Moroney|46088
07/03/2026,98,Call Back,Don Toliver,81,41,4,37,Call Back|Don Toliver|46088
07/03/2026,99,Plastic Cigarette,Zach Bryan,89,13,6,36,Plastic Cigarette|Zach Bryan|46088
07/03/2026,100,Fame Is A Gun,Addison Rae,97,73,9,36,Fame Is A Gun|Addison Rae|46088
28/02/2026,1,Opalite,Taylor Swift,8,1,20,356,Opalite|Taylor Swift|46081
28/02/2026,2,Choosin' Texas,Ella Langley,4,1,18,250,Choosin' Texas|Ella Langley|46081
28/02/2026,3,Man I Need,Olivia Dean,3,2,26,246,Man I Need|Olivia Dean|46081
28/02/2026,4,DTMF,Bad Bunny,1,1,23,238,DTMF|Bad Bunny|46081
28/02/2026,5,Ordinary,Alex Warren,6,1,53,221,Ordinary|Alex Warren|46081
28/02/2026,6,I Just Might,Bruno Mars,10,1,6,202,I Just Might|Bruno Mars|46081
28/02/2026,7,Golden,"HUNTR/X: EJAE, Audrey Nuna & REI AMI",9,1,35,193,"Golden|HUNTR/X: EJAE, Audrey Nuna & REI AMI|46081"
28/02/2026,8,The Fate Of Ophelia,Taylor Swift,12,1,20,179,The Fate Of Ophelia|Taylor Swift|46081
28/02/2026,9,Titi Me Pregunto,Bad Bunny,7,5,32,179,Titi Me Pregunto|Bad Bunny|46081
28/02/2026,10,Baile Inolvidable,Bad Bunny,2,2,23,165,Baile Inolvidable|Bad Bunny|46081
28/02/2026,11,Back To Friends,sombr,13,7,47,156,Back To Friends|sombr|46081
28/02/2026,12,Nuevayol,Bad Bunny,5,5,23,149,Nuevayol|Bad Bunny|46081
28/02/2026,13,Folded,Kehlani,15,6,36,146,Folded|Kehlani|46081
28/02/2026,14,So Easy (To Fall In Love),Olivia Dean,17,13,21,140,So Easy (To Fall In Love)|Olivia Dean|46081
28/02/2026,15,Be By You,Luke Combs,-,15,1,132,Be By You|Luke Combs|46081
28/02/2026,16,EOO,Bad Bunny,11,11,33,125,EOO|Bad Bunny|46081
28/02/2026,17,Where Is My Husband!,RAYE,20,13,21,124,Where Is My Husband!|RAYE|46081
28/02/2026,18,Be Her,Ella Langley,-,18,1,121,Be Her|Ella Langley|46081
28/02/2026,19,Sleepless In A Hotel Room,Luke Combs,28,17,6,120,Sleepless In A Hotel Room|Luke Combs|46081
28/02/2026,20,E85,Don Toliver,21,17,3,118,E85|Don Toliver|46081
28/02/2026,21,20 Cigarettes,Morgan Wallen,25,15,39,117,20 Cigarettes|Morgan Wallen|46081
28/02/2026,22,End Of Beginning,Djo,23,6,29,113,End Of Beginning|Djo|46081
28/02/2026,23,Yukon,Justin Bieber,19,17,32,113,Yukon|Justin Bieber|46081
28/02/2026,24,Body,Don Toliver,22,14,3,109,Body|Don Toliver|46081
28/02/2026,25,The Great Divide,Noah Kahan,18,6,3,104,The Great Divide|Noah Kahan|46081
28/02/2026,26,Homewrecker,sombr,31,26,2,101,Homewrecker|sombr|46081
28/02/2026,27,What You Saying,Lil Uzi Vert,26,12,8,101,What You Saying|Lil Uzi Vert|46081
28/02/2026,28,Aperture,Harry Styles,24,1,4,94,Aperture|Harry Styles|46081
28/02/2026,29,Die On This Hill,Sienna Spiro,35,19,9,92,Die On This Hill|Sienna Spiro|46081
28/02/2026,30,Voy A Llevarte Pa PR,Bad Bunny,14,14,19,88,Voy A Llevarte Pa PR|Bad Bunny|46081
28/02/2026,31,Tit For Tat,Tate McRae,38,3,21,82,Tit For Tat|Tate McRae|46081
28/02/2026,32,Amen,Shaboozey & Jelly Roll,41,27,41,80,Amen|Shaboozey & Jelly Roll|46081
28/02/2026,33,A Couple Minutes,Olivia Dean,40,26,17,77,A Couple Minutes|Olivia Dean|46081
28/02/2026,34,Better Me For You (Brown Eyes),Max McNown,42,26,36,77,Better Me For You (Brown Eyes)|Max McNown|46081
28/02/2026,35,It Depends,Chris Brown Featuring Bryson Tiller,44,16,29,76,It Depends|Chris Brown Featuring Bryson Tiller|46081
28/02/2026,36,The Fall,Cody Johnson,49,34,21,76,The Fall|Cody Johnson|46081
28/02/2026,37,Dandelion,Ella Langley,62,37,3,74,Dandelion|Ella Langley|46081
28/02/2026,38,Days Like These,Luke Combs,57,38,17,72,Days Like These|Luke Combs|46081
28/02/2026,39,Lush Life,Zara Larsson,65,36,10,72,Lush Life|Zara Larsson|46081
28/02/2026,40,Dracula,Tame Impala & JENNIE,45,30,21,70,Dracula|Tame Impala & JENNIE|46081
28/02/2026,41,Stateside,PinkPantheress With Zara Larsson,51,30,7,68,Stateside|PinkPantheress With Zara Larsson|46081
28/02/2026,42,McArthur,"HARDY, Eric Church, Morgan Wallen & Tim McGraw",77,31,3,67,"McArthur|HARDY, Eric Church, Morgan Wallen & Tim McGraw|46081"
28/02/2026,43,Let 'Em Know,T.I.,50,43,4,66,Let 'Em Know|T.I.|46081
28/02/2026,44,Two Six,J. Cole,16,16,2,66,Two Six|J. Cole|46081
28/02/2026,45,Hell At Night,BigXthaPlug Featuring Ella Langley,56,26,28,66,Hell At Night|BigXthaPlug Featuring Ella Langley|46081
28/02/2026,46,How Far Does A Goodbye Go,Jason Aldean,58,37,19,63,How Far Does A Goodbye Go|Jason Aldean|46081
28/02/2026,47,12 To 12,sombr,61,41,27,63,12 To 12|sombr|46081
28/02/2026,48,La Cancion,J Balvin & Bad Bunny,27,27,10,63,La Cancion|J Balvin & Bad Bunny|46081
28/02/2026,49,Butterflies.,Brent Faiyaz,-,49,1,62,Butterflies.|Brent Faiyaz|46081
28/02/2026,50,I Ain't Coming Back,Morgan Wallen Featuring Post Malone,74,8,36,61,I Ain't Coming Back|Morgan Wallen Featuring Post Malone|46081
28/02/2026,51,Have To.,Brent Faiyaz,-,51,1,61,Have To.|Brent Faiyaz|46081
28/02/2026,52,Babydoll,Dominic Fike,97,52,2,60,Babydoll|Dominic Fike|46081
28/02/2026,53,Chanel,Tyla,80,43,10,60,Chanel|Tyla|46081
28/02/2026,54,Wrong Faces.,Brent Faiyaz,-,54,1,57,Wrong Faces.|Brent Faiyaz|46081
28/02/2026,55,When Did You Get Hot?,Sabrina Carpenter,81,17,23,57,When Did You Get Hot?|Sabrina Carpenter|46081
28/02/2026,56,Secondhand,Don Toliver Featuring Rema,54,29,3,54,Secondhand|Don Toliver Featuring Rema|46081
28/02/2026,57,ATM,Don Toliver,55,25,4,54,ATM|Don Toliver|46081
28/02/2026,58,Beautiful Things,Megan Moroney,85,54,12,52,Beautiful Things|Megan Moroney|46081
28/02/2026,59,Brunette,Tucker Wetmore,90,53,8,52,Brunette|Tucker Wetmore|46081
28/02/2026,60,Other Side.,Brent Faiyaz,-,60,1,51,Other Side.|Brent Faiyaz|46081
28/02/2026,61,Who TF Iz U,J. Cole,32,32,2,50,Who TF Iz U|J. Cole|46081
28/02/2026,62,Gone Gone Gone,"David Guetta, Teddy Swims & Tones And I",88,51,12,49,"Gone Gone Gone|David Guetta, Teddy Swims & Tones And I|46081"
28/02/2026,63,Travelin' Soldier,Cody Johnson,70,12,15,48,Travelin' Soldier|Cody Johnson|46081
28/02/2026,64,Midnight Sun,Zara Larsson,91,64,5,47,Midnight Sun|Zara Larsson|46081
28/02/2026,65,Poor Thang,J. Cole,30,30,2,47,Poor Thang|J. Cole|46081
28/02/2026,66,Iloveitiloveitiloveit,Bella Kay,-,66,1,47,Iloveitiloveitiloveit|Bella Kay|46081
28/02/2026,67,Tiramisu,Don Toliver,79,35,4,46,Tiramisu|Don Toliver|46081
28/02/2026,68,Change My Mind,Riley Green,-,66,3,46,Change My Mind|Riley Green|46081
28/02/2026,69,Bunce Road Blues,"J. Cole, Tems & Future",34,34,2,45,"Bunce Road Blues|J. Cole, Tems & Future|46081"
28/02/2026,70,Nice To Each Other,Olivia Dean,96,65,17,45,Nice To Each Other|Olivia Dean|46081
28/02/2026,71,4 Raws,EsDeeKid,89,28,10,45,4 Raws|EsDeeKid|46081
28/02/2026,72,FDO,Pooh Shiesty,93,12,10,45,FDO|Pooh Shiesty|46081
28/02/2026,73,Say Why,Zach Bryan,94,25,6,45,Say Why|Zach Bryan|46081
28/02/2026,74,I Thought I Saw Your Face Today,She & Him,-,40,10,45,I Thought I Saw Your Face Today|She & Him|46081
28/02/2026,75,Safety,J. Cole,29,29,2,45,Safety|J. Cole|46081
28/02/2026,76,Who Knows,Daniel Caesar,-,52,7,44,Who Knows|Daniel Caesar|46081
28/02/2026,77,Rendezvous,Don Toliver Featuring Yeat,76,30,3,44,Rendezvous|Don Toliver Featuring Yeat|46081
28/02/2026,78,Pop Dat Thang,DaBaby,-,74,3,44,Pop Dat Thang|DaBaby|46081
28/02/2026,79,Bloodline,Alex Warren With Jelly Roll,-,32,20,44,Bloodline|Alex Warren With Jelly Roll|46081
28/02/2026,80,Gemstone,Don Toliver,82,44,3,43,Gemstone|Don Toliver|46081
28/02/2026,81,Call Back,Don Toliver,84,41,3,43,Call Back|Don Toliver|46081
28/02/2026,82,Velda,"Bad Bunny, Omar Courtz & Dei V",39,23,9,42,"Velda|Bad Bunny, Omar Courtz & Dei V|46081"
28/02/2026,83,Excavator,Don Toliver,86,48,3,42,Excavator|Don Toliver|46081
28/02/2026,84,Four Seasons.,Brent Faiyaz,-,84,1,42,Four Seasons.|Brent Faiyaz|46081
28/02/2026,85,You Stole The Show,Sienna Spiro,-,55,6,41,You Stole The Show|Sienna Spiro|46081
28/02/2026,86,Cafe Con Ron,Bad Bunny & Los Pleneros de La Cresta,60,48,6,41,Cafe Con Ron|Bad Bunny & Los Pleneros de La Cresta|46081
28/02/2026,87,Chains Of Love,Charli xcx,-,87,1,41,Chains Of Love|Charli xcx|46081
28/02/2026,88,Strangers.,Brent Faiyaz,-,88,1,40,Strangers.|Brent Faiyaz|46081
28/02/2026,89,Plastic Cigarette,Zach Bryan,-,13,5,40,Plastic Cigarette|Zach Bryan|46081
28/02/2026,90,Ends Of The Earth,Ty Myers,-,81,5,40,Ends Of The Earth|Ty Myers|46081
28/02/2026,91,How It's Done,"HUNTR/X: EJAE, Audrey Nuna & REI AMI",-,8,29,40,"How It's Done|HUNTR/X: EJAE, Audrey Nuna & REI AMI|46081"
28/02/2026,92,Run A Train,J. Cole & Future,33,33,2,39,Run A Train|J. Cole & Future|46081
28/02/2026,93,Raindance,Dave & Tems,-,89,3,39,Raindance|Dave & Tems|46081
28/02/2026,94,Bombs In The Ville/Hit The Gas,J. Cole,52,52,2,39,Bombs In The Ville/Hit The Gas|J. Cole|46081
28/02/2026,95,Ain't A Bad Life,Thomas Rhett Featuring Jordan Davis,-,71,3,39,Ain't A Bad Life|Thomas Rhett Featuring Jordan Davis|46081
28/02/2026,96,Let Alone The One You Love,Olivia Dean,-,71,11,38,Let Alone The One You Love|Olivia Dean|46081
28/02/2026,97,Fame Is A Gun,Addison Rae,-,73,8,38,Fame Is A Gun|Addison Rae|46081
28/02/2026,98,The Let Out,J. Cole,43,43,2,38,The Let Out|J. Cole|46081
28/02/2026,99,Favorite Country Song,HARDY,-,38,16,38,Favorite Country Song|HARDY|46081
28/02/2026,100,Droga Letal,"Junior H, Gael Valenzuela & Peso Pluma",-,100,1,38,"Droga Letal|Junior H, Gael Valenzuela & Peso Pluma|46081"
21/02/2026,1,DTMF,Bad Bunny,10,1,22,410,DTMF|Bad Bunny|46074
21/02/2026,2,Baile Inolvidable,Bad Bunny,19,2,22,279,Baile Inolvidable|Bad Bunny|46074
21/02/2026,3,Man I Need,Olivia Dean,2,2,25,253,Man I Need|Olivia Dean|46074
21/02/2026,4,Choosin' Texas,Ella Langley,1,1,17,246,Choosin' Texas|Ella Langley|46074
21/02/2026,5,Nuevayol,Bad Bunny,28,5,22,239,Nuevayol|Bad Bunny|46074
21/02/2026,6,Ordinary,Alex Warren,3,1,52,229,Ordinary|Alex Warren|46074
21/02/2026,7,Titi Me Pregunto,Bad Bunny,-,5,31,223,Titi Me Pregunto|Bad Bunny|46074
21/02/2026,8,Opalite,Taylor Swift,11,2,19,214,Opalite|Taylor Swift|46074
21/02/2026,9,Golden,"HUNTR/X: EJAE, Audrey Nuna & REI AMI",5,1,34,199,"Golden|HUNTR/X: EJAE, Audrey Nuna & REI AMI|46074"
21/02/2026,10,I Just Might,Bruno Mars,4,1,5,196,I Just Might|Bruno Mars|46074
21/02/2026,11,EOO,Bad Bunny,42,11,32,194,EOO|Bad Bunny|46074
21/02/2026,12,The Fate Of Ophelia,Taylor Swift,7,1,19,193,The Fate Of Ophelia|Taylor Swift|46074
21/02/2026,13,Back To Friends,sombr,8,7,46,165,Back To Friends|sombr|46074
21/02/2026,14,Voy A Llevarte Pa PR,Bad Bunny,47,14,18,153,Voy A Llevarte Pa PR|Bad Bunny|46074
21/02/2026,15,Folded,Kehlani,9,6,35,145,Folded|Kehlani|46074
21/02/2026,16,Two Six,J. Cole,-,16,1,138,Two Six|J. Cole|46074
21/02/2026,17,So Easy (To Fall In Love),Olivia Dean,13,13,20,136,So Easy (To Fall In Love)|Olivia Dean|46074
21/02/2026,18,The Great Divide,Noah Kahan,6,6,2,133,The Great Divide|Noah Kahan|46074
21/02/2026,19,Yukon,Justin Bieber,21,17,31,125,Yukon|Justin Bieber|46074
21/02/2026,20,Where Is My Husband!,RAYE,18,13,20,124,Where Is My Husband!|RAYE|46074
21/02/2026,21,E85,Don Toliver,17,17,2,119,E85|Don Toliver|46074
21/02/2026,22,Body,Don Toliver,14,14,2,116,Body|Don Toliver|46074
21/02/2026,23,End Of Beginning,Djo,16,6,28,116,End Of Beginning|Djo|46074
21/02/2026,24,Aperture,Harry Styles,12,1,3,115,Aperture|Harry Styles|46074
21/02/2026,25,20 Cigarettes,Morgan Wallen,24,15,38,110,20 Cigarettes|Morgan Wallen|46074
21/02/2026,26,What You Saying,Lil Uzi Vert,20,12,7,108,What You Saying|Lil Uzi Vert|46074
21/02/2026,27,La Cancion,J Balvin & Bad Bunny,-,27,9,108,La Cancion|J Balvin & Bad Bunny|46074
21/02/2026,28,Sleepless In A Hotel Room,Luke Combs,27,17,5,106,Sleepless In A Hotel Room|Luke Combs|46074
21/02/2026,29,Safety,J. Cole,-,29,1,104,Safety|J. Cole|46074
21/02/2026,30,Poor Thang,J. Cole,-,30,1,103,Poor Thang|J. Cole|46074
21/02/2026,31,Homewrecker,sombr,-,31,1,99,Homewrecker|sombr|46074
21/02/2026,32,Who TF Iz U,J. Cole,-,32,1,97,Who TF Iz U|J. Cole|46074
21/02/2026,33,Run A Train,J. Cole & Future,-,33,1,95,Run A Train|J. Cole & Future|46074
21/02/2026,34,Bunce Road Blues,"J. Cole, Tems & Future",-,34,1,92,"Bunce Road Blues|J. Cole, Tems & Future|46074"
21/02/2026,35,Die On This Hill,Sienna Spiro,26,19,8,88,Die On This Hill|Sienna Spiro|46074
21/02/2026,36,Legacy,J. Cole & PJ,-,36,1,87,Legacy|J. Cole & PJ|46074
21/02/2026,37,Monaco,Bad Bunny,-,5,21,85,Monaco|Bad Bunny|46074
21/02/2026,38,Tit For Tat,Tate McRae,34,3,20,83,Tit For Tat|Tate McRae|46074
21/02/2026,39,Velda,"Bad Bunny, Omar Courtz & Dei V",-,23,8,81,"Velda|Bad Bunny, Omar Courtz & Dei V|46074"
21/02/2026,40,A Couple Minutes,Olivia Dean,33,26,16,80,A Couple Minutes|Olivia Dean|46074
21/02/2026,41,Amen,Shaboozey & Jelly Roll,39,27,40,79,Amen|Shaboozey & Jelly Roll|46074
21/02/2026,42,Better Me For You (Brown Eyes),Max McNown,43,26,35,78,Better Me For You (Brown Eyes)|Max McNown|46074
21/02/2026,43,The Let Out,J. Cole,-,43,1,76,The Let Out|J. Cole|46074
21/02/2026,44,It Depends,Chris Brown Featuring Bryson Tiller,38,16,28,76,It Depends|Chris Brown Featuring Bryson Tiller|46074
21/02/2026,45,Dracula,Tame Impala & JENNIE,88,30,20,75,Dracula|Tame Impala & JENNIE|46074
21/02/2026,46,Drum N Bass,J. Cole,-,46,1,74,Drum N Bass|J. Cole|46074
21/02/2026,47,Que Pasaria...,Rauw Alejandro & Bad Bunny,-,34,21,73,Que Pasaria...|Rauw Alejandro & Bad Bunny|46074
21/02/2026,48,Dakiti,Bad Bunny & Jhay Cortez,-,5,29,73,Dakiti|Bad Bunny & Jhay Cortez|46074
21/02/2026,49,The Fall,Cody Johnson,46,34,20,73,The Fall|Cody Johnson|46074
21/02/2026,50,Let 'Em Know,T.I.,50,50,3,73,Let 'Em Know|T.I.|46074
21/02/2026,51,Stateside,PinkPantheress With Zara Larsson,40,30,6,72,Stateside|PinkPantheress With Zara Larsson|46074
21/02/2026,52,Bombs In The Ville/Hit The Gas,J. Cole,-,52,1,70,Bombs In The Ville/Hit The Gas|J. Cole|46074
21/02/2026,53,29 Intro,J. Cole,-,53,1,68,29 Intro|J. Cole|46074
21/02/2026,54,Secondhand,Don Toliver Featuring Rema,29,29,2,68,Secondhand|Don Toliver Featuring Rema|46074
21/02/2026,55,ATM,Don Toliver,25,25,3,67,ATM|Don Toliver|46074
21/02/2026,56,Hell At Night,BigXthaPlug Featuring Ella Langley,52,26,27,66,Hell At Night|BigXthaPlug Featuring Ella Langley|46074
21/02/2026,57,Days Like These,Luke Combs,51,39,16,66,Days Like These|Luke Combs|46074
21/02/2026,58,How Far Does A Goodbye Go,Jason Aldean,54,37,18,66,How Far Does A Goodbye Go|Jason Aldean|46074
21/02/2026,59,39 Intro,J. Cole,-,59,1,66,39 Intro|J. Cole|46074
21/02/2026,60,Cafe Con Ron,Bad Bunny & Los Pleneros de La Cresta,-,48,5,65,Cafe Con Ron|Bad Bunny & Los Pleneros de La Cresta|46074
21/02/2026,61,12 To 12,sombr,55,41,26,65,12 To 12|sombr|46074
21/02/2026,62,Dandelion,Ella Langley,37,37,2,64,Dandelion|Ella Langley|46074
21/02/2026,63,Weltita,Bad Bunny & Chuwi,-,32,7,63,Weltita|Bad Bunny & Chuwi|46074
21/02/2026,64,Old Dog,J. Cole & Petey Pablo,-,64,1,63,Old Dog|J. Cole & Petey Pablo|46074
21/02/2026,65,Lush Life,Zara Larsson,53,36,9,62,Lush Life|Zara Larsson|46074
21/02/2026,66,La Mudanza,Bad Bunny,-,51,5,62,La Mudanza|Bad Bunny|46074
21/02/2026,67,Perfumito Nuevo,Bad Bunny & RaiNao,-,31,6,62,Perfumito Nuevo|Bad Bunny & RaiNao|46074
21/02/2026,68,The Fall-Off Is Inevitable,J. Cole,-,68,1,62,The Fall-Off Is Inevitable|J. Cole|46074
21/02/2026,69,Til' You Can't,Kid Rock,-,69,1,62,Til' You Can't|Kid Rock|46074
21/02/2026,70,Travelin' Soldier,Cody Johnson,57,12,14,61,Travelin' Soldier|Cody Johnson|46074
21/02/2026,71,Kloufrens,Bad Bunny,-,40,6,61,Kloufrens|Bad Bunny|46074
21/02/2026,72,The Villest,J. Cole & Erykah Badu,-,72,1,60,The Villest|J. Cole & Erykah Badu|46074
21/02/2026,73,Life Sentence,J. Cole,-,73,1,59,Life Sentence|J. Cole|46074
21/02/2026,74,I Ain't Coming Back,Morgan Wallen Featuring Post Malone,58,8,35,59,I Ain't Coming Back|Morgan Wallen Featuring Post Malone|46074
21/02/2026,75,Lonely At The Top,J. Cole,-,75,1,59,Lonely At The Top|J. Cole|46074
21/02/2026,76,Rendezvous,Don Toliver Featuring Yeat,30,30,2,58,Rendezvous|Don Toliver Featuring Yeat|46074
21/02/2026,77,McArthur,"HARDY, Eric Church, Morgan Wallen & Tim McGraw",31,31,2,58,"McArthur|HARDY, Eric Church, Morgan Wallen & Tim McGraw|46074"
21/02/2026,78,Only You,J. Cole & Burna Boy,-,78,1,58,Only You|J. Cole & Burna Boy|46074
21/02/2026,79,Tiramisu,Don Toliver,35,35,3,57,Tiramisu|Don Toliver|46074
21/02/2026,80,Chanel,Tyla,61,43,9,57,Chanel|Tyla|46074
21/02/2026,81,When Did You Get Hot?,Sabrina Carpenter,67,17,22,56,When Did You Get Hot?|Sabrina Carpenter|46074
21/02/2026,82,Gemstone,Don Toliver,44,44,2,55,Gemstone|Don Toliver|46074
21/02/2026,83,I Love Her Again,J. Cole,-,83,1,55,I Love Her Again|J. Cole|46074
21/02/2026,84,Call Back,Don Toliver,41,41,2,54,Call Back|Don Toliver|46074
21/02/2026,85,Beautiful Things,Megan Moroney,75,54,11,54,Beautiful Things|Megan Moroney|46074
21/02/2026,86,Excavator,Don Toliver,48,48,2,52,Excavator|Don Toliver|46074
21/02/2026,87,Lo Que Le Paso A Hawaii,Bad Bunny,-,62,4,52,Lo Que Le Paso A Hawaii|Bad Bunny|46074
21/02/2026,88,Gone Gone Gone,"David Guetta, Teddy Swims & Tones And I",66,51,11,51,"Gone Gone Gone|David Guetta, Teddy Swims & Tones And I|46074"
21/02/2026,89,4 Raws,EsDeeKid,56,28,9,51,4 Raws|EsDeeKid|46074
21/02/2026,90,Brunette,Tucker Wetmore,77,53,7,50,Brunette|Tucker Wetmore|46074
21/02/2026,91,Midnight Sun,Zara Larsson,84,69,4,50,Midnight Sun|Zara Larsson|46074
21/02/2026,92,El Club,Bad Bunny,-,27,9,50,El Club|Bad Bunny|46074
21/02/2026,93,FDO,Pooh Shiesty,68,12,9,49,FDO|Pooh Shiesty|46074
21/02/2026,94,Say Why,Zach Bryan,65,25,5,49,Say Why|Zach Bryan|46074
21/02/2026,95,ErrTime,Cardi B,69,43,20,49,ErrTime|Cardi B|46074
21/02/2026,96,Nice To Each Other,Olivia Dean,72,65,16,47,Nice To Each Other|Olivia Dean|46074
21/02/2026,97,Babydoll,Dominic Fike,-,97,1,47,Babydoll|Dominic Fike|46074
21/02/2026,98,Rosary,Don Toliver Featuring Travis Scott,36,36,2,47,Rosary|Don Toliver Featuring Travis Scott|46074
21/02/2026,99,Man Up Above,J. Cole,-,99,1,47,Man Up Above|J. Cole|46074
21/02/2026,100,Quik Stop,J. Cole,-,100,1,47,Quik Stop|J. Cole|46074
14/02/2026,1,Choosin' Texas,Ella Langley,2,1,16,258,Choosin' Texas|Ella Langley|46067
14/02/2026,2,Man I Need,Olivia Dean,3,2,24,257,Man I Need|Olivia Dean|46067
14/02/2026,3,Ordinary,Alex Warren,7,1,51,225,Ordinary|Alex Warren|46067
14/02/2026,4,I Just Might,Bruno Mars,6,1,4,206,I Just Might|Bruno Mars|46067
14/02/2026,5,Golden,"HUNTR/X: EJAE, Audrey Nuna & REI AMI",4,1,33,201,"Golden|HUNTR/X: EJAE, Audrey Nuna & REI AMI|46067"
14/02/2026,6,The Great Divide,Noah Kahan,-,6,1,196,The Great Divide|Noah Kahan|46067
14/02/2026,7,The Fate Of Ophelia,Taylor Swift,5,1,18,191,The Fate Of Ophelia|Taylor Swift|46067
14/02/2026,8,Back To Friends,sombr,8,7,45,173,Back To Friends|sombr|46067
14/02/2026,9,Folded,Kehlani,9,6,34,152,Folded|Kehlani|46067
14/02/2026,10,DTMF,Bad Bunny,-,2,21,148,DTMF|Bad Bunny|46067
14/02/2026,11,Opalite,Taylor Swift,10,2,18,141,Opalite|Taylor Swift|46067
14/02/2026,12,Aperture,Harry Styles,1,1,2,140,Aperture|Harry Styles|46067
14/02/2026,13,So Easy (To Fall In Love),Olivia Dean,16,13,19,134,So Easy (To Fall In Love)|Olivia Dean|46067
14/02/2026,14,Body,Don Toliver,-,14,1,134,Body|Don Toliver|46067
14/02/2026,15,Mutt,Leon Thomas,12,6,52,132,Mutt|Leon Thomas|46067
14/02/2026,16,End Of Beginning,Djo,11,6,27,129,End Of Beginning|Djo|46067
14/02/2026,17,E85,Don Toliver,-,17,1,125,E85|Don Toliver|46067
14/02/2026,18,Where Is My Husband!,RAYE,13,13,19,124,Where Is My Husband!|RAYE|46067
14/02/2026,19,Baile Inolvidable,Bad Bunny,-,3,21,118,Baile Inolvidable|Bad Bunny|46067
14/02/2026,20,What You Saying,Lil Uzi Vert,14,12,6,115,What You Saying|Lil Uzi Vert|46067
14/02/2026,21,Yukon,Justin Bieber,31,17,30,115,Yukon|Justin Bieber|46067
14/02/2026,22,Daisies,Justin Bieber,18,2,29,109,Daisies|Justin Bieber|46067
14/02/2026,23,I Got Better,Morgan Wallen,15,7,34,109,I Got Better|Morgan Wallen|46067
14/02/2026,24,20 Cigarettes,Morgan Wallen,17,15,37,106,20 Cigarettes|Morgan Wallen|46067
14/02/2026,25,ATM,Don Toliver,63,25,2,98,ATM|Don Toliver|46067
14/02/2026,26,Die On This Hill,Sienna Spiro,19,19,7,98,Die On This Hill|Sienna Spiro|46067
14/02/2026,27,Sleepless In A Hotel Room,Luke Combs,21,17,4,96,Sleepless In A Hotel Room|Luke Combs|46067
14/02/2026,28,Nuevayol,Bad Bunny,-,8,21,92,Nuevayol|Bad Bunny|46067
14/02/2026,29,Secondhand,Don Toliver Featuring Rema,-,29,1,91,Secondhand|Don Toliver Featuring Rema|46067
14/02/2026,30,Rendezvous,Don Toliver Featuring Yeat,-,30,1,89,Rendezvous|Don Toliver Featuring Yeat|46067
14/02/2026,31,McArthur,"HARDY, Eric Church, Morgan Wallen & Tim McGraw",-,31,1,84,"McArthur|HARDY, Eric Church, Morgan Wallen & Tim McGraw|46067"
14/02/2026,32,wgft,Gunna Featuring Burna Boy,20,16,26,84,wgft|Gunna Featuring Burna Boy|46067
14/02/2026,33,A Couple Minutes,Olivia Dean,32,26,15,82,A Couple Minutes|Olivia Dean|46067
14/02/2026,34,Tit For Tat,Tate McRae,23,3,19,81,Tit For Tat|Tate McRae|46067
14/02/2026,35,Tiramisu,Don Toliver,-,35,2,80,Tiramisu|Don Toliver|46067
14/02/2026,36,Rosary,Don Toliver Featuring Travis Scott,-,36,1,78,Rosary|Don Toliver Featuring Travis Scott|46067
14/02/2026,37,Dandelion,Ella Langley,-,37,1,76,Dandelion|Ella Langley|46067
14/02/2026,38,It Depends,Chris Brown Featuring Bryson Tiller,24,16,27,76,It Depends|Chris Brown Featuring Bryson Tiller|46067
14/02/2026,39,Amen,Shaboozey & Jelly Roll,27,27,39,75,Amen|Shaboozey & Jelly Roll|46067
14/02/2026,40,Stateside,PinkPantheress With Zara Larsson,30,30,5,75,Stateside|PinkPantheress With Zara Larsson|46067
14/02/2026,41,Call Back,Don Toliver,-,41,1,74,Call Back|Don Toliver|46067
14/02/2026,42,EOO,Bad Bunny,-,24,31,74,EOO|Bad Bunny|46067
14/02/2026,43,Better Me For You (Brown Eyes),Max McNown,26,26,34,73,Better Me For You (Brown Eyes)|Max McNown|46067
14/02/2026,44,Gemstone,Don Toliver,-,44,1,73,Gemstone|Don Toliver|46067
14/02/2026,45,House Again,Hudson Westbrook,35,33,42,73,House Again|Hudson Westbrook|46067
14/02/2026,46,The Fall,Cody Johnson,34,34,19,69,The Fall|Cody Johnson|46067
14/02/2026,47,Voy A Llevarte Pa PR,Bad Bunny,85,17,17,68,Voy A Llevarte Pa PR|Bad Bunny|46067
14/02/2026,48,Excavator,Don Toliver,-,48,1,67,Excavator|Don Toliver|46067
14/02/2026,49,Opposite,Don Toliver,-,49,1,66,Opposite|Don Toliver|46067
14/02/2026,50,Let 'Em Know,T.I.,83,50,2,66,Let 'Em Know|T.I.|46067
14/02/2026,51,Days Like These,Luke Combs,39,39,15,63,Days Like These|Luke Combs|46067
14/02/2026,52,Hell At Night,BigXthaPlug Featuring Ella Langley,28,26,26,63,Hell At Night|BigXthaPlug Featuring Ella Langley|46067
14/02/2026,53,Lush Life,Zara Larsson,36,36,8,62,Lush Life|Zara Larsson|46067
14/02/2026,54,How Far Does A Goodbye Go,Jason Aldean,37,37,17,62,How Far Does A Goodbye Go|Jason Aldean|46067
14/02/2026,55,12 To 12,sombr,46,41,25,62,12 To 12|sombr|46067
14/02/2026,56,4 Raws,EsDeeKid,33,28,8,61,4 Raws|EsDeeKid|46067
14/02/2026,57,Travelin' Soldier,Cody Johnson,58,12,13,60,Travelin' Soldier|Cody Johnson|46067
14/02/2026,58,I Ain't Coming Back,Morgan Wallen Featuring Post Malone,50,8,34,59,I Ain't Coming Back|Morgan Wallen Featuring Post Malone|46067
14/02/2026,59,All The Signs,Don Toliver Featuring Teezo Touchdown,-,59,1,59,All The Signs|Don Toliver Featuring Teezo Touchdown|46067
14/02/2026,60,Tuition,Don Toliver,-,60,1,59,Tuition|Don Toliver|46067
14/02/2026,61,Chanel,Tyla,43,43,8,57,Chanel|Tyla|46067
14/02/2026,62,Plastic Cigarette,Zach Bryan,22,13,4,57,Plastic Cigarette|Zach Bryan|46067
14/02/2026,63,Long Way To Calabasas,Don Toliver,-,63,1,56,Long Way To Calabasas|Don Toliver|46067
14/02/2026,64,K9,Don Toliver Featuring SahBabii,-,64,1,56,K9|Don Toliver Featuring SahBabii|46067
14/02/2026,65,Say Why,Zach Bryan,45,25,4,55,Say Why|Zach Bryan|46067
14/02/2026,66,Gone Gone Gone,"David Guetta, Teddy Swims & Tones And I",51,51,10,54,"Gone Gone Gone|David Guetta, Teddy Swims & Tones And I|46067"
14/02/2026,67,When Did You Get Hot?,Sabrina Carpenter,47,17,21,53,When Did You Get Hot?|Sabrina Carpenter|46067
14/02/2026,68,FDO,Pooh Shiesty,49,12,8,52,FDO|Pooh Shiesty|46067
14/02/2026,69,ErrTime,Cardi B,48,43,19,52,ErrTime|Cardi B|46067
14/02/2026,70,TMU,Don Toliver,-,70,1,51,TMU|Don Toliver|46067
14/02/2026,71,I Thought I Saw Your Face Today,She & Him,44,40,9,51,I Thought I Saw Your Face Today|She & Him|46067
14/02/2026,72,Nice To Each Other,Olivia Dean,65,65,15,51,Nice To Each Other|Olivia Dean|46067
14/02/2026,73,You Stole The Show,Sienna Spiro,55,55,5,50,You Stole The Show|Sienna Spiro|46067
14/02/2026,74,Pop Dat Thang,DaBaby,78,74,2,49,Pop Dat Thang|DaBaby|46067
14/02/2026,75,Beautiful Things,Megan Moroney,54,54,10,49,Beautiful Things|Megan Moroney|46067
14/02/2026,76,Favorite Country Song,HARDY,38,38,15,49,Favorite Country Song|HARDY|46067
14/02/2026,77,Brunette,Tucker Wetmore,53,53,6,47,Brunette|Tucker Wetmore|46067
14/02/2026,78,Sweet Home,Don Toliver,-,78,1,46,Sweet Home|Don Toliver|46067
14/02/2026,79,Who Knows,Daniel Caesar,52,52,6,46,Who Knows|Daniel Caesar|46067
14/02/2026,80,Let Alone The One You Love,Olivia Dean,72,71,10,45,Let Alone The One You Love|Olivia Dean|46067
14/02/2026,81,Fame Is A Gun,Addison Rae,77,73,7,45,Fame Is A Gun|Addison Rae|46067
14/02/2026,82,Pleasure's Mine,Don Toliver,-,82,1,45,Pleasure's Mine|Don Toliver|46067
14/02/2026,83,Stay Here 4 Life,A$AP Rocky Featuring Brent Faiyaz,40,23,3,44,Stay Here 4 Life|A$AP Rocky Featuring Brent Faiyaz|46067
14/02/2026,84,Midnight Sun,Zara Larsson,69,69,3,44,Midnight Sun|Zara Larsson|46067
14/02/2026,85,How It's Done,"HUNTR/X: EJAE, Audrey Nuna & REI AMI",59,8,28,43,"How It's Done|HUNTR/X: EJAE, Audrey Nuna & REI AMI|46067"
14/02/2026,86,Feed The Streets,Rod Wave,-,86,1,43,Feed The Streets|Rod Wave|46067
14/02/2026,87,Bloodline,Alex Warren With Jelly Roll,61,32,19,43,Bloodline|Alex Warren With Jelly Roll|46067
14/02/2026,88,Dracula,Tame Impala & JENNIE,60,30,19,43,Dracula|Tame Impala & JENNIE|46067
14/02/2026,89,Mrs. Trendsetter,Lil Baby,64,64,3,42,Mrs. Trendsetter|Lil Baby|46067
14/02/2026,90,Bruce Wayne,YoungBoy Never Broke Again,57,57,3,40,Bruce Wayne|YoungBoy Never Broke Again|46067
14/02/2026,91,Raindance,Dave & Tems,89,89,2,39,Raindance|Dave & Tems|46067
14/02/2026,92,Change My Mind,Riley Green,66,66,2,39,Change My Mind|Riley Green|46067
14/02/2026,93,What You Need,Tems,-,93,1,38,What You Need|Tems|46067
14/02/2026,94,Sienna,The Marias,75,74,18,37,Sienna|The Marias|46067
14/02/2026,95,Ends Of The Earth,Ty Myers,81,81,4,37,Ends Of The Earth|Ty Myers|46067
14/02/2026,96,Baby Steps,Olivia Dean,-,91,3,37,Baby Steps|Olivia Dean|46067
14/02/2026,97,It Won't Be Long,George Birge,56,56,5,37,It Won't Be Long|George Birge|46067
14/02/2026,98,Ain't A Bad Life,Thomas Rhett Featuring Jordan Davis,71,71,2,37,Ain't A Bad Life|Thomas Rhett Featuring Jordan Davis|46067
14/02/2026,99,Elizabeth Taylor,Taylor Swift,79,3,18,37,Elizabeth Taylor|Taylor Swift|46067
14/02/2026,100,Darlin',Chase Matthew,73,52,19,36,Darlin'|Chase Matthew|46067
07/02/2026,1,Aperture,Harry Styles,-,1,1,219,Aperture|Harry Styles|46060
07/02/2026,2,Choosin' Texas,Ella Langley,6,2,15,212,Choosin' Texas|Ella Langley|46060
07/02/2026,3,Man I Need,Olivia Dean,2,2,23,209,Man I Need|Olivia Dean|46060
07/02/2026,4,Golden,"HUNTR/X: EJAE, Audrey Nuna & REI AMI",4,1,32,199,"Golden|HUNTR/X: EJAE, Audrey Nuna & REI AMI|46060"
07/02/2026,5,The Fate Of Ophelia,Taylor Swift,3,1,17,197,The Fate Of Ophelia|Taylor Swift|46060
07/02/2026,6,I Just Might,Bruno Mars,1,1,3,197,I Just Might|Bruno Mars|46060
07/02/2026,7,Ordinary,Alex Warren,5,1,50,196,Ordinary|Alex Warren|46060
07/02/2026,8,Back To Friends,sombr,7,7,44,161,Back To Friends|sombr|46060
07/02/2026,9,Folded,Kehlani,8,6,33,137,Folded|Kehlani|46060
07/02/2026,10,Opalite,Taylor Swift,10,2,17,137,Opalite|Taylor Swift|46060
07/02/2026,11,End Of Beginning,Djo,9,6,26,135,End Of Beginning|Djo|46060
07/02/2026,12,Mutt,Leon Thomas,11,6,51,118,Mutt|Leon Thomas|46060
07/02/2026,13,Where Is My Husband!,RAYE,13,13,18,116,Where Is My Husband!|RAYE|46060
07/02/2026,14,What You Saying,Lil Uzi Vert,12,12,5,115,What You Saying|Lil Uzi Vert|46060
07/02/2026,15,I Got Better,Morgan Wallen,14,7,33,102,I Got Better|Morgan Wallen|46060
07/02/2026,16,So Easy (To Fall In Love),Olivia Dean,17,14,18,100,So Easy (To Fall In Love)|Olivia Dean|46060
07/02/2026,17,20 Cigarettes,Morgan Wallen,18,15,36,96,20 Cigarettes|Morgan Wallen|46060
07/02/2026,18,Daisies,Justin Bieber,15,2,28,95,Daisies|Justin Bieber|46060
07/02/2026,19,Die On This Hill,Sienna Spiro,20,19,6,87,Die On This Hill|Sienna Spiro|46060
07/02/2026,20,wgft,Gunna Featuring Burna Boy,16,16,25,85,wgft|Gunna Featuring Burna Boy|46060
07/02/2026,21,Sleepless In A Hotel Room,Luke Combs,21,17,3,83,Sleepless In A Hotel Room|Luke Combs|46060
07/02/2026,22,Plastic Cigarette,Zach Bryan,19,13,3,76,Plastic Cigarette|Zach Bryan|46060
07/02/2026,23,Tit For Tat,Tate McRae,25,3,18,75,Tit For Tat|Tate McRae|46060
07/02/2026,24,It Depends,Chris Brown Featuring Bryson Tiller,22,16,26,75,It Depends|Chris Brown Featuring Bryson Tiller|46060
07/02/2026,25,Nice To Meet You,Myles Smith,26,25,33,71,Nice To Meet You|Myles Smith|46060
07/02/2026,26,Better Me For You (Brown Eyes),Max McNown,29,26,33,69,Better Me For You (Brown Eyes)|Max McNown|46060
07/02/2026,27,Amen,Shaboozey & Jelly Roll,35,27,38,68,Amen|Shaboozey & Jelly Roll|46060
07/02/2026,28,Hell At Night,BigXthaPlug Featuring Ella Langley,28,26,25,67,Hell At Night|BigXthaPlug Featuring Ella Langley|46060
07/02/2026,29,Gabriela,KATSEYE,27,21,28,67,Gabriela|KATSEYE|46060
07/02/2026,30,Stateside,PinkPantheress With Zara Larsson,39,30,4,67,Stateside|PinkPantheress With Zara Larsson|46060
07/02/2026,31,Yukon,Justin Bieber,31,17,29,67,Yukon|Justin Bieber|46060
07/02/2026,32,A Couple Minutes,Olivia Dean,30,26,14,65,A Couple Minutes|Olivia Dean|46060
07/02/2026,33,4 Raws,EsDeeKid,32,28,7,62,4 Raws|EsDeeKid|46060
07/02/2026,34,The Fall,Cody Johnson,36,34,18,60,The Fall|Cody Johnson|46060
07/02/2026,35,House Again,Hudson Westbrook,42,33,41,60,House Again|Hudson Westbrook|46060
07/02/2026,36,Lush Life,Zara Larsson,40,36,7,60,Lush Life|Zara Larsson|46060
07/02/2026,37,How Far Does A Goodbye Go,Jason Aldean,46,37,16,59,How Far Does A Goodbye Go|Jason Aldean|46060
07/02/2026,38,Favorite Country Song,HARDY,45,38,14,59,Favorite Country Song|HARDY|46060
07/02/2026,39,Days Like These,Luke Combs,48,39,14,57,Days Like These|Luke Combs|46060
07/02/2026,40,Stay Here 4 Life,A$AP Rocky Featuring Brent Faiyaz,23,23,2,56,Stay Here 4 Life|A$AP Rocky Featuring Brent Faiyaz|46060
07/02/2026,41,Purple Rain,Prince And The Revolution,38,2,22,56,Purple Rain|Prince And The Revolution|46060
07/02/2026,42,Is It A Crime,Mariah The Scientist & Kali Uchis,43,27,25,56,Is It A Crime|Mariah The Scientist & Kali Uchis|46060
07/02/2026,43,Chanel,Tyla,52,43,7,54,Chanel|Tyla|46060
07/02/2026,44,I Thought I Saw Your Face Today,She & Him,47,40,8,53,I Thought I Saw Your Face Today|She & Him|46060
07/02/2026,45,Say Why,Zach Bryan,44,25,3,51,Say Why|Zach Bryan|46060
07/02/2026,46,12 To 12,sombr,49,41,24,51,12 To 12|sombr|46060
07/02/2026,47,When Did You Get Hot?,Sabrina Carpenter,57,17,20,51,When Did You Get Hot?|Sabrina Carpenter|46060
07/02/2026,48,ErrTime,Cardi B,61,43,18,51,ErrTime|Cardi B|46060
07/02/2026,49,FDO,Pooh Shiesty,41,12,7,50,FDO|Pooh Shiesty|46060
07/02/2026,50,I Ain't Coming Back,Morgan Wallen Featuring Post Malone,60,8,33,50,I Ain't Coming Back|Morgan Wallen Featuring Post Malone|46060
07/02/2026,51,Gone Gone Gone,"David Guetta, Teddy Swims & Tones And I",58,51,9,47,"Gone Gone Gone|David Guetta, Teddy Swims & Tones And I|46060"
07/02/2026,52,Who Knows,Daniel Caesar,67,52,5,46,Who Knows|Daniel Caesar|46060
07/02/2026,53,Brunette,Tucker Wetmore,69,53,5,46,Brunette|Tucker Wetmore|46060
07/02/2026,54,Beautiful Things,Megan Moroney,55,54,9,46,Beautiful Things|Megan Moroney|46060
07/02/2026,55,You Stole The Show,Sienna Spiro,64,55,4,45,You Stole The Show|Sienna Spiro|46060
07/02/2026,56,It Won't Be Long,George Birge,79,56,4,45,It Won't Be Long|George Birge|46060
07/02/2026,57,Bruce Wayne,YoungBoy Never Broke Again,63,57,2,44,Bruce Wayne|YoungBoy Never Broke Again|46060
07/02/2026,58,Travelin' Soldier,Cody Johnson,53,12,12,44,Travelin' Soldier|Cody Johnson|46060
07/02/2026,59,How It's Done,"HUNTR/X: EJAE, Audrey Nuna & REI AMI",66,8,27,41,"How It's Done|HUNTR/X: EJAE, Audrey Nuna & REI AMI|46060"
07/02/2026,60,Dracula,Tame Impala & JENNIE,70,30,18,41,Dracula|Tame Impala & JENNIE|46060
07/02/2026,61,Bloodline,Alex Warren With Jelly Roll,72,32,18,39,Bloodline|Alex Warren With Jelly Roll|46060
07/02/2026,62,Helicopter,A$AP Rocky,24,24,2,39,Helicopter|A$AP Rocky|46060
07/02/2026,63,ATM,Don Toliver,-,63,1,38,ATM|Don Toliver|46060
07/02/2026,64,Mrs. Trendsetter,Lil Baby,93,64,2,37,Mrs. Trendsetter|Lil Baby|46060
07/02/2026,65,Nice To Each Other,Olivia Dean,77,65,14,37,Nice To Each Other|Olivia Dean|46060
07/02/2026,66,Change My Mind,Riley Green,-,66,1,37,Change My Mind|Riley Green|46060
07/02/2026,67,Shot Callin,YoungBoy Never Broke Again,71,43,20,37,Shot Callin|YoungBoy Never Broke Again|46060
07/02/2026,68,Wish I Didn't,Megan Moroney,51,51,2,36,Wish I Didn't|Megan Moroney|46060
07/02/2026,69,Midnight Sun,Zara Larsson,82,69,2,36,Midnight Sun|Zara Larsson|46060
07/02/2026,70,Bittersweet,Madison Beer,68,68,3,36,Bittersweet|Madison Beer|46060
07/02/2026,71,Ain't A Bad Life,Thomas Rhett Featuring Jordan Davis,-,71,1,35,Ain't A Bad Life|Thomas Rhett Featuring Jordan Davis|46060
07/02/2026,72,Let Alone The One You Love,Olivia Dean,78,71,9,35,Let Alone The One You Love|Olivia Dean|46060
07/02/2026,73,Darlin',Chase Matthew,86,52,18,35,Darlin'|Chase Matthew|46060
07/02/2026,74,Take Me Thru Dere,"Metro Boomin, Quavo, Breskii & YKNIECE",76,51,18,35,"Take Me Thru Dere|Metro Boomin, Quavo, Breskii & YKNIECE|46060"
07/02/2026,75,Sienna,The Marias,100,74,17,35,Sienna|The Marias|46060
07/02/2026,76,Damn I Love Miami,Pitbull X Lil Jon,91,76,2,35,Damn I Love Miami|Pitbull X Lil Jon|46060
07/02/2026,77,Fame Is A Gun,Addison Rae,92,73,6,34,Fame Is A Gun|Addison Rae|46060
07/02/2026,78,Pop Dat Thang,DaBaby,-,78,1,34,Pop Dat Thang|DaBaby|46060
07/02/2026,79,Elizabeth Taylor,Taylor Swift,75,3,17,34,Elizabeth Taylor|Taylor Swift|46060
07/02/2026,80,Internet Girl,KATSEYE,85,29,4,34,Internet Girl|KATSEYE|46060
07/02/2026,81,Ends Of The Earth,Ty Myers,-,81,3,34,Ends Of The Earth|Ty Myers|46060
07/02/2026,82,Phantom,EsDeeKid & Rico Ace,87,67,6,33,Phantom|EsDeeKid & Rico Ace|46060
07/02/2026,83,Let 'Em Know,T.I.,-,83,1,33,Let 'Em Know|T.I.|46060
07/02/2026,84,"Lover, You Should've Come Over",Jeff Buckley,97,84,2,33,"Lover, You Should've Come Over|Jeff Buckley|46060"
07/02/2026,85,Voy A Llevarte Pa PR,Bad Bunny,94,17,16,33,Voy A Llevarte Pa PR|Bad Bunny|46060
07/02/2026,86,Stole Ya Flow,A$AP Rocky,33,33,2,33,Stole Ya Flow|A$AP Rocky|46060
07/02/2026,87,Don't Kill The Party,Ty Dolla $ign Featuring Quavo & Juicy J,89,87,3,32,Don't Kill The Party|Ty Dolla $ign Featuring Quavo & Juicy J|46060
07/02/2026,88,Dopamina,Peso Pluma & Tito Double P,-,52,3,32,Dopamina|Peso Pluma & Tito Double P|46060
07/02/2026,89,Raindance,Dave & Tems,-,89,1,32,Raindance|Dave & Tems|46060
07/02/2026,90,BOO,H3adband,-,90,4,32,BOO|H3adband|46060
07/02/2026,91,Zoo,Shakira,95,77,5,32,Zoo|Shakira|46060
07/02/2026,92,Time's Ticking,Justin Moore,-,92,1,32,Time's Ticking|Justin Moore|46060
07/02/2026,93,What An Awesome God,Phil Wickham,96,86,8,32,What An Awesome God|Phil Wickham|46060
07/02/2026,94,Amor,Emmanuel Cortes,-,90,5,32,Amor|Emmanuel Cortes|46060
07/02/2026,95,Let Down,Radiohead,-,91,13,31,Let Down|Radiohead|46060
07/02/2026,96,"Girl, Get Up.",Doechii & SZA,98,57,4,31,"Girl, Get Up.|Doechii & SZA|46060"
07/02/2026,97,Mrs Magic,Strawberry Guy,-,97,1,31,Mrs Magic|Strawberry Guy|46060
07/02/2026,98,Dano,Peso Pluma & Tito Double P,-,75,3,31,Dano|Peso Pluma & Tito Double P|46060
07/02/2026,99,3am,Loe Shimmy & Don Toliver,-,71,10,31,3am|Loe Shimmy & Don Toliver|46060
07/02/2026,100,Mr Recoup,21 Savage & Drake,-,51,6,31,Mr Recoup|21 Savage & Drake|46060
31/01/2026,1,I Just Might,Bruno Mars,1,1,2,225,I Just Might|Bruno Mars|46053
31/01/2026,2,Man I Need,Olivia Dean,4,2,22,221,Man I Need|Olivia Dean|46053
31/01/2026,3,The Fate Of Ophelia,Taylor Swift,2,1,16,219,The Fate Of Ophelia|Taylor Swift|46053
31/01/2026,4,Golden,"HUNTR/X: EJAE, Audrey Nuna & REI AMI",3,1,31,215,"Golden|HUNTR/X: EJAE, Audrey Nuna & REI AMI|46053"
31/01/2026,5,Ordinary,Alex Warren,5,1,49,209,Ordinary|Alex Warren|46053
31/01/2026,6,Choosin' Texas,Ella Langley,6,5,14,208,Choosin' Texas|Ella Langley|46053
31/01/2026,7,Back To Friends,sombr,8,7,43,160,Back To Friends|sombr|46053
31/01/2026,8,Folded,Kehlani,9,6,32,148,Folded|Kehlani|46053
31/01/2026,9,End Of Beginning,Djo,7,6,25,146,End Of Beginning|Djo|46053
31/01/2026,10,Opalite,Taylor Swift,10,2,16,144,Opalite|Taylor Swift|46053
31/01/2026,11,Mutt,Leon Thomas,11,6,50,125,Mutt|Leon Thomas|46053
31/01/2026,12,What You Saying,Lil Uzi Vert,12,12,4,122,What You Saying|Lil Uzi Vert|46053
31/01/2026,13,Where Is My Husband!,RAYE,18,13,17,115,Where Is My Husband!|RAYE|46053
31/01/2026,14,I Got Better,Morgan Wallen,14,7,32,106,I Got Better|Morgan Wallen|46053
31/01/2026,15,Daisies,Justin Bieber,15,2,27,104,Daisies|Justin Bieber|46053
31/01/2026,16,wgft,Gunna Featuring Burna Boy,27,16,24,104,wgft|Gunna Featuring Burna Boy|46053
31/01/2026,17,So Easy (To Fall In Love),Olivia Dean,16,14,17,103,So Easy (To Fall In Love)|Olivia Dean|46053
31/01/2026,18,20 Cigarettes,Morgan Wallen,19,15,35,97,20 Cigarettes|Morgan Wallen|46053
31/01/2026,19,Plastic Cigarette,Zach Bryan,13,13,2,93,Plastic Cigarette|Zach Bryan|46053
31/01/2026,20,Die On This Hill,Sienna Spiro,21,20,5,92,Die On This Hill|Sienna Spiro|46053
31/01/2026,21,Sleepless In A Hotel Room,Luke Combs,17,17,2,87,Sleepless In A Hotel Room|Luke Combs|46053
31/01/2026,22,It Depends,Chris Brown Featuring Bryson Tiller,22,16,25,82,It Depends|Chris Brown Featuring Bryson Tiller|46053
31/01/2026,23,Stay Here 4 Life,A$AP Rocky Featuring Brent Faiyaz,-,23,1,81,Stay Here 4 Life|A$AP Rocky Featuring Brent Faiyaz|46053
31/01/2026,24,Helicopter,A$AP Rocky,-,24,1,81,Helicopter|A$AP Rocky|46053
31/01/2026,25,Tit For Tat,Tate McRae,23,3,17,80,Tit For Tat|Tate McRae|46053
31/01/2026,26,Nice To Meet You,Myles Smith,32,26,32,78,Nice To Meet You|Myles Smith|46053
31/01/2026,27,Gabriela,KATSEYE,24,21,27,76,Gabriela|KATSEYE|46053
31/01/2026,28,Hell At Night,BigXthaPlug Featuring Ella Langley,31,26,24,71,Hell At Night|BigXthaPlug Featuring Ella Langley|46053
31/01/2026,29,Better Me For You (Brown Eyes),Max McNown,36,29,32,69,Better Me For You (Brown Eyes)|Max McNown|46053
31/01/2026,30,A Couple Minutes,Olivia Dean,26,26,13,69,A Couple Minutes|Olivia Dean|46053
31/01/2026,31,Yukon,Justin Bieber,33,17,28,69,Yukon|Justin Bieber|46053
31/01/2026,32,4 Raws,EsDeeKid,28,28,6,68,4 Raws|EsDeeKid|46053
31/01/2026,33,Stole Ya Flow,A$AP Rocky,-,33,1,67,Stole Ya Flow|A$AP Rocky|46053
31/01/2026,34,Happen To Me,Russell Dickerson,37,28,40,66,Happen To Me|Russell Dickerson|46053
31/01/2026,35,Amen,Shaboozey & Jelly Roll,45,35,37,66,Amen|Shaboozey & Jelly Roll|46053
31/01/2026,36,The Fall,Cody Johnson,39,34,17,66,The Fall|Cody Johnson|46053
31/01/2026,37,Trap Queen,Fetty Wap,-,2,53,65,Trap Queen|Fetty Wap|46053
31/01/2026,38,Purple Rain,Prince And The Revolution,30,2,21,64,Purple Rain|Prince And The Revolution|46053
31/01/2026,39,Stateside,PinkPantheress With Zara Larsson,83,39,3,63,Stateside|PinkPantheress With Zara Larsson|46053
31/01/2026,40,Lush Life,Zara Larsson,48,40,6,62,Lush Life|Zara Larsson|46053
31/01/2026,41,FDO,Pooh Shiesty,20,12,6,62,FDO|Pooh Shiesty|46053
31/01/2026,42,House Again,Hudson Westbrook,41,33,40,62,House Again|Hudson Westbrook|46053
31/01/2026,43,Is It A Crime,Mariah The Scientist & Kali Uchis,34,27,24,62,Is It A Crime|Mariah The Scientist & Kali Uchis|46053
31/01/2026,44,Say Why,Zach Bryan,25,25,2,61,Say Why|Zach Bryan|46053
31/01/2026,45,Favorite Country Song,HARDY,52,42,13,60,Favorite Country Song|HARDY|46053
31/01/2026,46,How Far Does A Goodbye Go,Jason Aldean,50,46,15,59,How Far Does A Goodbye Go|Jason Aldean|46053
31/01/2026,47,I Thought I Saw Your Face Today,She & Him,42,40,7,57,I Thought I Saw Your Face Today|She & Him|46053
31/01/2026,48,Days Like These,Luke Combs,49,44,13,57,Days Like These|Luke Combs|46053
31/01/2026,49,12 To 12,sombr,54,41,23,54,12 To 12|sombr|46053
31/01/2026,50,No Broke Boys,Disco Lines & Tinashe,43,36,24,54,No Broke Boys|Disco Lines & Tinashe|46053
31/01/2026,51,Wish I Didn't,Megan Moroney,-,51,1,54,Wish I Didn't|Megan Moroney|46053
31/01/2026,52,Chanel,Tyla,47,47,6,53,Chanel|Tyla|46053
31/01/2026,53,Travelin' Soldier,Cody Johnson,53,12,11,53,Travelin' Soldier|Cody Johnson|46053
31/01/2026,54,Order Of Protection,A$AP Rocky,-,54,1,52,Order Of Protection|A$AP Rocky|46053
31/01/2026,55,Beautiful Things,Megan Moroney,70,55,8,52,Beautiful Things|Megan Moroney|46053
31/01/2026,56,Punk Rocky,A$AP Rocky,64,56,2,52,Punk Rocky|A$AP Rocky|46053
31/01/2026,57,When Did You Get Hot?,Sabrina Carpenter,62,17,19,51,When Did You Get Hot?|Sabrina Carpenter|46053
31/01/2026,58,Gone Gone Gone,"David Guetta, Teddy Swims & Tones And I",65,56,8,50,"Gone Gone Gone|David Guetta, Teddy Swims & Tones And I|46053"
31/01/2026,59,Playa,A$AP Rocky,-,59,1,50,Playa|A$AP Rocky|46053
31/01/2026,60,I Ain't Coming Back,Morgan Wallen Featuring Post Malone,67,8,32,50,I Ain't Coming Back|Morgan Wallen Featuring Post Malone|46053
31/01/2026,61,ErrTime,Cardi B,60,43,17,50,ErrTime|Cardi B|46053
31/01/2026,62,Stop Snitching,A$AP Rocky Featuring BossMan Dlow & Sauce Walka,-,62,1,48,Stop Snitching|A$AP Rocky Featuring BossMan Dlow & Sauce Walka|46053
31/01/2026,63,Bruce Wayne,YoungBoy Never Broke Again,-,63,1,47,Bruce Wayne|YoungBoy Never Broke Again|46053
31/01/2026,64,You Stole The Show,Sienna Spiro,63,63,3,47,You Stole The Show|Sienna Spiro|46053
31/01/2026,65,No Trespassing,A$AP Rocky,-,65,1,47,No Trespassing|A$AP Rocky|46053
31/01/2026,66,How It's Done,"HUNTR/X: EJAE, Audrey Nuna & REI AMI",55,8,26,46,"How It's Done|HUNTR/X: EJAE, Audrey Nuna & REI AMI|46053"
31/01/2026,67,Who Knows,Daniel Caesar,79,67,4,45,Who Knows|Daniel Caesar|46053
31/01/2026,68,Bittersweet,Madison Beer,-,68,2,44,Bittersweet|Madison Beer|46053
31/01/2026,69,Brunette,Tucker Wetmore,85,69,4,43,Brunette|Tucker Wetmore|46053
31/01/2026,70,Dracula,Tame Impala & JENNIE,75,30,17,43,Dracula|Tame Impala & JENNIE|46053
31/01/2026,71,Shot Callin,YoungBoy Never Broke Again,66,43,19,43,Shot Callin|YoungBoy Never Broke Again|46053
31/01/2026,72,Bloodline,Alex Warren With Jelly Roll,92,32,17,41,Bloodline|Alex Warren With Jelly Roll|46053
31/01/2026,73,Don't Be Dumb / Trip Baby,A$AP Rocky,-,73,1,40,Don't Be Dumb / Trip Baby|A$AP Rocky|46053
31/01/2026,74,Bad News,Zach Bryan,35,35,2,40,Bad News|Zach Bryan|46053
31/01/2026,75,Elizabeth Taylor,Taylor Swift,78,3,16,40,Elizabeth Taylor|Taylor Swift|46053
31/01/2026,76,Take Me Thru Dere,"Metro Boomin, Quavo, Breskii & YKNIECE",76,51,17,39,"Take Me Thru Dere|Metro Boomin, Quavo, Breskii & YKNIECE|46053"
31/01/2026,77,Nice To Each Other,Olivia Dean,81,69,13,39,Nice To Each Other|Olivia Dean|46053
31/01/2026,78,Let Alone The One You Love,Olivia Dean,84,71,8,39,Let Alone The One You Love|Olivia Dean|46053
31/01/2026,79,It Won't Be Long,George Birge,-,79,3,39,It Won't Be Long|George Birge|46053
31/01/2026,80,Headtap,YoungBoy Never Broke Again,-,80,1,39,Headtap|YoungBoy Never Broke Again|46053
31/01/2026,81,Air Force (Black Demarco),A$AP Rocky,-,81,1,39,Air Force (Black Demarco)|A$AP Rocky|46053
31/01/2026,82,Midnight Sun,Zara Larsson,-,82,1,38,Midnight Sun|Zara Larsson|46053
31/01/2026,83,Another Episode,YoungBoy Never Broke Again,-,83,1,37,Another Episode|YoungBoy Never Broke Again|46053
31/01/2026,84,Appetite,Zach Bryan,38,38,2,37,Appetite|Zach Bryan|46053
31/01/2026,85,Internet Girl,KATSEYE,59,29,3,37,Internet Girl|KATSEYE|46053
31/01/2026,86,Darlin',Chase Matthew,99,52,17,37,Darlin'|Chase Matthew|46053
31/01/2026,87,Phantom,EsDeeKid & Rico Ace,88,67,5,36,Phantom|EsDeeKid & Rico Ace|46053
31/01/2026,88,Whiskey (Release Me),A$AP Rocky Featuring Gorillaz & Westside Gunn,-,88,1,36,Whiskey (Release Me)|A$AP Rocky Featuring Gorillaz & Westside Gunn|46053
31/01/2026,89,Don't Kill The Party,Ty Dolla $ign Featuring Quavo & Juicy J,-,89,2,36,Don't Kill The Party|Ty Dolla $ign Featuring Quavo & Juicy J|46053
31/01/2026,90,Anti-Social,YoungBoy Never Broke Again,-,90,1,36,Anti-Social|YoungBoy Never Broke Again|46053
31/01/2026,91,Damn I Love Miami,Pitbull X Lil Jon,-,91,1,36,Damn I Love Miami|Pitbull X Lil Jon|46053
31/01/2026,92,Fame Is A Gun,Addison Rae,-,73,5,35,Fame Is A Gun|Addison Rae|46053
31/01/2026,93,Mrs. Trendsetter,Lil Baby,-,93,1,35,Mrs. Trendsetter|Lil Baby|46053
31/01/2026,94,Voy A Llevarte Pa PR,Bad Bunny,-,17,15,35,Voy A Llevarte Pa PR|Bad Bunny|46053
31/01/2026,95,Zoo,Shakira,80,77,4,34,Zoo|Shakira|46053
31/01/2026,96,What An Awesome God,Phil Wickham,96,86,7,34,What An Awesome God|Phil Wickham|46053
31/01/2026,97,"Lover, You Should've Come Over",Jeff Buckley,-,97,1,34,"Lover, You Should've Come Over|Jeff Buckley|46053"
31/01/2026,98,"Girl, Get Up.",Doechii & SZA,91,57,3,33,"Girl, Get Up.|Doechii & SZA|46053"
31/01/2026,99,Father Figure,Taylor Swift,98,4,15,33,Father Figure|Taylor Swift|46053
31/01/2026,100,Sienna,The Marias,-,74,16,33,Sienna|The Marias|46053
24/01/2026,1,I Just Might,Bruno Mars,-,1,1,268,I Just Might|Bruno Mars|46046
24/01/2026,2,The Fate Of Ophelia,Taylor Swift,1,1,15,256,The Fate Of Ophelia|Taylor Swift|46046
24/01/2026,3,Golden,"HUNTR/X: EJAE, Audrey Nuna & REI AMI",3,1,30,246,"Golden|HUNTR/X: EJAE, Audrey Nuna & REI AMI|46046"
24/01/2026,4,Man I Need,Olivia Dean,4,4,21,239,Man I Need|Olivia Dean|46046
24/01/2026,5,Ordinary,Alex Warren,2,1,48,236,Ordinary|Alex Warren|46046
24/01/2026,6,Choosin' Texas,Ella Langley,5,5,13,218,Choosin' Texas|Ella Langley|46046
24/01/2026,7,End Of Beginning,Djo,6,6,24,180,End Of Beginning|Djo|46046
24/01/2026,8,Back To Friends,sombr,8,7,42,165,Back To Friends|sombr|46046
24/01/2026,9,Folded,Kehlani,7,6,31,156,Folded|Kehlani|46046
24/01/2026,10,Opalite,Taylor Swift,9,2,15,146,Opalite|Taylor Swift|46046
24/01/2026,11,Mutt,Leon Thomas,10,6,49,132,Mutt|Leon Thomas|46046
24/01/2026,12,What You Saying,Lil Uzi Vert,14,12,3,128,What You Saying|Lil Uzi Vert|46046
24/01/2026,13,Plastic Cigarette,Zach Bryan,-,13,1,123,Plastic Cigarette|Zach Bryan|46046
24/01/2026,14,I Got Better,Morgan Wallen,12,7,31,116,I Got Better|Morgan Wallen|46046
24/01/2026,15,Daisies,Justin Bieber,11,2,26,114,Daisies|Justin Bieber|46046
24/01/2026,16,So Easy (To Fall In Love),Olivia Dean,15,14,16,111,So Easy (To Fall In Love)|Olivia Dean|46046
24/01/2026,17,Sleepless In A Hotel Room,Luke Combs,-,17,1,110,Sleepless In A Hotel Room|Luke Combs|46046
24/01/2026,18,Where Is My Husband!,RAYE,13,13,16,109,Where Is My Husband!|RAYE|46046
24/01/2026,19,20 Cigarettes,Morgan Wallen,16,15,34,97,20 Cigarettes|Morgan Wallen|46046
24/01/2026,20,FDO,Pooh Shiesty,17,12,5,89,FDO|Pooh Shiesty|46046
24/01/2026,21,Die On This Hill,Sienna Spiro,54,21,4,87,Die On This Hill|Sienna Spiro|46046
24/01/2026,22,It Depends,Chris Brown Featuring Bryson Tiller,18,16,24,87,It Depends|Chris Brown Featuring Bryson Tiller|46046
24/01/2026,23,Tit For Tat,Tate McRae,20,3,16,87,Tit For Tat|Tate McRae|46046
24/01/2026,24,Gabriela,KATSEYE,21,21,26,86,Gabriela|KATSEYE|46046
24/01/2026,25,Say Why,Zach Bryan,-,25,1,85,Say Why|Zach Bryan|46046
24/01/2026,26,A Couple Minutes,Olivia Dean,28,26,12,80,A Couple Minutes|Olivia Dean|46046
24/01/2026,27,wgft,Gunna Featuring Burna Boy,25,25,23,80,wgft|Gunna Featuring Burna Boy|46046
24/01/2026,28,4 Raws,EsDeeKid,36,28,5,78,4 Raws|EsDeeKid|46046
24/01/2026,29,6 Months Later,Megan Moroney,34,29,30,78,6 Months Later|Megan Moroney|46046
24/01/2026,30,Purple Rain,Prince And The Revolution,27,2,20,78,Purple Rain|Prince And The Revolution|46046
24/01/2026,31,Hell At Night,BigXthaPlug Featuring Ella Langley,26,26,23,76,Hell At Night|BigXthaPlug Featuring Ella Langley|46046
24/01/2026,32,Nice To Meet You,Myles Smith,31,26,31,74,Nice To Meet You|Myles Smith|46046
24/01/2026,33,Yukon,Justin Bieber,33,17,27,73,Yukon|Justin Bieber|46046
24/01/2026,34,Is It A Crime,Mariah The Scientist & Kali Uchis,30,27,23,72,Is It A Crime|Mariah The Scientist & Kali Uchis|46046
24/01/2026,35,Bad News,Zach Bryan,-,35,1,72,Bad News|Zach Bryan|46046
24/01/2026,36,Better Me For You (Brown Eyes),Max McNown,37,32,31,71,Better Me For You (Brown Eyes)|Max McNown|46046
24/01/2026,37,Happen To Me,Russell Dickerson,32,28,39,70,Happen To Me|Russell Dickerson|46046
24/01/2026,38,Appetite,Zach Bryan,-,38,1,69,Appetite|Zach Bryan|46046
24/01/2026,39,The Fall,Cody Johnson,35,34,16,69,The Fall|Cody Johnson|46046
24/01/2026,40,Don't Mind If I Do,Riley Green Featuring Ella Langley,24,23,24,68,Don't Mind If I Do|Riley Green Featuring Ella Langley|46046
24/01/2026,41,House Again,Hudson Westbrook,38,33,39,67,House Again|Hudson Westbrook|46046
24/01/2026,42,I Thought I Saw Your Face Today,She & Him,40,40,6,66,I Thought I Saw Your Face Today|She & Him|46046
24/01/2026,43,No Broke Boys,Disco Lines & Tinashe,47,36,23,66,No Broke Boys|Disco Lines & Tinashe|46046
24/01/2026,44,Soda Pop,"Saja Boys: Andrew Choi, Neckwav, Danny Chung, Kevin Woo & samUIL Lee",39,3,25,63,"Soda Pop|Saja Boys: Andrew Choi, Neckwav, Danny Chung, Kevin Woo & samUIL Lee|46046"
24/01/2026,45,Amen,Shaboozey & Jelly Roll,42,39,36,63,Amen|Shaboozey & Jelly Roll|46046
24/01/2026,46,Runny Eggs,Zach Bryan,-,46,1,62,Runny Eggs|Zach Bryan|46046
24/01/2026,47,Chanel,Tyla,55,47,5,62,Chanel|Tyla|46046
24/01/2026,48,Lush Life,Zara Larsson,70,48,5,60,Lush Life|Zara Larsson|46046
24/01/2026,49,Days Like These,Luke Combs,44,44,12,59,Days Like These|Luke Combs|46046
24/01/2026,50,How Far Does A Goodbye Go,Jason Aldean,52,49,14,59,How Far Does A Goodbye Go|Jason Aldean|46046
24/01/2026,51,Skin,Zach Bryan,-,51,1,58,Skin|Zach Bryan|46046
24/01/2026,52,Favorite Country Song,HARDY,51,42,12,58,Favorite Country Song|HARDY|46046
24/01/2026,53,Travelin' Soldier,Cody Johnson,48,12,10,57,Travelin' Soldier|Cody Johnson|46046
24/01/2026,54,12 To 12,sombr,43,41,22,57,12 To 12|sombr|46046
24/01/2026,55,How It's Done,"HUNTR/X: EJAE, Audrey Nuna & REI AMI",50,8,25,56,"How It's Done|HUNTR/X: EJAE, Audrey Nuna & REI AMI|46046"
24/01/2026,56,Deann's Denim,Zach Bryan,-,56,1,56,Deann's Denim|Zach Bryan|46046
24/01/2026,57,Drowning,Zach Bryan,-,57,1,56,Drowning|Zach Bryan|46046
24/01/2026,58,Dry Deserts,Zach Bryan,-,58,1,55,Dry Deserts|Zach Bryan|46046
24/01/2026,59,Internet Girl,KATSEYE,29,29,2,55,Internet Girl|KATSEYE|46046
24/01/2026,60,ErrTime,Cardi B,59,43,16,53,ErrTime|Cardi B|46046
24/01/2026,61,Santa Fe,Zach Bryan,-,61,1,53,Santa Fe|Zach Bryan|46046
24/01/2026,62,When Did You Get Hot?,Sabrina Carpenter,64,17,18,53,When Did You Get Hot?|Sabrina Carpenter|46046
24/01/2026,63,You Stole The Show,Sienna Spiro,81,63,2,53,You Stole The Show|Sienna Spiro|46046
24/01/2026,64,Punk Rocky,A$AP Rocky,-,64,1,52,Punk Rocky|A$AP Rocky|46046
24/01/2026,65,Gone Gone Gone,"David Guetta, Teddy Swims & Tones And I",56,56,7,50,"Gone Gone Gone|David Guetta, Teddy Swims & Tones And I|46046"
24/01/2026,66,Shot Callin,YoungBoy Never Broke Again,58,43,18,50,Shot Callin|YoungBoy Never Broke Again|46046
24/01/2026,67,I Ain't Coming Back,Morgan Wallen Featuring Post Malone,61,8,31,50,I Ain't Coming Back|Morgan Wallen Featuring Post Malone|46046
24/01/2026,68,With Heaven On Top,Zach Bryan,-,68,1,50,With Heaven On Top|Zach Bryan|46046
24/01/2026,69,South And Pine,Zach Bryan,-,69,1,48,South And Pine|Zach Bryan|46046
24/01/2026,70,Beautiful Things,Megan Moroney,60,60,7,48,Beautiful Things|Megan Moroney|46046
24/01/2026,71,Cannonball,Zach Bryan,-,71,1,47,Cannonball|Zach Bryan|46046
24/01/2026,72,Slicked Back,Zach Bryan,-,72,1,47,Slicked Back|Zach Bryan|46046
24/01/2026,73,Anyways,Zach Bryan,-,73,1,47,Anyways|Zach Bryan|46046
24/01/2026,74,Tears,Sabrina Carpenter,53,3,20,47,Tears|Sabrina Carpenter|46046
24/01/2026,75,Dracula,Tame Impala & JENNIE,66,30,16,46,Dracula|Tame Impala & JENNIE|46046
24/01/2026,76,Take Me Thru Dere,"Metro Boomin, Quavo, Breskii & YKNIECE",65,51,16,45,"Take Me Thru Dere|Metro Boomin, Quavo, Breskii & YKNIECE|46046"
24/01/2026,77,Rather Be,The Kid Laroi Featuring Lithe,-,77,1,45,Rather Be|The Kid Laroi Featuring Lithe|46046
24/01/2026,78,Elizabeth Taylor,Taylor Swift,62,3,15,45,Elizabeth Taylor|Taylor Swift|46046
24/01/2026,79,Who Knows,Daniel Caesar,85,79,3,45,Who Knows|Daniel Caesar|46046
24/01/2026,80,Zoo,Shakira,77,77,3,44,Zoo|Shakira|46046
24/01/2026,81,Nice To Each Other,Olivia Dean,69,69,12,44,Nice To Each Other|Olivia Dean|46046
24/01/2026,82,Eternity,Alex Warren,74,16,20,44,Eternity|Alex Warren|46046
24/01/2026,83,Stateside,PinkPantheress With Zara Larsson,100,83,2,44,Stateside|PinkPantheress With Zara Larsson|46046
24/01/2026,84,Let Alone The One You Love,Olivia Dean,71,71,7,43,Let Alone The One You Love|Olivia Dean|46046
24/01/2026,85,Brunette,Tucker Wetmore,75,75,3,43,Brunette|Tucker Wetmore|46046
24/01/2026,86,Stay Country Or Die Tryin',Blake Shelton,63,63,3,43,Stay Country Or Die Tryin'|Blake Shelton|46046
24/01/2026,87,If They Come Lookin',Zach Bryan,-,87,1,42,If They Come Lookin'|Zach Bryan|46046
24/01/2026,88,Phantom,EsDeeKid & Rico Ace,72,67,4,42,Phantom|EsDeeKid & Rico Ace|46046
24/01/2026,89,Rivers And Creeks,Zach Bryan,-,89,1,42,Rivers And Creeks|Zach Bryan|46046
24/01/2026,90,Camera,Ed Sheeran,67,58,18,42,Camera|Ed Sheeran|46046
24/01/2026,91,"Girl, Get Up.",Doechii & SZA,57,57,2,42,"Girl, Get Up.|Doechii & SZA|46046"
24/01/2026,92,Bloodline,Alex Warren With Jelly Roll,83,32,16,41,Bloodline|Alex Warren With Jelly Roll|46046
24/01/2026,93,BOO,H3adband,90,90,3,40,BOO|H3adband|46046
24/01/2026,94,Mr Recoup,21 Savage & Drake,73,51,5,40,Mr Recoup|21 Savage & Drake|46046
24/01/2026,95,You Can Still Come Home,Zach Bryan,-,95,1,40,You Can Still Come Home|Zach Bryan|46046
24/01/2026,96,What An Awesome God,Phil Wickham,86,86,6,40,What An Awesome God|Phil Wickham|46046
24/01/2026,97,3am,Loe Shimmy & Don Toliver,82,71,9,39,3am|Loe Shimmy & Don Toliver|46046
24/01/2026,98,Father Figure,Taylor Swift,76,4,14,39,Father Figure|Taylor Swift|46046
24/01/2026,99,Darlin',Chase Matthew,80,52,16,39,Darlin'|Chase Matthew|46046
24/01/2026,100,Big Guy,Ice Spice,-,100,1,39,Big Guy|Ice Spice|46046
17/01/2026,1,The Fate Of Ophelia,Taylor Swift,1,1,14,266,The Fate Of Ophelia|Taylor Swift|46039
17/01/2026,2,Ordinary,Alex Warren,3,1,47,256,Ordinary|Alex Warren|46039
17/01/2026,3,Golden,"HUNTR/X: EJAE, Audrey Nuna & REI AMI",2,1,29,249,"Golden|HUNTR/X: EJAE, Audrey Nuna & REI AMI|46039"
17/01/2026,4,Man I Need,Olivia Dean,4,4,20,243,Man I Need|Olivia Dean|46039
17/01/2026,5,Choosin' Texas,Ella Langley,5,5,12,207,Choosin' Texas|Ella Langley|46039
17/01/2026,6,End Of Beginning,Djo,16,6,23,185,End Of Beginning|Djo|46039
17/01/2026,7,Folded,Kehlani,6,6,30,166,Folded|Kehlani|46039
17/01/2026,8,Back To Friends,sombr,7,7,41,159,Back To Friends|sombr|46039
17/01/2026,9,Opalite,Taylor Swift,8,2,14,150,Opalite|Taylor Swift|46039
17/01/2026,10,Mutt,Leon Thomas,9,6,48,136,Mutt|Leon Thomas|46039
17/01/2026,11,Daisies,Justin Bieber,10,2,25,130,Daisies|Justin Bieber|46039
17/01/2026,12,I Got Better,Morgan Wallen,11,7,30,121,I Got Better|Morgan Wallen|46039
17/01/2026,13,Where Is My Husband!,RAYE,13,13,15,110,Where Is My Husband!|RAYE|46039
17/01/2026,14,What You Saying,Lil Uzi Vert,21,14,2,109,What You Saying|Lil Uzi Vert|46039
17/01/2026,15,So Easy (To Fall In Love),Olivia Dean,14,14,15,108,So Easy (To Fall In Love)|Olivia Dean|46039
17/01/2026,16,20 Cigarettes,Morgan Wallen,15,15,33,101,20 Cigarettes|Morgan Wallen|46039
17/01/2026,17,FDO,Pooh Shiesty,12,12,4,95,FDO|Pooh Shiesty|46039
17/01/2026,18,It Depends,Chris Brown Featuring Bryson Tiller,17,16,23,89,It Depends|Chris Brown Featuring Bryson Tiller|46039
17/01/2026,19,What I Want,Morgan Wallen Featuring Tate McRae,19,1,29,89,What I Want|Morgan Wallen Featuring Tate McRae|46039
17/01/2026,20,Tit For Tat,Tate McRae,20,3,15,88,Tit For Tat|Tate McRae|46039
17/01/2026,21,Gabriela,KATSEYE,22,21,25,86,Gabriela|KATSEYE|46039
17/01/2026,22,Manchild,Sabrina Carpenter,18,1,27,83,Manchild|Sabrina Carpenter|46039
17/01/2026,23,Love Me Not,Ravyn Lenae,24,5,36,81,Love Me Not|Ravyn Lenae|46039
17/01/2026,24,Don't Mind If I Do,Riley Green Featuring Ella Langley,23,23,23,81,Don't Mind If I Do|Riley Green Featuring Ella Langley|46039
17/01/2026,25,wgft,Gunna Featuring Burna Boy,25,25,22,80,wgft|Gunna Featuring Burna Boy|46039
17/01/2026,26,Hell At Night,BigXthaPlug Featuring Ella Langley,28,26,22,79,Hell At Night|BigXthaPlug Featuring Ella Langley|46039
17/01/2026,27,Purple Rain,Prince And The Revolution,-,2,19,79,Purple Rain|Prince And The Revolution|46039
17/01/2026,28,A Couple Minutes,Olivia Dean,36,28,11,77,A Couple Minutes|Olivia Dean|46039
17/01/2026,29,Internet Girl,KATSEYE,-,29,1,77,Internet Girl|KATSEYE|46039
17/01/2026,30,Is It A Crime,Mariah The Scientist & Kali Uchis,27,27,22,75,Is It A Crime|Mariah The Scientist & Kali Uchis|46039
17/01/2026,31,Nice To Meet You,Myles Smith,26,26,30,75,Nice To Meet You|Myles Smith|46039
17/01/2026,32,Happen To Me,Russell Dickerson,29,28,38,74,Happen To Me|Russell Dickerson|46039
17/01/2026,33,Yukon,Justin Bieber,30,17,26,72,Yukon|Justin Bieber|46039
17/01/2026,34,6 Months Later,Megan Moroney,31,30,29,71,6 Months Later|Megan Moroney|46039
17/01/2026,35,The Fall,Cody Johnson,34,34,15,71,The Fall|Cody Johnson|46039
17/01/2026,36,4 Raws,EsDeeKid,38,36,4,71,4 Raws|EsDeeKid|46039
17/01/2026,37,Better Me For You (Brown Eyes),Max McNown,32,32,30,70,Better Me For You (Brown Eyes)|Max McNown|46039
17/01/2026,38,House Again,Hudson Westbrook,33,33,38,69,House Again|Hudson Westbrook|46039
17/01/2026,39,Soda Pop,"Saja Boys: Andrew Choi, Neckwav, Danny Chung, Kevin Woo & samUIL Lee",35,3,24,65,"Soda Pop|Saja Boys: Andrew Choi, Neckwav, Danny Chung, Kevin Woo & samUIL Lee|46039"
17/01/2026,40,I Thought I Saw Your Face Today,She & Him,43,40,5,64,I Thought I Saw Your Face Today|She & Him|46039
17/01/2026,41,Landslide,Fleetwood Mac,-,41,1,64,Landslide|Fleetwood Mac|46039
17/01/2026,42,Amen,Shaboozey & Jelly Roll,39,39,35,64,Amen|Shaboozey & Jelly Roll|46039
17/01/2026,43,12 To 12,sombr,44,41,21,63,12 To 12|sombr|46039
17/01/2026,44,Days Like These,Luke Combs,46,44,11,60,Days Like These|Luke Combs|46039
17/01/2026,45,Last One To Know,Gavin Adcock,47,45,21,59,Last One To Know|Gavin Adcock|46039
17/01/2026,46,Running Up That Hill (A Deal With God),Kate Bush,-,3,41,59,Running Up That Hill (A Deal With God)|Kate Bush|46039
17/01/2026,47,No Broke Boys,Disco Lines & Tinashe,40,36,22,59,No Broke Boys|Disco Lines & Tinashe|46039
17/01/2026,48,Travelin' Soldier,Cody Johnson,55,12,9,59,Travelin' Soldier|Cody Johnson|46039
17/01/2026,49,Your Idol,"Saja Boys: Andrew Choi, Neckwav, Danny Chung, Kevin Woo & samUIL Lee",41,4,25,58,"Your Idol|Saja Boys: Andrew Choi, Neckwav, Danny Chung, Kevin Woo & samUIL Lee|46039"
17/01/2026,50,How It's Done,"HUNTR/X: EJAE, Audrey Nuna & REI AMI",45,8,24,58,"How It's Done|HUNTR/X: EJAE, Audrey Nuna & REI AMI|46039"
17/01/2026,51,Favorite Country Song,HARDY,42,42,11,56,Favorite Country Song|HARDY|46039
17/01/2026,52,How Far Does A Goodbye Go,Jason Aldean,49,49,13,56,How Far Does A Goodbye Go|Jason Aldean|46039
17/01/2026,53,Tears,Sabrina Carpenter,37,3,19,56,Tears|Sabrina Carpenter|46039
17/01/2026,54,Die On This Hill,Sienna Spiro,69,54,3,56,Die On This Hill|Sienna Spiro|46039
17/01/2026,55,Chanel,Tyla,53,53,4,54,Chanel|Tyla|46039
17/01/2026,56,Gone Gone Gone,"David Guetta, Teddy Swims & Tones And I",57,56,6,53,"Gone Gone Gone|David Guetta, Teddy Swims & Tones And I|46039"
17/01/2026,57,"Girl, Get Up.",Doechii & SZA,-,57,1,52,"Girl, Get Up.|Doechii & SZA|46039"
17/01/2026,58,Shot Callin,YoungBoy Never Broke Again,48,43,17,51,Shot Callin|YoungBoy Never Broke Again|46039
17/01/2026,59,ErrTime,Cardi B,54,43,15,51,ErrTime|Cardi B|46039
17/01/2026,60,Beautiful Things,Megan Moroney,64,60,6,51,Beautiful Things|Megan Moroney|46039
17/01/2026,61,I Ain't Coming Back,Morgan Wallen Featuring Post Malone,60,8,30,51,I Ain't Coming Back|Morgan Wallen Featuring Post Malone|46039
17/01/2026,62,Elizabeth Taylor,Taylor Swift,59,3,14,50,Elizabeth Taylor|Taylor Swift|46039
17/01/2026,63,Stay Country Or Die Tryin',Blake Shelton,65,63,2,48,Stay Country Or Die Tryin'|Blake Shelton|46039
17/01/2026,64,When Did You Get Hot?,Sabrina Carpenter,66,17,17,48,When Did You Get Hot?|Sabrina Carpenter|46039
17/01/2026,65,Take Me Thru Dere,"Metro Boomin, Quavo, Breskii & YKNIECE",51,51,15,48,"Take Me Thru Dere|Metro Boomin, Quavo, Breskii & YKNIECE|46039"
17/01/2026,66,Dracula,Tame Impala & JENNIE,62,30,15,47,Dracula|Tame Impala & JENNIE|46039
17/01/2026,67,Camera,Ed Sheeran,58,58,17,47,Camera|Ed Sheeran|46039
17/01/2026,68,Cowgirl,Parmalee,50,50,6,46,Cowgirl|Parmalee|46039
17/01/2026,69,Nice To Each Other,Olivia Dean,74,69,11,46,Nice To Each Other|Olivia Dean|46039
17/01/2026,70,Lush Life,Zara Larsson,-,70,4,45,Lush Life|Zara Larsson|46039
17/01/2026,71,Let Alone The One You Love,Olivia Dean,78,71,6,45,Let Alone The One You Love|Olivia Dean|46039
17/01/2026,72,Phantom,EsDeeKid & Rico Ace,67,67,3,45,Phantom|EsDeeKid & Rico Ace|46039
17/01/2026,73,Mr Recoup,21 Savage & Drake,61,51,4,44,Mr Recoup|21 Savage & Drake|46039
17/01/2026,74,Eternity,Alex Warren,56,16,19,44,Eternity|Alex Warren|46039
17/01/2026,75,Brunette,Tucker Wetmore,83,75,2,43,Brunette|Tucker Wetmore|46039
17/01/2026,76,Father Figure,Taylor Swift,72,4,13,42,Father Figure|Taylor Swift|46039
17/01/2026,77,Zoo,Shakira,77,77,2,42,Zoo|Shakira|46039
17/01/2026,78,Dopamina,Peso Pluma & Tito Double P,52,52,2,41,Dopamina|Peso Pluma & Tito Double P|46039
17/01/2026,79,Wi$h Li$t,Taylor Swift,73,6,12,41,Wi$h Li$t|Taylor Swift|46039
17/01/2026,80,Darlin',Chase Matthew,68,52,15,41,Darlin'|Chase Matthew|46039
17/01/2026,81,You Stole The Show,Sienna Spiro,-,81,1,41,You Stole The Show|Sienna Spiro|46039
17/01/2026,82,3am,Loe Shimmy & Don Toliver,71,71,8,40,3am|Loe Shimmy & Don Toliver|46039
17/01/2026,83,Bloodline,Alex Warren With Jelly Roll,81,32,15,40,Bloodline|Alex Warren With Jelly Roll|46039
17/01/2026,84,Sugar On My Tongue,"Tyler, The Creator",70,41,25,39,"Sugar On My Tongue|Tyler, The Creator|46039"
17/01/2026,85,Who Knows,Daniel Caesar,89,85,2,39,Who Knows|Daniel Caesar|46039
17/01/2026,86,What An Awesome God,Phil Wickham,96,86,5,39,What An Awesome God|Phil Wickham|46039
17/01/2026,87,Sienna,The Marias,87,74,15,38,Sienna|The Marias|46039
17/01/2026,88,Dano,Peso Pluma & Tito Double P,75,75,2,38,Dano|Peso Pluma & Tito Double P|46039
17/01/2026,89,Gnarly,KATSEYE,82,82,13,38,Gnarly|KATSEYE|46039
17/01/2026,90,BOO,H3adband,91,90,2,37,BOO|H3adband|46039
17/01/2026,91,Baby Steps,Olivia Dean,99,91,2,37,Baby Steps|Olivia Dean|46039
17/01/2026,92,It Won't Be Long,George Birge,80,80,2,37,It Won't Be Long|George Birge|46039
17/01/2026,93,The Life Of A Showgirl,Taylor Swift Featuring Sabrina Carpenter,85,8,11,37,The Life Of A Showgirl|Taylor Swift Featuring Sabrina Carpenter|46039
17/01/2026,94,Fame Is A Gun,Addison Rae,-,73,4,36,Fame Is A Gun|Addison Rae|46039
17/01/2026,95,Amor,Emmanuel Cortes,90,90,4,36,Amor|Emmanuel Cortes|46039
17/01/2026,96,Don't Kill The Party,Ty Dolla $ign Featuring Quavo & Juicy J,-,96,1,35,Don't Kill The Party|Ty Dolla $ign Featuring Quavo & Juicy J|46039
17/01/2026,97,Heart Of Stone,Jelly Roll,84,53,15,35,Heart Of Stone|Jelly Roll|46039
17/01/2026,98,Dusty Bibles,Josiah Queen,-,92,2,35,Dusty Bibles|Josiah Queen|46039
17/01/2026,99,I've Seen It,Olivia Dean,-,99,1,35,I've Seen It|Olivia Dean|46039
17/01/2026,100,Stateside,PinkPantheress With Zara Larsson,-,100,1,35,Stateside|PinkPantheress With Zara Larsson|46039
10/01/2026,1,The Fate Of Ophelia,Taylor Swift,28,1,13,236,The Fate Of Ophelia|Taylor Swift|46032
10/01/2026,2,Golden,"HUNTR/X: EJAE, Audrey Nuna & REI AMI",25,1,28,211,"Golden|HUNTR/X: EJAE, Audrey Nuna & REI AMI|46032"
10/01/2026,3,Ordinary,Alex Warren,-,1,46,201,Ordinary|Alex Warren|46032
10/01/2026,4,Man I Need,Olivia Dean,36,4,19,178,Man I Need|Olivia Dean|46032
10/01/2026,5,Choosin' Texas,Ella Langley,48,5,11,145,Choosin' Texas|Ella Langley|46032
10/01/2026,6,Folded,Kehlani,51,6,29,128,Folded|Kehlani|46032
10/01/2026,7,Back To Friends,sombr,52,7,40,124,Back To Friends|sombr|46032
10/01/2026,8,Opalite,Taylor Swift,54,2,13,121,Opalite|Taylor Swift|46032
10/01/2026,9,Mutt,Leon Thomas,-,6,47,114,Mutt|Leon Thomas|46032
10/01/2026,10,Daisies,Justin Bieber,-,2,24,98,Daisies|Justin Bieber|46032
10/01/2026,11,I Got Better,Morgan Wallen,-,7,29,96,I Got Better|Morgan Wallen|46032
10/01/2026,12,FDO,Pooh Shiesty,53,12,3,82,FDO|Pooh Shiesty|46032
10/01/2026,13,Where Is My Husband!,RAYE,56,13,14,81,Where Is My Husband!|RAYE|46032
10/01/2026,14,So Easy (To Fall In Love),Olivia Dean,57,14,14,78,So Easy (To Fall In Love)|Olivia Dean|46032
10/01/2026,15,20 Cigarettes,Morgan Wallen,60,15,32,76,20 Cigarettes|Morgan Wallen|46032
10/01/2026,16,End Of Beginning,Djo,-,11,22,75,End Of Beginning|Djo|46032
10/01/2026,17,It Depends,Chris Brown Featuring Bryson Tiller,-,16,22,75,It Depends|Chris Brown Featuring Bryson Tiller|46032
10/01/2026,18,Manchild,Sabrina Carpenter,-,1,26,75,Manchild|Sabrina Carpenter|46032
10/01/2026,19,What I Want,Morgan Wallen Featuring Tate McRae,-,1,28,73,What I Want|Morgan Wallen Featuring Tate McRae|46032
10/01/2026,20,Tit For Tat,Tate McRae,58,3,14,71,Tit For Tat|Tate McRae|46032
10/01/2026,21,What You Saying,Lil Uzi Vert,-,21,1,71,What You Saying|Lil Uzi Vert|46032
10/01/2026,22,Gabriela,KATSEYE,63,22,24,68,Gabriela|KATSEYE|46032
10/01/2026,23,Don't Mind If I Do,Riley Green Featuring Ella Langley,62,23,22,68,Don't Mind If I Do|Riley Green Featuring Ella Langley|46032
10/01/2026,24,Love Me Not,Ravyn Lenae,-,5,35,67,Love Me Not|Ravyn Lenae|46032
10/01/2026,25,wgft,Gunna Featuring Burna Boy,59,25,21,66,wgft|Gunna Featuring Burna Boy|46032
10/01/2026,26,Nice To Meet You,Myles Smith,-,26,29,62,Nice To Meet You|Myles Smith|46032
10/01/2026,27,Is It A Crime,Mariah The Scientist & Kali Uchis,61,27,21,60,Is It A Crime|Mariah The Scientist & Kali Uchis|46032
10/01/2026,28,Hell At Night,BigXthaPlug Featuring Ella Langley,66,28,21,58,Hell At Night|BigXthaPlug Featuring Ella Langley|46032
10/01/2026,29,Happen To Me,Russell Dickerson,69,28,37,58,Happen To Me|Russell Dickerson|46032
10/01/2026,30,Yukon,Justin Bieber,65,17,25,58,Yukon|Justin Bieber|46032
10/01/2026,31,6 Months Later,Megan Moroney,73,30,28,57,6 Months Later|Megan Moroney|46032
10/01/2026,32,Better Me For You (Brown Eyes),Max McNown,74,32,29,55,Better Me For You (Brown Eyes)|Max McNown|46032
10/01/2026,33,House Again,Hudson Westbrook,70,33,37,55,House Again|Hudson Westbrook|46032
10/01/2026,34,The Fall,Cody Johnson,76,34,14,55,The Fall|Cody Johnson|46032
10/01/2026,35,Soda Pop,"Saja Boys: Andrew Choi, Neckwav, Danny Chung, Kevin Woo & samUIL Lee",-,3,23,53,"Soda Pop|Saja Boys: Andrew Choi, Neckwav, Danny Chung, Kevin Woo & samUIL Lee|46032"
10/01/2026,36,A Couple Minutes,Olivia Dean,68,36,10,53,A Couple Minutes|Olivia Dean|46032
10/01/2026,37,Tears,Sabrina Carpenter,71,3,18,51,Tears|Sabrina Carpenter|46032
10/01/2026,38,4 Raws,EsDeeKid,64,38,3,51,4 Raws|EsDeeKid|46032
10/01/2026,39,Amen,Shaboozey & Jelly Roll,79,39,34,48,Amen|Shaboozey & Jelly Roll|46032
10/01/2026,40,No Broke Boys,Disco Lines & Tinashe,-,36,21,48,No Broke Boys|Disco Lines & Tinashe|46032
10/01/2026,41,Your Idol,"Saja Boys: Andrew Choi, Neckwav, Danny Chung, Kevin Woo & samUIL Lee",-,4,24,48,"Your Idol|Saja Boys: Andrew Choi, Neckwav, Danny Chung, Kevin Woo & samUIL Lee|46032"
10/01/2026,42,Favorite Country Song,HARDY,80,42,10,47,Favorite Country Song|HARDY|46032
10/01/2026,43,I Thought I Saw Your Face Today,She & Him,72,43,4,46,I Thought I Saw Your Face Today|She & Him|46032
10/01/2026,44,12 To 12,sombr,83,41,20,46,12 To 12|sombr|46032
10/01/2026,45,How It's Done,"HUNTR/X: EJAE, Audrey Nuna & REI AMI",-,8,23,46,"How It's Done|HUNTR/X: EJAE, Audrey Nuna & REI AMI|46032"
10/01/2026,46,Days Like These,Luke Combs,87,46,10,45,Days Like These|Luke Combs|46032
10/01/2026,47,Last One To Know,Gavin Adcock,89,47,20,45,Last One To Know|Gavin Adcock|46032
10/01/2026,48,Shot Callin,YoungBoy Never Broke Again,75,43,16,44,Shot Callin|YoungBoy Never Broke Again|46032
10/01/2026,49,How Far Does A Goodbye Go,Jason Aldean,86,49,12,44,How Far Does A Goodbye Go|Jason Aldean|46032
10/01/2026,50,Cowgirl,Parmalee,90,50,5,44,Cowgirl|Parmalee|46032
10/01/2026,51,Take Me Thru Dere,"Metro Boomin, Quavo, Breskii & YKNIECE",77,51,14,43,"Take Me Thru Dere|Metro Boomin, Quavo, Breskii & YKNIECE|46032"
10/01/2026,52,Dopamina,Peso Pluma & Tito Double P,-,52,1,43,Dopamina|Peso Pluma & Tito Double P|46032
10/01/2026,53,Chanel,Tyla,82,53,3,41,Chanel|Tyla|46032
10/01/2026,54,ErrTime,Cardi B,78,43,14,41,ErrTime|Cardi B|46032
10/01/2026,55,Travelin' Soldier,Cody Johnson,97,12,8,41,Travelin' Soldier|Cody Johnson|46032
10/01/2026,56,Eternity,Alex Warren,91,16,18,40,Eternity|Alex Warren|46032
10/01/2026,57,Gone Gone Gone,"David Guetta, Teddy Swims & Tones And I",92,57,5,40,"Gone Gone Gone|David Guetta, Teddy Swims & Tones And I|46032"
10/01/2026,58,Camera,Ed Sheeran,85,58,16,40,Camera|Ed Sheeran|46032
10/01/2026,59,Elizabeth Taylor,Taylor Swift,93,3,13,40,Elizabeth Taylor|Taylor Swift|46032
10/01/2026,60,I Ain't Coming Back,Morgan Wallen Featuring Post Malone,95,8,29,40,I Ain't Coming Back|Morgan Wallen Featuring Post Malone|46032
10/01/2026,61,Mr Recoup,21 Savage & Drake,67,51,3,39,Mr Recoup|21 Savage & Drake|46032
10/01/2026,62,Dracula,Tame Impala & JENNIE,84,30,14,38,Dracula|Tame Impala & JENNIE|46032
10/01/2026,63,Such A Funny Way,Sabrina Carpenter,-,63,1,38,Such A Funny Way|Sabrina Carpenter|46032
10/01/2026,64,Beautiful Things,Megan Moroney,-,64,5,38,Beautiful Things|Megan Moroney|46032
10/01/2026,65,Stay Country Or Die Tryin',Blake Shelton,-,65,1,38,Stay Country Or Die Tryin'|Blake Shelton|46032
10/01/2026,66,When Did You Get Hot?,Sabrina Carpenter,-,17,16,37,When Did You Get Hot?|Sabrina Carpenter|46032
10/01/2026,67,Phantom,EsDeeKid & Rico Ace,81,67,2,36,Phantom|EsDeeKid & Rico Ace|46032
10/01/2026,68,Darlin',Chase Matthew,-,52,14,35,Darlin'|Chase Matthew|46032
10/01/2026,69,Die On This Hill,Sienna Spiro,100,69,2,35,Die On This Hill|Sienna Spiro|46032
10/01/2026,70,Sugar On My Tongue,"Tyler, The Creator",98,41,24,34,"Sugar On My Tongue|Tyler, The Creator|46032"
10/01/2026,71,3am,Loe Shimmy & Don Toliver,96,71,7,33,3am|Loe Shimmy & Don Toliver|46032
10/01/2026,72,Father Figure,Taylor Swift,-,4,12,33,Father Figure|Taylor Swift|46032
10/01/2026,73,Wi$h Li$t,Taylor Swift,-,6,11,33,Wi$h Li$t|Taylor Swift|46032
10/01/2026,74,Nice To Each Other,Olivia Dean,-,74,10,32,Nice To Each Other|Olivia Dean|46032
10/01/2026,75,Dano,Peso Pluma & Tito Double P,-,75,1,31,Dano|Peso Pluma & Tito Double P|46032
10/01/2026,76,Ni Pedo,Peso Pluma & Tito Double P,-,76,1,31,Ni Pedo|Peso Pluma & Tito Double P|46032
10/01/2026,77,Zoo,Shakira,-,77,1,31,Zoo|Shakira|46032
10/01/2026,78,Let Alone The One You Love,Olivia Dean,-,78,5,31,Let Alone The One You Love|Olivia Dean|46032
10/01/2026,79,Bckpckbyz,Peso Pluma & Tito Double P,-,79,1,31,Bckpckbyz|Peso Pluma & Tito Double P|46032
10/01/2026,80,It Won't Be Long,George Birge,-,80,1,30,It Won't Be Long|George Birge|46032
10/01/2026,81,Bloodline,Alex Warren With Jelly Roll,-,32,14,30,Bloodline|Alex Warren With Jelly Roll|46032
10/01/2026,82,Gnarly,KATSEYE,-,82,12,30,Gnarly|KATSEYE|46032
10/01/2026,83,Brunette,Tucker Wetmore,-,83,1,30,Brunette|Tucker Wetmore|46032
10/01/2026,84,Heart Of Stone,Jelly Roll,-,53,14,29,Heart Of Stone|Jelly Roll|46032
10/01/2026,85,The Life Of A Showgirl,Taylor Swift Featuring Sabrina Carpenter,-,8,10,29,The Life Of A Showgirl|Taylor Swift Featuring Sabrina Carpenter|46032
10/01/2026,86,Leviticus,$uicideboy$,-,86,1,29,Leviticus|$uicideboy$|46032
10/01/2026,87,Sienna,The Marias,-,74,14,28,Sienna|The Marias|46032
10/01/2026,88,What You Is,YoungBoy Never Broke Again & Mellow Rackz,-,75,8,28,What You Is|YoungBoy Never Broke Again & Mellow Rackz|46032
10/01/2026,89,Who Knows,Daniel Caesar,-,89,1,28,Who Knows|Daniel Caesar|46032
10/01/2026,90,Amor,Emmanuel Cortes,-,90,3,27,Amor|Emmanuel Cortes|46032
10/01/2026,91,BOO,H3adband,-,91,1,27,BOO|H3adband|46032
10/01/2026,92,Safe,Cardi B Featuring Kehlani,-,26,11,27,Safe|Cardi B Featuring Kehlani|46032
10/01/2026,93,Turn The Lights Off,KATO Featuring Jon,99,82,3,27,Turn The Lights Off|KATO Featuring Jon|46032
10/01/2026,94,Fear,NF,-,35,3,27,Fear|NF|46032
10/01/2026,95,Ends Of The Earth,Ty Myers,-,94,2,27,Ends Of The Earth|Ty Myers|46032
10/01/2026,96,What An Awesome God,Phil Wickham,-,96,4,27,What An Awesome God|Phil Wickham|46032
10/01/2026,97,Nobody's Girl,Tate McRae,-,29,4,26,Nobody's Girl|Tate McRae|46032
10/01/2026,98,Bittersweet,Madison Beer,-,98,1,26,Bittersweet|Madison Beer|46032
10/01/2026,99,Baby Steps,Olivia Dean,-,99,1,26,Baby Steps|Olivia Dean|46032
10/01/2026,100,Voy A Llevarte Pa PR,Bad Bunny,-,17,14,25,Voy A Llevarte Pa PR|Bad Bunny|46032
03/01/2026,1,All I Want For Christmas Is You,Mariah Carey,1,1,79,551,All I Want For Christmas Is You|Mariah Carey|46025
03/01/2026,2,Rockin' Around The Christmas Tree,Brenda Lee,3,1,71,530,Rockin' Around The Christmas Tree|Brenda Lee|46025
03/01/2026,3,Jingle Bell Rock,Bobby Helms,2,2,68,528,Jingle Bell Rock|Bobby Helms|46025
03/01/2026,4,Last Christmas,Wham!,4,2,53,515,Last Christmas|Wham!|46025
03/01/2026,5,Santa Tell Me,Ariana Grande,5,5,36,395,Santa Tell Me|Ariana Grande|46025
03/01/2026,6,The Christmas Song (Merry Christmas To You),"Nat ""King"" Cole",6,6,56,365,"The Christmas Song (Merry Christmas To You)|Nat ""King"" Cole|46025"
03/01/2026,7,Let It Snow! Let It Snow! Let It Snow!,Dean Martin,8,7,42,356,Let It Snow! Let It Snow! Let It Snow!|Dean Martin|46025
03/01/2026,8,Underneath The Tree,Kelly Clarkson,7,7,39,342,Underneath The Tree|Kelly Clarkson|46025
03/01/2026,9,It's The Most Wonderful Time Of The Year,Andy Williams,9,5,52,339,It's The Most Wonderful Time Of The Year|Andy Williams|46025
03/01/2026,10,Sleigh Ride,The Ronettes,12,8,39,319,Sleigh Ride|The Ronettes|46025
03/01/2026,11,Feliz Navidad,Jose Feliciano,14,6,43,308,Feliz Navidad|Jose Feliciano|46025
03/01/2026,12,A Holly Jolly Christmas,Burl Ives,16,4,51,301,A Holly Jolly Christmas|Burl Ives|46025
03/01/2026,13,It's Beginning To Look A Lot Like Christmas,Michael Buble,13,12,31,300,It's Beginning To Look A Lot Like Christmas|Michael Buble|46025
03/01/2026,14,Christmas (Baby Please Come Home),Darlene Love,17,14,32,296,Christmas (Baby Please Come Home)|Darlene Love|46025
03/01/2026,15,Run Rudolph Run,Chuck Berry,19,10,31,263,Run Rudolph Run|Chuck Berry|46025
03/01/2026,16,White Christmas (1947),Bing Crosby With Ken Darby Singers & John Scott Trotter & His Orchestra,20,12,44,254,White Christmas (1947)|Bing Crosby With Ken Darby Singers & John Scott Trotter & His Orchestra|46025
03/01/2026,17,Jingle Bells,Frank Sinatra With The Orchestra & Chorus Of Gordon Jenkins,21,16,23,237,Jingle Bells|Frank Sinatra With The Orchestra & Chorus Of Gordon Jenkins|46025
03/01/2026,18,It's Beginning To Look A Lot Like Christmas,Perry Como And The Fontane Sisters With Mitchell Ayres And His Orchestra,23,12,32,236,It's Beginning To Look A Lot Like Christmas|Perry Como And The Fontane Sisters With Mitchell Ayres And His Orchestra|46025
03/01/2026,19,Santa Baby,Eartha Kitt With Henri Rene And His Orchestra,24,19,17,234,Santa Baby|Eartha Kitt With Henri Rene And His Orchestra|46025
03/01/2026,20,Deck The Halls,Nat King Cole,25,16,22,224,Deck The Halls|Nat King Cole|46025
03/01/2026,21,Blue Christmas,Elvis Presley,27,18,21,221,Blue Christmas|Elvis Presley|46025
03/01/2026,22,Here Comes Santa Claus (Right Down Santa Claus Lane),Gene Autry,28,21,29,213,Here Comes Santa Claus (Right Down Santa Claus Lane)|Gene Autry|46025
03/01/2026,23,Christmastime Is Here,Vince Guaraldi Trio,36,23,11,197,Christmastime Is Here|Vince Guaraldi Trio|46025
03/01/2026,24,Please Come Home For Christmas,Eagles,33,18,21,196,Please Come Home For Christmas|Eagles|46025
03/01/2026,25,Golden,"HUNTR/X: EJAE, Audrey Nuna & REI AMI",11,1,27,195,"Golden|HUNTR/X: EJAE, Audrey Nuna & REI AMI|46025"
03/01/2026,26,Wonderful Christmastime,Paul McCartney,32,26,20,195,Wonderful Christmastime|Paul McCartney|46025
03/01/2026,27,Like It's Christmas,Jonas Brothers,29,27,13,194,Like It's Christmas|Jonas Brothers|46025
03/01/2026,28,The Fate Of Ophelia,Taylor Swift,10,1,12,190,The Fate Of Ophelia|Taylor Swift|46025
03/01/2026,29,Mistletoe,Justin Bieber,43,11,18,189,Mistletoe|Justin Bieber|46025
03/01/2026,30,Rudolph The Red-Nosed Reindeer,Gene Autry & The Pinafores,35,16,33,188,Rudolph The Red-Nosed Reindeer|Gene Autry & The Pinafores|46025
03/01/2026,31,"Santa, Can't You Hear Me",Kelly Clarkson & Ariana Grande,38,31,8,182,"Santa, Can't You Hear Me|Kelly Clarkson & Ariana Grande|46025"
03/01/2026,32,Little Saint Nick,The Beach Boys,41,25,15,179,Little Saint Nick|The Beach Boys|46025
03/01/2026,33,Holly Jolly Christmas,Michael Buble,40,33,5,175,Holly Jolly Christmas|Michael Buble|46025
03/01/2026,34,"You're A Mean One, Mr. Grinch",Thurl Ravenscroft,39,31,17,171,"You're A Mean One, Mr. Grinch|Thurl Ravenscroft|46025"
03/01/2026,35,Baby It's Cold Outside,Dean Martin,45,35,6,165,Baby It's Cold Outside|Dean Martin|46025
03/01/2026,36,Man I Need,Olivia Dean,18,4,18,164,Man I Need|Olivia Dean|46025
03/01/2026,37,Merry Christmas,Ed Sheeran & Elton John,42,37,12,161,Merry Christmas|Ed Sheeran & Elton John|46025
03/01/2026,38,(There's No Place Like) Home For The Holidays (1959),Perry Como With Mitchell Ayers And His Orchestra,46,22,16,160,(There's No Place Like) Home For The Holidays (1959)|Perry Como With Mitchell Ayers And His Orchestra|46025
03/01/2026,39,This Christmas,Donny Hathaway,47,34,10,151,This Christmas|Donny Hathaway|46025
03/01/2026,40,Winter Wonderland,Darlene Love,50,40,5,150,Winter Wonderland|Darlene Love|46025
03/01/2026,41,Snowman,Sia,-,41,2,149,Snowman|Sia|46025
03/01/2026,42,Happy Holiday / The Holiday Season,Andy Williams,49,18,24,149,Happy Holiday / The Holiday Season|Andy Williams|46025
03/01/2026,43,Santa Claus Is Comin' To Town,Jackson 5,48,30,15,148,Santa Claus Is Comin' To Town|Jackson 5|46025
03/01/2026,44,I Saw Mommy Kissing Santa Claus,Jackson 5,-,43,2,141,I Saw Mommy Kissing Santa Claus|Jackson 5|46025
03/01/2026,45,Happy Xmas (War Is Over),John & Yoko/The Plastic Ono Band With The Harlem Community Choir,-,38,7,140,Happy Xmas (War Is Over)|John & Yoko/The Plastic Ono Band With The Harlem Community Choir|46025
03/01/2026,46,You Make It Feel Like Christmas,Gwen Stefani Featuring Blake Shelton,-,46,2,138,You Make It Feel Like Christmas|Gwen Stefani Featuring Blake Shelton|46025
03/01/2026,47,Linus And Lucy (Peanuts Theme),Vince Guaraldi Trio,-,37,4,137,Linus And Lucy (Peanuts Theme)|Vince Guaraldi Trio|46025
03/01/2026,48,Choosin' Texas,Ella Langley,26,11,10,136,Choosin' Texas|Ella Langley|46025
03/01/2026,49,Mele Kalikimaka (Merry Christmas),Bing Crosby & The Andrews Sisters,-,36,2,136,Mele Kalikimaka (Merry Christmas)|Bing Crosby & The Andrews Sisters|46025
03/01/2026,50,I'll Be Home For Christmas,Bing Crosby With John Scott Trotter And His Orchestra,-,50,2,135,I'll Be Home For Christmas|Bing Crosby With John Scott Trotter And His Orchestra|46025
03/01/2026,51,Folded,Kehlani,34,7,28,125,Folded|Kehlani|46025
03/01/2026,52,Back To Friends,sombr,30,10,39,118,Back To Friends|sombr|46025
03/01/2026,53,FDO,Pooh Shiesty,22,22,2,117,FDO|Pooh Shiesty|46025
03/01/2026,54,Opalite,Taylor Swift,37,2,12,108,Opalite|Taylor Swift|46025
03/01/2026,55,Shake The Snow Globe,Gwen Stefani,71,55,4,106,Shake The Snow Globe|Gwen Stefani|46025
03/01/2026,56,Where Is My Husband!,RAYE,53,37,13,73,Where Is My Husband!|RAYE|46025
03/01/2026,57,So Easy (To Fall In Love),Olivia Dean,54,18,13,71,So Easy (To Fall In Love)|Olivia Dean|46025
03/01/2026,58,Tit For Tat,Tate McRae,56,3,13,67,Tit For Tat|Tate McRae|46025
03/01/2026,59,wgft,Gunna Featuring Burna Boy,57,40,20,66,wgft|Gunna Featuring Burna Boy|46025
03/01/2026,60,20 Cigarettes,Morgan Wallen,58,20,31,66,20 Cigarettes|Morgan Wallen|46025
03/01/2026,61,Is It A Crime,Mariah The Scientist & Kali Uchis,59,45,20,62,Is It A Crime|Mariah The Scientist & Kali Uchis|46025
03/01/2026,62,Don't Mind If I Do,Riley Green Featuring Ella Langley,55,32,21,62,Don't Mind If I Do|Riley Green Featuring Ella Langley|46025
03/01/2026,63,Gabriela,KATSEYE,60,31,23,62,Gabriela|KATSEYE|46025
03/01/2026,64,4 Raws,EsDeeKid,95,64,2,61,4 Raws|EsDeeKid|46025
03/01/2026,65,Yukon,Justin Bieber,62,17,24,56,Yukon|Justin Bieber|46025
03/01/2026,66,Hell At Night,BigXthaPlug Featuring Ella Langley,64,35,20,54,Hell At Night|BigXthaPlug Featuring Ella Langley|46025
03/01/2026,67,Mr Recoup,21 Savage & Drake,51,51,2,53,Mr Recoup|21 Savage & Drake|46025
03/01/2026,68,A Couple Minutes,Olivia Dean,69,55,9,50,A Couple Minutes|Olivia Dean|46025
03/01/2026,69,Happen To Me,Russell Dickerson,63,28,36,50,Happen To Me|Russell Dickerson|46025
03/01/2026,70,House Again,Hudson Westbrook,66,47,36,48,House Again|Hudson Westbrook|46025
03/01/2026,71,Tears,Sabrina Carpenter,67,3,17,48,Tears|Sabrina Carpenter|46025
03/01/2026,72,I Thought I Saw Your Face Today,She & Him,74,72,3,48,I Thought I Saw Your Face Today|She & Him|46025
03/01/2026,73,6 Months Later,Megan Moroney,65,30,27,48,6 Months Later|Megan Moroney|46025
03/01/2026,74,Better Me For You (Brown Eyes),Max McNown,68,50,28,48,Better Me For You (Brown Eyes)|Max McNown|46025
03/01/2026,75,Shot Callin,YoungBoy Never Broke Again,72,43,15,47,Shot Callin|YoungBoy Never Broke Again|46025
03/01/2026,76,The Fall,Cody Johnson,70,68,13,47,The Fall|Cody Johnson|46025
03/01/2026,77,Take Me Thru Dere,"Metro Boomin, Quavo, Breskii & YKNIECE",81,69,13,43,"Take Me Thru Dere|Metro Boomin, Quavo, Breskii & YKNIECE|46025"
03/01/2026,78,ErrTime,Cardi B,83,43,13,42,ErrTime|Cardi B|46025
03/01/2026,79,Amen,Shaboozey & Jelly Roll,73,56,33,42,Amen|Shaboozey & Jelly Roll|46025
03/01/2026,80,Favorite Country Song,HARDY,76,76,9,41,Favorite Country Song|HARDY|46025
03/01/2026,81,Phantom,EsDeeKid & Rico Ace,-,81,1,40,Phantom|EsDeeKid & Rico Ace|46025
03/01/2026,82,Chanel,Tyla,94,82,2,40,Chanel|Tyla|46025
03/01/2026,83,12 To 12,sombr,79,41,19,40,12 To 12|sombr|46025
03/01/2026,84,Dracula,Tame Impala & JENNIE,78,30,13,39,Dracula|Tame Impala & JENNIE|46025
03/01/2026,85,Camera,Ed Sheeran,88,58,15,38,Camera|Ed Sheeran|46025
03/01/2026,86,How Far Does A Goodbye Go,Jason Aldean,80,80,11,38,How Far Does A Goodbye Go|Jason Aldean|46025
03/01/2026,87,Days Like These,Luke Combs,87,79,9,38,Days Like These|Luke Combs|46025
03/01/2026,88,The Christmas Song,Olivia Dean,-,88,1,38,The Christmas Song|Olivia Dean|46025
03/01/2026,89,Last One To Know,Gavin Adcock,90,54,19,38,Last One To Know|Gavin Adcock|46025
03/01/2026,90,Cowgirl,Parmalee,84,84,4,37,Cowgirl|Parmalee|46025
03/01/2026,91,Eternity,Alex Warren,75,16,17,37,Eternity|Alex Warren|46025
03/01/2026,92,Gone Gone Gone,"David Guetta, Teddy Swims & Tones And I",92,91,4,36,"Gone Gone Gone|David Guetta, Teddy Swims & Tones And I|46025"
03/01/2026,93,Elizabeth Taylor,Taylor Swift,85,3,12,36,Elizabeth Taylor|Taylor Swift|46025
03/01/2026,94,It Feels Like Christmas,Fall Out Boy,-,94,1,36,It Feels Like Christmas|Fall Out Boy|46025
03/01/2026,95,I Ain't Coming Back,Morgan Wallen Featuring Post Malone,100,8,28,35,I Ain't Coming Back|Morgan Wallen Featuring Post Malone|46025
03/01/2026,96,3am,Loe Shimmy & Don Toliver,98,96,6,35,3am|Loe Shimmy & Don Toliver|46025
03/01/2026,97,Travelin' Soldier,Cody Johnson,91,12,7,35,Travelin' Soldier|Cody Johnson|46025
03/01/2026,98,Sugar On My Tongue,"Tyler, The Creator",96,41,23,34,"Sugar On My Tongue|Tyler, The Creator|46025"
03/01/2026,99,Turn The Lights Off,KATO Featuring Jon,82,82,2,34,Turn The Lights Off|KATO Featuring Jon|46025
03/01/2026,100,Die On This Hill,Sienna Spiro,-,100,1,34,Die On This Hill|Sienna Spiro|46025
27/12/2025,1,All I Want For Christmas Is You,Mariah Carey,1,1,78,336,All I Want For Christmas Is You|Mariah Carey|46018
27/12/2025,2,Jingle Bell Rock,Bobby Helms,4,2,67,315,Jingle Bell Rock|Bobby Helms|46018
27/12/2025,3,Rockin' Around The Christmas Tree,Brenda Lee,2,1,70,314,Rockin' Around The Christmas Tree|Brenda Lee|46018
27/12/2025,4,Last Christmas,Wham!,3,2,52,303,Last Christmas|Wham!|46018
27/12/2025,5,Santa Tell Me,Ariana Grande,5,5,35,247,Santa Tell Me|Ariana Grande|46018
27/12/2025,6,The Christmas Song (Merry Christmas To You),"Nat ""King"" Cole",8,6,55,211,"The Christmas Song (Merry Christmas To You)|Nat ""King"" Cole|46018"
27/12/2025,7,Underneath The Tree,Kelly Clarkson,9,7,38,209,Underneath The Tree|Kelly Clarkson|46018
27/12/2025,8,Let It Snow! Let It Snow! Let It Snow!,Dean Martin,11,7,41,206,Let It Snow! Let It Snow! Let It Snow!|Dean Martin|46018
27/12/2025,9,It's The Most Wonderful Time Of The Year,Andy Williams,10,5,51,203,It's The Most Wonderful Time Of The Year|Andy Williams|46018
27/12/2025,10,The Fate Of Ophelia,Taylor Swift,7,1,11,198,The Fate Of Ophelia|Taylor Swift|46018
27/12/2025,11,Golden,"HUNTR/X: EJAE, Audrey Nuna & REI AMI",6,1,26,198,"Golden|HUNTR/X: EJAE, Audrey Nuna & REI AMI|46018"
27/12/2025,12,Sleigh Ride,The Ronettes,14,8,38,196,Sleigh Ride|The Ronettes|46018
27/12/2025,13,It's Beginning To Look A Lot Like Christmas,Michael Buble,13,12,30,191,It's Beginning To Look A Lot Like Christmas|Michael Buble|46018
27/12/2025,14,Feliz Navidad,Jose Feliciano,16,6,42,187,Feliz Navidad|Jose Feliciano|46018
27/12/2025,15,Ordinary,Alex Warren,12,1,45,181,Ordinary|Alex Warren|46018
27/12/2025,16,A Holly Jolly Christmas,Burl Ives,15,4,50,181,A Holly Jolly Christmas|Burl Ives|46018
27/12/2025,17,Christmas (Baby Please Come Home),Darlene Love,18,15,31,170,Christmas (Baby Please Come Home)|Darlene Love|46018
27/12/2025,18,Man I Need,Olivia Dean,17,4,17,161,Man I Need|Olivia Dean|46018
27/12/2025,19,Run Rudolph Run,Chuck Berry,21,10,30,152,Run Rudolph Run|Chuck Berry|46018
27/12/2025,20,White Christmas (1947),Bing Crosby With Ken Darby Singers & John Scott Trotter & His Orchestra,19,12,43,150,White Christmas (1947)|Bing Crosby With Ken Darby Singers & John Scott Trotter & His Orchestra|46018
27/12/2025,21,Jingle Bells,Frank Sinatra With The Orchestra & Chorus Of Gordon Jenkins,20,16,22,149,Jingle Bells|Frank Sinatra With The Orchestra & Chorus Of Gordon Jenkins|46018
27/12/2025,22,FDO,Pooh Shiesty,-,22,1,143,FDO|Pooh Shiesty|46018
27/12/2025,23,It's Beginning To Look A Lot Like Christmas,Perry Como And The Fontane Sisters With Mitchell Ayres And His Orchestra,22,12,31,142,It's Beginning To Look A Lot Like Christmas|Perry Como And The Fontane Sisters With Mitchell Ayres And His Orchestra|46018
27/12/2025,24,Santa Baby,Eartha Kitt With Henri Rene And His Orchestra,27,20,16,139,Santa Baby|Eartha Kitt With Henri Rene And His Orchestra|46018
27/12/2025,25,Deck The Halls,Nat King Cole,23,16,21,134,Deck The Halls|Nat King Cole|46018
27/12/2025,26,Choosin' Texas,Ella Langley,25,11,9,129,Choosin' Texas|Ella Langley|46018
27/12/2025,27,Blue Christmas,Elvis Presley,29,18,20,128,Blue Christmas|Elvis Presley|46018
27/12/2025,28,Here Comes Santa Claus (Right Down Santa Claus Lane),Gene Autry,28,21,28,126,Here Comes Santa Claus (Right Down Santa Claus Lane)|Gene Autry|46018
27/12/2025,29,Like It's Christmas,Jonas Brothers,32,29,12,123,Like It's Christmas|Jonas Brothers|46018
27/12/2025,30,Back To Friends,sombr,26,10,38,118,Back To Friends|sombr|46018
27/12/2025,31,Mutt,Leon Thomas,24,6,46,116,Mutt|Leon Thomas|46018
27/12/2025,32,Wonderful Christmastime,Paul McCartney,33,26,19,112,Wonderful Christmastime|Paul McCartney|46018
27/12/2025,33,Please Come Home For Christmas,Eagles,34,18,20,112,Please Come Home For Christmas|Eagles|46018
27/12/2025,34,Folded,Kehlani,30,7,27,112,Folded|Kehlani|46018
27/12/2025,35,Rudolph The Red-Nosed Reindeer,Gene Autry & The Pinafores,35,16,32,111,Rudolph The Red-Nosed Reindeer|Gene Autry & The Pinafores|46018
27/12/2025,36,Christmastime Is Here,Vince Guaraldi Trio,37,31,10,107,Christmastime Is Here|Vince Guaraldi Trio|46018
27/12/2025,37,Opalite,Taylor Swift,31,2,11,106,Opalite|Taylor Swift|46018
27/12/2025,38,"Santa, Can't You Hear Me",Kelly Clarkson & Ariana Grande,40,38,7,102,"Santa, Can't You Hear Me|Kelly Clarkson & Ariana Grande|46018"
27/12/2025,39,"You're A Mean One, Mr. Grinch",Thurl Ravenscroft,39,31,16,102,"You're A Mean One, Mr. Grinch|Thurl Ravenscroft|46018"
27/12/2025,40,Holly Jolly Christmas,Michael Buble,38,36,4,100,Holly Jolly Christmas|Michael Buble|46018
27/12/2025,41,Little Saint Nick,The Beach Boys,41,25,14,99,Little Saint Nick|The Beach Boys|46018
27/12/2025,42,Merry Christmas,Ed Sheeran & Elton John,44,38,11,97,Merry Christmas|Ed Sheeran & Elton John|46018
27/12/2025,43,Mistletoe,Justin Bieber,43,11,17,96,Mistletoe|Justin Bieber|46018
27/12/2025,44,Daisies,Justin Bieber,36,2,23,93,Daisies|Justin Bieber|46018
27/12/2025,45,Baby It's Cold Outside,Dean Martin,48,36,5,93,Baby It's Cold Outside|Dean Martin|46018
27/12/2025,46,(There's No Place Like) Home For The Holidays (1959),Perry Como With Mitchell Ayers And His Orchestra,42,22,15,93,(There's No Place Like) Home For The Holidays (1959)|Perry Como With Mitchell Ayers And His Orchestra|46018
27/12/2025,47,This Christmas,Donny Hathaway,45,34,9,91,This Christmas|Donny Hathaway|46018
27/12/2025,48,Santa Claus Is Comin' To Town,Jackson 5,47,30,14,91,Santa Claus Is Comin' To Town|Jackson 5|46018
27/12/2025,49,Happy Holiday / The Holiday Season,Andy Williams,46,18,23,91,Happy Holiday / The Holiday Season|Andy Williams|46018
27/12/2025,50,Winter Wonderland,Darlene Love,49,48,4,91,Winter Wonderland|Darlene Love|46018
27/12/2025,51,Mr Recoup,21 Savage & Drake,-,51,1,80,Mr Recoup|21 Savage & Drake|46018
27/12/2025,52,It Depends,Chris Brown Featuring Bryson Tiller,51,16,21,77,It Depends|Chris Brown Featuring Bryson Tiller|46018
27/12/2025,53,Where Is My Husband!,RAYE,55,37,12,71,Where Is My Husband!|RAYE|46018
27/12/2025,54,So Easy (To Fall In Love),Olivia Dean,54,18,12,69,So Easy (To Fall In Love)|Olivia Dean|46018
27/12/2025,55,Don't Mind If I Do,Riley Green Featuring Ella Langley,52,32,20,69,Don't Mind If I Do|Riley Green Featuring Ella Langley|46018
27/12/2025,56,Tit For Tat,Tate McRae,53,3,12,67,Tit For Tat|Tate McRae|46018
27/12/2025,57,wgft,Gunna Featuring Burna Boy,56,40,19,64,wgft|Gunna Featuring Burna Boy|46018
27/12/2025,58,20 Cigarettes,Morgan Wallen,57,20,30,62,20 Cigarettes|Morgan Wallen|46018
27/12/2025,59,Is It A Crime,Mariah The Scientist & Kali Uchis,58,45,19,62,Is It A Crime|Mariah The Scientist & Kali Uchis|46018
27/12/2025,60,Gabriela,KATSEYE,60,31,22,59,Gabriela|KATSEYE|46018
27/12/2025,61,Nice To Meet You,Myles Smith,61,54,28,59,Nice To Meet You|Myles Smith|46018
27/12/2025,62,Yukon,Justin Bieber,63,17,23,54,Yukon|Justin Bieber|46018
27/12/2025,63,Happen To Me,Russell Dickerson,62,28,35,54,Happen To Me|Russell Dickerson|46018
27/12/2025,64,Hell At Night,BigXthaPlug Featuring Ella Langley,64,35,19,52,Hell At Night|BigXthaPlug Featuring Ella Langley|46018
27/12/2025,65,6 Months Later,Megan Moroney,66,30,26,52,6 Months Later|Megan Moroney|46018
27/12/2025,66,House Again,Hudson Westbrook,65,47,35,51,House Again|Hudson Westbrook|46018
27/12/2025,67,Tears,Sabrina Carpenter,59,3,16,51,Tears|Sabrina Carpenter|46018
27/12/2025,68,Better Me For You (Brown Eyes),Max McNown,67,50,27,51,Better Me For You (Brown Eyes)|Max McNown|46018
27/12/2025,69,A Couple Minutes,Olivia Dean,69,55,8,51,A Couple Minutes|Olivia Dean|46018
27/12/2025,70,The Fall,Cody Johnson,68,68,12,50,The Fall|Cody Johnson|46018
27/12/2025,71,Shake The Snow Globe,Gwen Stefani,74,71,3,45,Shake The Snow Globe|Gwen Stefani|46018
27/12/2025,72,Shot Callin,YoungBoy Never Broke Again,70,43,14,45,Shot Callin|YoungBoy Never Broke Again|46018
27/12/2025,73,Amen,Shaboozey & Jelly Roll,75,56,32,45,Amen|Shaboozey & Jelly Roll|46018
27/12/2025,74,I Thought I Saw Your Face Today,She & Him,99,74,2,44,I Thought I Saw Your Face Today|She & Him|46018
27/12/2025,75,Eternity,Alex Warren,79,16,16,44,Eternity|Alex Warren|46018
27/12/2025,76,Favorite Country Song,HARDY,80,76,8,43,Favorite Country Song|HARDY|46018
27/12/2025,77,HA,21 Savage,-,77,1,41,HA|21 Savage|46018
27/12/2025,78,Dracula,Tame Impala & JENNIE,72,30,12,41,Dracula|Tame Impala & JENNIE|46018
27/12/2025,79,12 To 12,sombr,76,41,18,41,12 To 12|sombr|46018
27/12/2025,80,How Far Does A Goodbye Go,Jason Aldean,84,80,10,41,How Far Does A Goodbye Go|Jason Aldean|46018
27/12/2025,81,Take Me Thru Dere,"Metro Boomin, Quavo, Breskii & YKNIECE",73,69,12,41,"Take Me Thru Dere|Metro Boomin, Quavo, Breskii & YKNIECE|46018"
27/12/2025,82,Turn The Lights Off,KATO Featuring Jon,-,82,1,40,Turn The Lights Off|KATO Featuring Jon|46018
27/12/2025,83,ErrTime,Cardi B,83,43,12,39,ErrTime|Cardi B|46018
27/12/2025,84,Cowgirl,Parmalee,85,84,3,39,Cowgirl|Parmalee|46018
27/12/2025,85,Elizabeth Taylor,Taylor Swift,77,3,11,38,Elizabeth Taylor|Taylor Swift|46018
27/12/2025,86,Where You From,21 Savage,-,86,1,37,Where You From|21 Savage|46018
27/12/2025,87,Days Like These,Luke Combs,86,79,8,37,Days Like These|Luke Combs|46018
27/12/2025,88,Camera,Ed Sheeran,87,58,14,37,Camera|Ed Sheeran|46018
27/12/2025,89,Stepbrothers,21 Savage & Young Nudy,-,89,1,37,Stepbrothers|21 Savage & Young Nudy|46018
27/12/2025,90,Last One To Know,Gavin Adcock,81,54,18,37,Last One To Know|Gavin Adcock|46018
27/12/2025,91,Travelin' Soldier,Cody Johnson,78,12,6,36,Travelin' Soldier|Cody Johnson|46018
27/12/2025,92,Gone Gone Gone,"David Guetta, Teddy Swims & Tones And I",91,91,3,36,"Gone Gone Gone|David Guetta, Teddy Swims & Tones And I|46018"
27/12/2025,93,Dog $hit,21 Savage & GloRilla,-,93,1,35,Dog $hit|21 Savage & GloRilla|46018
27/12/2025,94,Chanel,Tyla,-,94,1,35,Chanel|Tyla|46018
27/12/2025,95,4 Raws,EsDeeKid,-,95,1,34,4 Raws|EsDeeKid|46018
27/12/2025,96,Sugar On My Tongue,"Tyler, The Creator",82,41,22,34,"Sugar On My Tongue|Tyler, The Creator|46018"
27/12/2025,97,Father Figure,Taylor Swift,88,4,11,34,Father Figure|Taylor Swift|46018
27/12/2025,98,3am,Loe Shimmy & Don Toliver,98,98,5,34,3am|Loe Shimmy & Don Toliver|46018
27/12/2025,99,Darlin',Chase Matthew,89,52,13,34,Darlin'|Chase Matthew|46018
27/12/2025,100,I Ain't Coming Back,Morgan Wallen Featuring Post Malone,94,8,27,33,I Ain't Coming Back|Morgan Wallen Featuring Post Malone|46018
20/12/2025,1,All I Want For Christmas Is You,Mariah Carey,1,1,77,302,All I Want For Christmas Is You|Mariah Carey|46011
20/12/2025,2,Rockin' Around The Christmas Tree,Brenda Lee,3,1,69,290,Rockin' Around The Christmas Tree|Brenda Lee|46011
20/12/2025,3,Last Christmas,Wham!,2,2,51,289,Last Christmas|Wham!|46011
20/12/2025,4,Jingle Bell Rock,Bobby Helms,4,3,66,289,Jingle Bell Rock|Bobby Helms|46011
20/12/2025,5,Santa Tell Me,Ariana Grande,8,5,34,216,Santa Tell Me|Ariana Grande|46011
20/12/2025,6,Golden,"HUNTR/X: EJAE, Audrey Nuna & REI AMI",5,1,25,210,"Golden|HUNTR/X: EJAE, Audrey Nuna & REI AMI|46011"
20/12/2025,7,The Fate Of Ophelia,Taylor Swift,6,1,10,209,The Fate Of Ophelia|Taylor Swift|46011
20/12/2025,8,The Christmas Song (Merry Christmas To You),"Nat ""King"" Cole",9,8,54,200,"The Christmas Song (Merry Christmas To You)|Nat ""King"" Cole|46011"
20/12/2025,9,Underneath The Tree,Kelly Clarkson,11,9,37,195,Underneath The Tree|Kelly Clarkson|46011
20/12/2025,10,It's The Most Wonderful Time Of The Year,Andy Williams,10,5,50,192,It's The Most Wonderful Time Of The Year|Andy Williams|46011
20/12/2025,11,Let It Snow! Let It Snow! Let It Snow!,Dean Martin,13,7,40,190,Let It Snow! Let It Snow! Let It Snow!|Dean Martin|46011
20/12/2025,12,Ordinary,Alex Warren,7,1,44,184,Ordinary|Alex Warren|46011
20/12/2025,13,It's Beginning To Look A Lot Like Christmas,Michael Buble,14,12,29,177,It's Beginning To Look A Lot Like Christmas|Michael Buble|46011
20/12/2025,14,Sleigh Ride,The Ronettes,15,8,37,177,Sleigh Ride|The Ronettes|46011
20/12/2025,15,A Holly Jolly Christmas,Burl Ives,16,4,49,172,A Holly Jolly Christmas|Burl Ives|46011
20/12/2025,16,Feliz Navidad,Jose Feliciano,17,6,41,171,Feliz Navidad|Jose Feliciano|46011
20/12/2025,17,Man I Need,Olivia Dean,12,4,16,169,Man I Need|Olivia Dean|46011
20/12/2025,18,Christmas (Baby Please Come Home),Darlene Love,18,15,30,159,Christmas (Baby Please Come Home)|Darlene Love|46011
20/12/2025,19,White Christmas (1947),Bing Crosby With Ken Darby Singers & John Scott Trotter & His Orchestra,19,12,42,147,White Christmas (1947)|Bing Crosby With Ken Darby Singers & John Scott Trotter & His Orchestra|46011
20/12/2025,20,Jingle Bells,Frank Sinatra With The Orchestra & Chorus Of Gordon Jenkins,21,16,21,136,Jingle Bells|Frank Sinatra With The Orchestra & Chorus Of Gordon Jenkins|46011
20/12/2025,21,Run Rudolph Run,Chuck Berry,22,10,29,135,Run Rudolph Run|Chuck Berry|46011
20/12/2025,22,It's Beginning To Look A Lot Like Christmas,Perry Como And The Fontane Sisters With Mitchell Ayres And His Orchestra,24,12,30,132,It's Beginning To Look A Lot Like Christmas|Perry Como And The Fontane Sisters With Mitchell Ayres And His Orchestra|46011
20/12/2025,23,Deck The Halls,Nat King Cole,29,16,20,125,Deck The Halls|Nat King Cole|46011
20/12/2025,24,Mutt,Leon Thomas,20,6,45,125,Mutt|Leon Thomas|46011
20/12/2025,25,Choosin' Texas,Ella Langley,27,11,8,124,Choosin' Texas|Ella Langley|46011
20/12/2025,26,Back To Friends,sombr,23,10,37,123,Back To Friends|sombr|46011
20/12/2025,27,Santa Baby,Eartha Kitt With Henri Rene And His Orchestra,30,20,15,123,Santa Baby|Eartha Kitt With Henri Rene And His Orchestra|46011
20/12/2025,28,Here Comes Santa Claus (Right Down Santa Claus Lane),Gene Autry,32,21,27,121,Here Comes Santa Claus (Right Down Santa Claus Lane)|Gene Autry|46011
20/12/2025,29,Blue Christmas,Elvis Presley,31,18,19,120,Blue Christmas|Elvis Presley|46011
20/12/2025,30,Folded,Kehlani,26,7,26,115,Folded|Kehlani|46011
20/12/2025,31,Opalite,Taylor Swift,25,2,10,112,Opalite|Taylor Swift|46011
20/12/2025,32,Like It's Christmas,Jonas Brothers,35,32,11,107,Like It's Christmas|Jonas Brothers|46011
20/12/2025,33,Wonderful Christmastime,Paul McCartney,33,26,18,106,Wonderful Christmastime|Paul McCartney|46011
20/12/2025,34,Please Come Home For Christmas,Eagles,34,18,19,106,Please Come Home For Christmas|Eagles|46011
20/12/2025,35,Rudolph The Red-Nosed Reindeer,Gene Autry & The Pinafores,37,16,31,103,Rudolph The Red-Nosed Reindeer|Gene Autry & The Pinafores|46011
20/12/2025,36,Daisies,Justin Bieber,28,2,22,102,Daisies|Justin Bieber|46011
20/12/2025,37,Christmastime Is Here,Vince Guaraldi Trio,38,31,9,100,Christmastime Is Here|Vince Guaraldi Trio|46011
20/12/2025,38,Holly Jolly Christmas,Michael Buble,36,36,3,97,Holly Jolly Christmas|Michael Buble|46011
20/12/2025,39,"You're A Mean One, Mr. Grinch",Thurl Ravenscroft,41,31,15,95,"You're A Mean One, Mr. Grinch|Thurl Ravenscroft|46011"
20/12/2025,40,"Santa, Can't You Hear Me",Kelly Clarkson & Ariana Grande,40,40,6,95,"Santa, Can't You Hear Me|Kelly Clarkson & Ariana Grande|46011"
20/12/2025,41,Little Saint Nick,The Beach Boys,39,25,13,94,Little Saint Nick|The Beach Boys|46011
20/12/2025,42,(There's No Place Like) Home For The Holidays (1959),Perry Como With Mitchell Ayers And His Orchestra,-,22,14,89,(There's No Place Like) Home For The Holidays (1959)|Perry Como With Mitchell Ayers And His Orchestra|46011
20/12/2025,43,Mistletoe,Justin Bieber,44,11,16,89,Mistletoe|Justin Bieber|46011
20/12/2025,44,Merry Christmas,Ed Sheeran & Elton John,43,38,10,88,Merry Christmas|Ed Sheeran & Elton John|46011
20/12/2025,45,This Christmas,Donny Hathaway,50,34,8,85,This Christmas|Donny Hathaway|46011
20/12/2025,46,Happy Holiday / The Holiday Season,Andy Williams,-,18,22,85,Happy Holiday / The Holiday Season|Andy Williams|46011
20/12/2025,47,Santa Claus Is Comin' To Town,Jackson 5,46,30,13,84,Santa Claus Is Comin' To Town|Jackson 5|46011
20/12/2025,48,Baby It's Cold Outside,Dean Martin,48,36,4,84,Baby It's Cold Outside|Dean Martin|46011
20/12/2025,49,Winter Wonderland,Darlene Love,49,48,3,84,Winter Wonderland|Darlene Love|46011
20/12/2025,50,Linus And Lucy (Peanuts Theme),Vince Guaraldi Trio,-,37,3,83,Linus And Lucy (Peanuts Theme)|Vince Guaraldi Trio|46011
20/12/2025,51,It Depends,Chris Brown Featuring Bryson Tiller,42,16,20,78,It Depends|Chris Brown Featuring Bryson Tiller|46011
20/12/2025,52,Don't Mind If I Do,Riley Green Featuring Ella Langley,52,32,19,74,Don't Mind If I Do|Riley Green Featuring Ella Langley|46011
20/12/2025,53,Tit For Tat,Tate McRae,45,3,11,73,Tit For Tat|Tate McRae|46011
20/12/2025,54,So Easy (To Fall In Love),Olivia Dean,47,18,11,72,So Easy (To Fall In Love)|Olivia Dean|46011
20/12/2025,55,Where Is My Husband!,RAYE,53,37,11,70,Where Is My Husband!|RAYE|46011
20/12/2025,56,wgft,Gunna Featuring Burna Boy,54,40,18,67,wgft|Gunna Featuring Burna Boy|46011
20/12/2025,57,20 Cigarettes,Morgan Wallen,57,20,29,64,20 Cigarettes|Morgan Wallen|46011
20/12/2025,58,Is It A Crime,Mariah The Scientist & Kali Uchis,60,45,18,63,Is It A Crime|Mariah The Scientist & Kali Uchis|46011
20/12/2025,59,Tears,Sabrina Carpenter,51,3,15,63,Tears|Sabrina Carpenter|46011
20/12/2025,60,Gabriela,KATSEYE,55,31,21,63,Gabriela|KATSEYE|46011
20/12/2025,61,Nice To Meet You,Myles Smith,58,54,27,60,Nice To Meet You|Myles Smith|46011
20/12/2025,62,Happen To Me,Russell Dickerson,56,28,34,57,Happen To Me|Russell Dickerson|46011
20/12/2025,63,Yukon,Justin Bieber,61,17,22,57,Yukon|Justin Bieber|46011
20/12/2025,64,Hell At Night,BigXthaPlug Featuring Ella Langley,62,35,18,55,Hell At Night|BigXthaPlug Featuring Ella Langley|46011
20/12/2025,65,House Again,Hudson Westbrook,63,47,34,53,House Again|Hudson Westbrook|46011
20/12/2025,66,6 Months Later,Megan Moroney,59,30,25,53,6 Months Later|Megan Moroney|46011
20/12/2025,67,Better Me For You (Brown Eyes),Max McNown,64,50,26,51,Better Me For You (Brown Eyes)|Max McNown|46011
20/12/2025,68,The Fall,Cody Johnson,72,68,11,50,The Fall|Cody Johnson|46011
20/12/2025,69,A Couple Minutes,Olivia Dean,65,55,7,50,A Couple Minutes|Olivia Dean|46011
20/12/2025,70,Shot Callin,YoungBoy Never Broke Again,67,43,13,47,Shot Callin|YoungBoy Never Broke Again|46011
20/12/2025,71,Let's Do It,"Lil Baby, Playboi Carti & Skooly",-,71,1,46,"Let's Do It|Lil Baby, Playboi Carti & Skooly|46011"
20/12/2025,72,Dracula,Tame Impala & JENNIE,70,30,11,45,Dracula|Tame Impala & JENNIE|46011
20/12/2025,73,Take Me Thru Dere,"Metro Boomin, Quavo, Breskii & YKNIECE",71,69,11,45,"Take Me Thru Dere|Metro Boomin, Quavo, Breskii & YKNIECE|46011"
20/12/2025,74,Shake The Snow Globe,Gwen Stefani,86,74,2,44,Shake The Snow Globe|Gwen Stefani|46011
20/12/2025,75,Amen,Shaboozey & Jelly Roll,77,56,31,43,Amen|Shaboozey & Jelly Roll|46011
20/12/2025,76,12 To 12,sombr,75,41,17,43,12 To 12|sombr|46011
20/12/2025,77,Elizabeth Taylor,Taylor Swift,68,3,10,43,Elizabeth Taylor|Taylor Swift|46011
20/12/2025,78,Travelin' Soldier,Cody Johnson,73,12,5,42,Travelin' Soldier|Cody Johnson|46011
20/12/2025,79,Eternity,Alex Warren,-,16,15,41,Eternity|Alex Warren|46011
20/12/2025,80,Favorite Country Song,HARDY,79,79,7,41,Favorite Country Song|HARDY|46011
20/12/2025,81,Last One To Know,Gavin Adcock,78,54,17,41,Last One To Know|Gavin Adcock|46011
20/12/2025,82,Sugar On My Tongue,"Tyler, The Creator",74,41,21,40,"Sugar On My Tongue|Tyler, The Creator|46011"
20/12/2025,83,ErrTime,Cardi B,82,43,11,40,ErrTime|Cardi B|46011
20/12/2025,84,How Far Does A Goodbye Go,Jason Aldean,90,80,9,39,How Far Does A Goodbye Go|Jason Aldean|46011
20/12/2025,85,Cowgirl,Parmalee,85,85,2,39,Cowgirl|Parmalee|46011
20/12/2025,86,Days Like These,Luke Combs,87,79,7,38,Days Like These|Luke Combs|46011
20/12/2025,87,Camera,Ed Sheeran,81,58,13,38,Camera|Ed Sheeran|46011
20/12/2025,88,Father Figure,Taylor Swift,80,4,10,38,Father Figure|Taylor Swift|46011
20/12/2025,89,Darlin',Chase Matthew,76,52,12,38,Darlin'|Chase Matthew|46011
20/12/2025,90,Nobody's Girl,Tate McRae,66,29,3,38,Nobody's Girl|Tate McRae|46011
20/12/2025,91,Gone Gone Gone,"David Guetta, Teddy Swims & Tones And I",92,91,2,36,"Gone Gone Gone|David Guetta, Teddy Swims & Tones And I|46011"
20/12/2025,92,Nice To Each Other,Olivia Dean,91,78,9,35,Nice To Each Other|Olivia Dean|46011
20/12/2025,93,Wi$h Li$t,Taylor Swift,84,6,10,35,Wi$h Li$t|Taylor Swift|46011
20/12/2025,94,I Ain't Coming Back,Morgan Wallen Featuring Post Malone,-,8,26,35,I Ain't Coming Back|Morgan Wallen Featuring Post Malone|46011
20/12/2025,95,Beautiful Things,Megan Moroney,-,64,4,35,Beautiful Things|Megan Moroney|46011
20/12/2025,96,Sienna,The Marias,95,74,13,34,Sienna|The Marias|46011
20/12/2025,97,Let Alone The One You Love,Olivia Dean,98,95,4,34,Let Alone The One You Love|Olivia Dean|46011
20/12/2025,98,3am,Loe Shimmy & Don Toliver,-,98,4,33,3am|Loe Shimmy & Don Toliver|46011
20/12/2025,99,I Thought I Saw Your Face Today,She & Him,-,99,1,33,I Thought I Saw Your Face Today|She & Him|46011
20/12/2025,100,When Did You Get Hot?,Sabrina Carpenter,100,17,15,33,When Did You Get Hot?|Sabrina Carpenter|46011
13/12/2025,1,All I Want For Christmas Is You,Mariah Carey,5,1,76,265,All I Want For Christmas Is You|Mariah Carey|46004
13/12/2025,2,Last Christmas,Wham!,6,2,50,253,Last Christmas|Wham!|46004
13/12/2025,3,Rockin' Around The Christmas Tree,Brenda Lee,7,1,68,247,Rockin' Around The Christmas Tree|Brenda Lee|46004
13/12/2025,4,Jingle Bell Rock,Bobby Helms,8,3,65,244,Jingle Bell Rock|Bobby Helms|46004
13/12/2025,5,Golden,"HUNTR/X: EJAE, Audrey Nuna & REI AMI",2,1,24,221,"Golden|HUNTR/X: EJAE, Audrey Nuna & REI AMI|46004"
13/12/2025,6,The Fate Of Ophelia,Taylor Swift,1,1,9,213,The Fate Of Ophelia|Taylor Swift|46004
13/12/2025,7,Ordinary,Alex Warren,3,1,43,184,Ordinary|Alex Warren|46004
13/12/2025,8,Santa Tell Me,Ariana Grande,13,5,33,184,Santa Tell Me|Ariana Grande|46004
13/12/2025,9,The Christmas Song (Merry Christmas To You),"Nat ""King"" Cole",18,9,53,177,"The Christmas Song (Merry Christmas To You)|Nat ""King"" Cole|46004"
13/12/2025,10,It's The Most Wonderful Time Of The Year,Andy Williams,17,5,49,174,It's The Most Wonderful Time Of The Year|Andy Williams|46004
13/12/2025,11,Underneath The Tree,Kelly Clarkson,19,9,36,168,Underneath The Tree|Kelly Clarkson|46004
13/12/2025,12,Man I Need,Olivia Dean,4,4,15,160,Man I Need|Olivia Dean|46004
13/12/2025,13,Let It Snow! Let It Snow! Let It Snow!,Dean Martin,22,7,39,160,Let It Snow! Let It Snow! Let It Snow!|Dean Martin|46004
13/12/2025,14,It's Beginning To Look A Lot Like Christmas,Michael Buble,21,12,28,157,It's Beginning To Look A Lot Like Christmas|Michael Buble|46004
13/12/2025,15,Sleigh Ride,The Ronettes,20,8,36,157,Sleigh Ride|The Ronettes|46004
13/12/2025,16,A Holly Jolly Christmas,Burl Ives,24,4,48,145,A Holly Jolly Christmas|Burl Ives|46004
13/12/2025,17,Feliz Navidad,Jose Feliciano,23,6,40,145,Feliz Navidad|Jose Feliciano|46004
13/12/2025,18,Christmas (Baby Please Come Home),Darlene Love,25,15,29,141,Christmas (Baby Please Come Home)|Darlene Love|46004
13/12/2025,19,White Christmas (1947),Bing Crosby With Ken Darby Singers & John Scott Trotter & His Orchestra,34,12,41,122,White Christmas (1947)|Bing Crosby With Ken Darby Singers & John Scott Trotter & His Orchestra|46004
13/12/2025,20,Mutt,Leon Thomas,9,6,44,121,Mutt|Leon Thomas|46004
13/12/2025,21,Jingle Bells,Frank Sinatra With The Orchestra & Chorus Of Gordon Jenkins,31,16,20,120,Jingle Bells|Frank Sinatra With The Orchestra & Chorus Of Gordon Jenkins|46004
13/12/2025,22,Run Rudolph Run,Chuck Berry,39,10,28,118,Run Rudolph Run|Chuck Berry|46004
13/12/2025,23,Back To Friends,sombr,15,10,36,114,Back To Friends|sombr|46004
13/12/2025,24,It's Beginning To Look A Lot Like Christmas,Perry Como And The Fontane Sisters With Mitchell Ayres And His Orchestra,38,12,29,109,It's Beginning To Look A Lot Like Christmas|Perry Como And The Fontane Sisters With Mitchell Ayres And His Orchestra|46004
13/12/2025,25,Opalite,Taylor Swift,10,2,9,108,Opalite|Taylor Swift|46004
13/12/2025,26,Folded,Kehlani,12,7,25,108,Folded|Kehlani|46004
13/12/2025,27,Choosin' Texas,Ella Langley,11,11,7,106,Choosin' Texas|Ella Langley|46004
13/12/2025,28,Daisies,Justin Bieber,14,2,21,106,Daisies|Justin Bieber|46004
13/12/2025,29,Deck The Halls,Nat King Cole,45,16,19,106,Deck The Halls|Nat King Cole|46004
13/12/2025,30,Santa Baby,Eartha Kitt With Henri Rene And His Orchestra,49,20,14,101,Santa Baby|Eartha Kitt With Henri Rene And His Orchestra|46004
13/12/2025,31,Blue Christmas,Elvis Presley,50,18,18,101,Blue Christmas|Elvis Presley|46004
13/12/2025,32,Here Comes Santa Claus (Right Down Santa Claus Lane),Gene Autry,42,21,26,99,Here Comes Santa Claus (Right Down Santa Claus Lane)|Gene Autry|46004
13/12/2025,33,Wonderful Christmastime,Paul McCartney,-,26,17,91,Wonderful Christmastime|Paul McCartney|46004
13/12/2025,34,Please Come Home For Christmas,Eagles,-,18,18,87,Please Come Home For Christmas|Eagles|46004
13/12/2025,35,Like It's Christmas,Jonas Brothers,-,35,10,87,Like It's Christmas|Jonas Brothers|46004
13/12/2025,36,Holly Jolly Christmas,Michael Buble,-,36,2,85,Holly Jolly Christmas|Michael Buble|46004
13/12/2025,37,Rudolph The Red-Nosed Reindeer,Gene Autry & The Pinafores,-,16,30,84,Rudolph The Red-Nosed Reindeer|Gene Autry & The Pinafores|46004
13/12/2025,38,Christmastime Is Here,Vince Guaraldi Trio,-,31,8,83,Christmastime Is Here|Vince Guaraldi Trio|46004
13/12/2025,39,Little Saint Nick,The Beach Boys,-,25,12,77,Little Saint Nick|The Beach Boys|46004
13/12/2025,40,"Santa, Can't You Hear Me",Kelly Clarkson & Ariana Grande,-,40,5,76,"Santa, Can't You Hear Me|Kelly Clarkson & Ariana Grande|46004"
13/12/2025,41,"You're A Mean One, Mr. Grinch",Thurl Ravenscroft,-,31,14,76,"You're A Mean One, Mr. Grinch|Thurl Ravenscroft|46004"
13/12/2025,42,It Depends,Chris Brown Featuring Bryson Tiller,28,16,19,75,It Depends|Chris Brown Featuring Bryson Tiller|46004
13/12/2025,43,Merry Christmas,Ed Sheeran & Elton John,-,38,9,73,Merry Christmas|Ed Sheeran & Elton John|46004
13/12/2025,44,Mistletoe,Justin Bieber,-,11,15,73,Mistletoe|Justin Bieber|46004
13/12/2025,45,Tit For Tat,Tate McRae,26,3,10,73,Tit For Tat|Tate McRae|46004
13/12/2025,46,Santa Claus Is Comin' To Town,Jackson 5,-,30,12,71,Santa Claus Is Comin' To Town|Jackson 5|46004
13/12/2025,47,So Easy (To Fall In Love),Olivia Dean,27,18,10,71,So Easy (To Fall In Love)|Olivia Dean|46004
13/12/2025,48,Baby It's Cold Outside,Dean Martin,-,36,3,71,Baby It's Cold Outside|Dean Martin|46004
13/12/2025,49,Winter Wonderland,Darlene Love,-,48,2,70,Winter Wonderland|Darlene Love|46004
13/12/2025,50,This Christmas,Donny Hathaway,-,34,7,69,This Christmas|Donny Hathaway|46004
13/12/2025,51,Tears,Sabrina Carpenter,33,3,14,69,Tears|Sabrina Carpenter|46004
13/12/2025,52,Don't Mind If I Do,Riley Green Featuring Ella Langley,32,32,18,67,Don't Mind If I Do|Riley Green Featuring Ella Langley|46004
13/12/2025,53,Where Is My Husband!,RAYE,37,37,10,66,Where Is My Husband!|RAYE|46004
13/12/2025,54,wgft,Gunna Featuring Burna Boy,47,40,17,63,wgft|Gunna Featuring Burna Boy|46004
13/12/2025,55,Gabriela,KATSEYE,41,31,20,61,Gabriela|KATSEYE|46004
13/12/2025,56,Happen To Me,Russell Dickerson,51,28,33,57,Happen To Me|Russell Dickerson|46004
13/12/2025,57,20 Cigarettes,Morgan Wallen,55,20,28,56,20 Cigarettes|Morgan Wallen|46004
13/12/2025,58,Nice To Meet You,Myles Smith,61,54,26,56,Nice To Meet You|Myles Smith|46004
13/12/2025,59,6 Months Later,Megan Moroney,48,30,24,55,6 Months Later|Megan Moroney|46004
13/12/2025,60,Is It A Crime,Mariah The Scientist & Kali Uchis,57,45,17,55,Is It A Crime|Mariah The Scientist & Kali Uchis|46004
13/12/2025,61,Yukon,Justin Bieber,58,17,21,54,Yukon|Justin Bieber|46004
13/12/2025,62,Hell At Night,BigXthaPlug Featuring Ella Langley,46,35,17,51,Hell At Night|BigXthaPlug Featuring Ella Langley|46004
13/12/2025,63,House Again,Hudson Westbrook,60,47,33,51,House Again|Hudson Westbrook|46004
13/12/2025,64,Better Me For You (Brown Eyes),Max McNown,63,50,25,48,Better Me For You (Brown Eyes)|Max McNown|46004
13/12/2025,65,A Couple Minutes,Olivia Dean,65,55,6,47,A Couple Minutes|Olivia Dean|46004
13/12/2025,66,Nobody's Girl,Tate McRae,29,29,2,45,Nobody's Girl|Tate McRae|46004
13/12/2025,67,Shot Callin,YoungBoy Never Broke Again,64,43,12,45,Shot Callin|YoungBoy Never Broke Again|46004
13/12/2025,68,Elizabeth Taylor,Taylor Swift,53,3,9,44,Elizabeth Taylor|Taylor Swift|46004
13/12/2025,69,"3,2,1",Tucker Wetmore,87,69,7,44,"3,2,1|Tucker Wetmore|46004"
13/12/2025,70,Dracula,Tame Impala & JENNIE,67,30,10,43,Dracula|Tame Impala & JENNIE|46004
13/12/2025,71,Take Me Thru Dere,"Metro Boomin, Quavo, Breskii & YKNIECE",70,69,10,43,"Take Me Thru Dere|Metro Boomin, Quavo, Breskii & YKNIECE|46004"
13/12/2025,72,The Fall,Cody Johnson,73,68,10,41,The Fall|Cody Johnson|46004
13/12/2025,73,Travelin' Soldier,Cody Johnson,62,12,4,41,Travelin' Soldier|Cody Johnson|46004
13/12/2025,74,Sugar On My Tongue,"Tyler, The Creator",76,41,20,41,"Sugar On My Tongue|Tyler, The Creator|46004"
13/12/2025,75,12 To 12,sombr,81,41,16,40,12 To 12|sombr|46004
13/12/2025,76,Darlin',Chase Matthew,75,52,11,40,Darlin'|Chase Matthew|46004
13/12/2025,77,Amen,Shaboozey & Jelly Roll,85,56,30,39,Amen|Shaboozey & Jelly Roll|46004
13/12/2025,78,Last One To Know,Gavin Adcock,72,54,16,39,Last One To Know|Gavin Adcock|46004
13/12/2025,79,Favorite Country Song,HARDY,86,79,6,39,Favorite Country Song|HARDY|46004
13/12/2025,80,Father Figure,Taylor Swift,69,4,9,38,Father Figure|Taylor Swift|46004
13/12/2025,81,Camera,Ed Sheeran,90,58,12,38,Camera|Ed Sheeran|46004
13/12/2025,82,ErrTime,Cardi B,79,43,10,37,ErrTime|Cardi B|46004
13/12/2025,83,Back In The Saddle,Luke Combs,74,22,19,36,Back In The Saddle|Luke Combs|46004
13/12/2025,84,Wi$h Li$t,Taylor Swift,71,6,9,36,Wi$h Li$t|Taylor Swift|46004
13/12/2025,85,Cowgirl,Parmalee,-,85,1,36,Cowgirl|Parmalee|46004
13/12/2025,86,Shake The Snow Globe,Gwen Stefani,-,86,1,36,Shake The Snow Globe|Gwen Stefani|46004
13/12/2025,87,Days Like These,Luke Combs,88,79,6,35,Days Like These|Luke Combs|46004
13/12/2025,88,Anything But Love,Tate McRae,44,44,2,35,Anything But Love|Tate McRae|46004
13/12/2025,89,What Kinda Man,Parker McCollum,66,66,12,35,What Kinda Man|Parker McCollum|46004
13/12/2025,90,How Far Does A Goodbye Go,Jason Aldean,92,80,8,35,How Far Does A Goodbye Go|Jason Aldean|46004
13/12/2025,91,Nice To Each Other,Olivia Dean,78,78,8,35,Nice To Each Other|Olivia Dean|46004
13/12/2025,92,Gone Gone Gone,"David Guetta, Teddy Swims & Tones And I",-,92,1,34,"Gone Gone Gone|David Guetta, Teddy Swims & Tones And I|46004"
13/12/2025,93,The Dead Dance,Lady Gaga,94,40,13,34,The Dead Dance|Lady Gaga|46004
13/12/2025,94,Went Legit,G Herbo,89,70,20,34,Went Legit|G Herbo|46004
13/12/2025,95,Sienna,The Marias,-,74,12,33,Sienna|The Marias|46004
13/12/2025,96,For Good,Cynthia Erivo & Ariana Grande,43,43,2,33,For Good|Cynthia Erivo & Ariana Grande|46004
13/12/2025,97,No Good Deed,Cynthia Erivo,56,56,2,33,No Good Deed|Cynthia Erivo|46004
13/12/2025,98,Let Alone The One You Love,Olivia Dean,95,95,3,33,Let Alone The One You Love|Olivia Dean|46004
13/12/2025,99,The Life Of A Showgirl,Taylor Swift Featuring Sabrina Carpenter,80,8,9,32,The Life Of A Showgirl|Taylor Swift Featuring Sabrina Carpenter|46004
13/12/2025,100,When Did You Get Hot?,Sabrina Carpenter,96,17,14,32,When Did You Get Hot?|Sabrina Carpenter|46004
06/12/2025,1,The Fate Of Ophelia,Taylor Swift,1,1,8,259,The Fate Of Ophelia|Taylor Swift|45997
06/12/2025,2,Golden,"HUNTR/X: EJAE, Audrey Nuna & REI AMI",2,1,23,236,"Golden|HUNTR/X: EJAE, Audrey Nuna & REI AMI|45997"
06/12/2025,3,Ordinary,Alex Warren,3,1,42,204,Ordinary|Alex Warren|45997
06/12/2025,4,Man I Need,Olivia Dean,4,4,14,177,Man I Need|Olivia Dean|45997
06/12/2025,5,All I Want For Christmas Is You,Mariah Carey,8,1,75,173,All I Want For Christmas Is You|Mariah Carey|45997
06/12/2025,6,Last Christmas,Wham!,11,3,49,160,Last Christmas|Wham!|45997
06/12/2025,7,Rockin' Around The Christmas Tree,Brenda Lee,13,1,67,155,Rockin' Around The Christmas Tree|Brenda Lee|45997
06/12/2025,8,Jingle Bell Rock,Bobby Helms,14,3,64,150,Jingle Bell Rock|Bobby Helms|45997
06/12/2025,9,Mutt,Leon Thomas,6,6,43,127,Mutt|Leon Thomas|45997
06/12/2025,10,Opalite,Taylor Swift,5,2,8,125,Opalite|Taylor Swift|45997
06/12/2025,11,Choosin' Texas,Ella Langley,16,11,6,121,Choosin' Texas|Ella Langley|45997
06/12/2025,12,Folded,Kehlani,9,7,24,120,Folded|Kehlani|45997
06/12/2025,13,Santa Tell Me,Ariana Grande,19,5,32,117,Santa Tell Me|Ariana Grande|45997
06/12/2025,14,Daisies,Justin Bieber,7,2,20,116,Daisies|Justin Bieber|45997
06/12/2025,15,Back To Friends,sombr,12,10,35,114,Back To Friends|sombr|45997
06/12/2025,16,I Got Better,Morgan Wallen,10,7,28,112,I Got Better|Morgan Wallen|45997
06/12/2025,17,It's The Most Wonderful Time Of The Year,Andy Williams,30,5,48,108,It's The Most Wonderful Time Of The Year|Andy Williams|45997
06/12/2025,18,The Christmas Song (Merry Christmas To You),"Nat ""King"" Cole",29,9,52,108,"The Christmas Song (Merry Christmas To You)|Nat ""King"" Cole|45997"
06/12/2025,19,Underneath The Tree,Kelly Clarkson,27,9,35,103,Underneath The Tree|Kelly Clarkson|45997
06/12/2025,20,Sleigh Ride,The Ronettes,37,8,35,100,Sleigh Ride|The Ronettes|45997
06/12/2025,21,It's Beginning To Look A Lot Like Christmas,Michael Buble,32,12,27,100,It's Beginning To Look A Lot Like Christmas|Michael Buble|45997
06/12/2025,22,Let It Snow! Let It Snow! Let It Snow!,Dean Martin,34,7,38,99,Let It Snow! Let It Snow! Let It Snow!|Dean Martin|45997
06/12/2025,23,Feliz Navidad,Jose Feliciano,49,6,39,92,Feliz Navidad|Jose Feliciano|45997
06/12/2025,24,A Holly Jolly Christmas,Burl Ives,40,4,47,91,A Holly Jolly Christmas|Burl Ives|45997
06/12/2025,25,Christmas (Baby Please Come Home),Darlene Love,48,15,28,90,Christmas (Baby Please Come Home)|Darlene Love|45997
06/12/2025,26,Tit For Tat,Tate McRae,26,3,9,89,Tit For Tat|Tate McRae|45997
06/12/2025,27,So Easy (To Fall In Love),Olivia Dean,18,18,9,84,So Easy (To Fall In Love)|Olivia Dean|45997
06/12/2025,28,It Depends,Chris Brown Featuring Bryson Tiller,17,16,18,84,It Depends|Chris Brown Featuring Bryson Tiller|45997
06/12/2025,29,Nobody's Girl,Tate McRae,-,29,1,80,Nobody's Girl|Tate McRae|45997
06/12/2025,30,Manchild,Sabrina Carpenter,20,1,25,76,Manchild|Sabrina Carpenter|45997
06/12/2025,31,Jingle Bells,Frank Sinatra With The Orchestra & Chorus Of Gordon Jenkins,-,16,19,75,Jingle Bells|Frank Sinatra With The Orchestra & Chorus Of Gordon Jenkins|45997
06/12/2025,32,Don't Mind If I Do,Riley Green Featuring Ella Langley,33,32,17,75,Don't Mind If I Do|Riley Green Featuring Ella Langley|45997
06/12/2025,33,Tears,Sabrina Carpenter,22,3,13,75,Tears|Sabrina Carpenter|45997
06/12/2025,34,White Christmas (1947),Bing Crosby With Ken Darby Singers & John Scott Trotter & His Orchestra,-,12,40,74,White Christmas (1947)|Bing Crosby With Ken Darby Singers & John Scott Trotter & His Orchestra|45997
06/12/2025,35,Soda Pop,"Saja Boys: Andrew Choi, Neckwav, Danny Chung, Kevin Woo & samUIL Lee",21,3,22,73,"Soda Pop|Saja Boys: Andrew Choi, Neckwav, Danny Chung, Kevin Woo & samUIL Lee|45997"
06/12/2025,36,Somewhere Over Laredo,Lainey Wilson,39,36,21,70,Somewhere Over Laredo|Lainey Wilson|45997
06/12/2025,37,Where Is My Husband!,RAYE,47,37,9,70,Where Is My Husband!|RAYE|45997
06/12/2025,38,It's Beginning To Look A Lot Like Christmas,Perry Como And The Fontane Sisters With Mitchell Ayres And His Orchestra,-,12,28,70,It's Beginning To Look A Lot Like Christmas|Perry Como And The Fontane Sisters With Mitchell Ayres And His Orchestra|45997
06/12/2025,39,Run Rudolph Run,Chuck Berry,-,10,27,69,Run Rudolph Run|Chuck Berry|45997
06/12/2025,40,Your Idol,"Saja Boys: Andrew Choi, Neckwav, Danny Chung, Kevin Woo & samUIL Lee",24,4,23,68,"Your Idol|Saja Boys: Andrew Choi, Neckwav, Danny Chung, Kevin Woo & samUIL Lee|45997"
06/12/2025,41,Gabriela,KATSEYE,31,31,19,67,Gabriela|KATSEYE|45997
06/12/2025,42,Here Comes Santa Claus (Right Down Santa Claus Lane),Gene Autry,-,21,25,67,Here Comes Santa Claus (Right Down Santa Claus Lane)|Gene Autry|45997
06/12/2025,43,For Good,Cynthia Erivo & Ariana Grande,-,43,1,66,For Good|Cynthia Erivo & Ariana Grande|45997
06/12/2025,44,Anything But Love,Tate McRae,-,44,1,65,Anything But Love|Tate McRae|45997
06/12/2025,45,Deck The Halls,Nat King Cole,-,16,18,64,Deck The Halls|Nat King Cole|45997
06/12/2025,46,Hell At Night,BigXthaPlug Featuring Ella Langley,51,35,16,63,Hell At Night|BigXthaPlug Featuring Ella Langley|45997
06/12/2025,47,wgft,Gunna Featuring Burna Boy,45,40,16,63,wgft|Gunna Featuring Burna Boy|45997
06/12/2025,48,6 Months Later,Megan Moroney,38,30,23,63,6 Months Later|Megan Moroney|45997
06/12/2025,49,Santa Baby,Eartha Kitt With Henri Rene And His Orchestra,-,20,13,63,Santa Baby|Eartha Kitt With Henri Rene And His Orchestra|45997
06/12/2025,50,Blue Christmas,Elvis Presley,-,18,17,62,Blue Christmas|Elvis Presley|45997
06/12/2025,51,Happen To Me,Russell Dickerson,43,28,32,61,Happen To Me|Russell Dickerson|45997
06/12/2025,52,How It's Done,"HUNTR/X: EJAE, Audrey Nuna & REI AMI",36,8,22,61,"How It's Done|HUNTR/X: EJAE, Audrey Nuna & REI AMI|45997"
06/12/2025,53,Elizabeth Taylor,Taylor Swift,28,3,8,59,Elizabeth Taylor|Taylor Swift|45997
06/12/2025,54,No Broke Boys,Disco Lines & Tinashe,41,36,20,59,No Broke Boys|Disco Lines & Tinashe|45997
06/12/2025,55,20 Cigarettes,Morgan Wallen,50,20,27,58,20 Cigarettes|Morgan Wallen|45997
06/12/2025,56,No Good Deed,Cynthia Erivo,-,56,1,58,No Good Deed|Cynthia Erivo|45997
06/12/2025,57,Is It A Crime,Mariah The Scientist & Kali Uchis,54,45,16,57,Is It A Crime|Mariah The Scientist & Kali Uchis|45997
06/12/2025,58,Yukon,Justin Bieber,52,17,20,57,Yukon|Justin Bieber|45997
06/12/2025,59,Trying On Shoes,Tate McRae,-,59,1,56,Trying On Shoes|Tate McRae|45997
06/12/2025,60,House Again,Hudson Westbrook,57,47,32,56,House Again|Hudson Westbrook|45997
06/12/2025,61,Nice To Meet You,Myles Smith,56,54,25,55,Nice To Meet You|Myles Smith|45997
06/12/2025,62,Travelin' Soldier,Cody Johnson,25,12,3,55,Travelin' Soldier|Cody Johnson|45997
06/12/2025,63,Better Me For You (Brown Eyes),Max McNown,63,50,24,53,Better Me For You (Brown Eyes)|Max McNown|45997
06/12/2025,64,Shot Callin,YoungBoy Never Broke Again,61,43,11,52,Shot Callin|YoungBoy Never Broke Again|45997
06/12/2025,65,A Couple Minutes,Olivia Dean,55,55,5,51,A Couple Minutes|Olivia Dean|45997
06/12/2025,66,What Kinda Man,Parker McCollum,83,66,11,50,What Kinda Man|Parker McCollum|45997
06/12/2025,67,Dracula,Tame Impala & JENNIE,53,30,9,50,Dracula|Tame Impala & JENNIE|45997
06/12/2025,68,Do It,Stray Kids,-,68,1,49,Do It|Stray Kids|45997
06/12/2025,69,Father Figure,Taylor Swift,46,4,8,49,Father Figure|Taylor Swift|45997
06/12/2025,70,Take Me Thru Dere,"Metro Boomin, Quavo, Breskii & YKNIECE",74,69,9,48,"Take Me Thru Dere|Metro Boomin, Quavo, Breskii & YKNIECE|45997"
06/12/2025,71,Wi$h Li$t,Taylor Swift,44,6,8,47,Wi$h Li$t|Taylor Swift|45997
06/12/2025,72,Last One To Know,Gavin Adcock,71,54,15,47,Last One To Know|Gavin Adcock|45997
06/12/2025,73,The Fall,Cody Johnson,75,68,9,46,The Fall|Cody Johnson|45997
06/12/2025,74,Back In The Saddle,Luke Combs,65,22,18,46,Back In The Saddle|Luke Combs|45997
06/12/2025,75,Darlin',Chase Matthew,59,52,10,45,Darlin'|Chase Matthew|45997
06/12/2025,76,Sugar On My Tongue,"Tyler, The Creator",73,41,19,45,"Sugar On My Tongue|Tyler, The Creator|45997"
06/12/2025,77,Fear,NF,35,35,2,44,Fear|NF|45997
06/12/2025,78,Nice To Each Other,Olivia Dean,82,78,7,44,Nice To Each Other|Olivia Dean|45997
06/12/2025,79,ErrTime,Cardi B,66,43,9,44,ErrTime|Cardi B|45997
06/12/2025,80,The Life Of A Showgirl,Taylor Swift Featuring Sabrina Carpenter,64,8,8,43,The Life Of A Showgirl|Taylor Swift Featuring Sabrina Carpenter|45997
06/12/2025,81,12 To 12,sombr,72,41,15,43,12 To 12|sombr|45997
06/12/2025,82,Cold,BigXthaPlug & Post Malone,-,82,1,42,Cold|BigXthaPlug & Post Malone|45997
06/12/2025,83,Jealous Type,Doja Cat,67,28,14,41,Jealous Type|Doja Cat|45997
06/12/2025,84,Horseshoe,Tate McRae,-,84,1,40,Horseshoe|Tate McRae|45997
06/12/2025,85,Amen,Shaboozey & Jelly Roll,95,56,29,40,Amen|Shaboozey & Jelly Roll|45997
06/12/2025,86,Favorite Country Song,HARDY,99,86,5,39,Favorite Country Song|HARDY|45997
06/12/2025,87,"3,2,1",Tucker Wetmore,-,87,6,39,"3,2,1|Tucker Wetmore|45997"
06/12/2025,88,Days Like These,Luke Combs,94,79,5,39,Days Like These|Luke Combs|45997
06/12/2025,89,Went Legit,G Herbo,84,70,19,38,Went Legit|G Herbo|45997
06/12/2025,90,Camera,Ed Sheeran,93,58,11,38,Camera|Ed Sheeran|45997
06/12/2025,91,As Long As You're Mine,Cynthia Erivo & Jonathan Bailey,-,91,1,38,As Long As You're Mine|Cynthia Erivo & Jonathan Bailey|45997
06/12/2025,92,How Far Does A Goodbye Go,Jason Aldean,100,80,7,38,How Far Does A Goodbye Go|Jason Aldean|45997
06/12/2025,93,Safe,Cardi B Featuring Kehlani,87,26,10,37,Safe|Cardi B Featuring Kehlani|45997
06/12/2025,94,The Dead Dance,Lady Gaga,90,40,12,37,The Dead Dance|Lady Gaga|45997
06/12/2025,95,Let Alone The One You Love,Olivia Dean,97,95,2,37,Let Alone The One You Love|Olivia Dean|45997
06/12/2025,96,When Did You Get Hot?,Sabrina Carpenter,91,17,13,37,When Did You Get Hot?|Sabrina Carpenter|45997
06/12/2025,97,Sparks,Coldplay,88,74,20,37,Sparks|Coldplay|45997
06/12/2025,98,Ruin The Friendship,Taylor Swift,76,11,8,36,Ruin The Friendship|Taylor Swift|45997
06/12/2025,99,What You Is,YoungBoy Never Broke Again & Mellow Rackz,-,75,7,35,What You Is|YoungBoy Never Broke Again & Mellow Rackz|45997
06/12/2025,100,The Girl In The Bubble,Ariana Grande,-,100,1,35,The Girl In The Bubble|Ariana Grande|45997
29/11/2025,1,The Fate Of Ophelia,Taylor Swift,1,1,7,265,The Fate Of Ophelia|Taylor Swift|45990
29/11/2025,2,Golden,"HUNTR/X: EJAE, Audrey Nuna & REI AMI",2,1,22,236,"Golden|HUNTR/X: EJAE, Audrey Nuna & REI AMI|45990"
29/11/2025,3,Ordinary,Alex Warren,3,1,41,209,Ordinary|Alex Warren|45990
29/11/2025,4,Man I Need,Olivia Dean,4,4,13,167,Man I Need|Olivia Dean|45990
29/11/2025,5,Opalite,Taylor Swift,5,2,7,133,Opalite|Taylor Swift|45990
29/11/2025,6,Mutt,Leon Thomas,7,6,42,127,Mutt|Leon Thomas|45990
29/11/2025,7,Daisies,Justin Bieber,6,2,19,121,Daisies|Justin Bieber|45990
29/11/2025,8,All I Want For Christmas Is You,Mariah Carey,11,1,74,118,All I Want For Christmas Is You|Mariah Carey|45990
29/11/2025,9,Folded,Kehlani,8,7,23,118,Folded|Kehlani|45990
29/11/2025,10,I Got Better,Morgan Wallen,9,7,27,111,I Got Better|Morgan Wallen|45990
29/11/2025,11,Last Christmas,Wham!,13,3,48,111,Last Christmas|Wham!|45990
29/11/2025,12,Back To Friends,sombr,10,10,34,110,Back To Friends|sombr|45990
29/11/2025,13,Rockin' Around The Christmas Tree,Brenda Lee,19,1,66,104,Rockin' Around The Christmas Tree|Brenda Lee|45990
29/11/2025,14,Jingle Bell Rock,Bobby Helms,20,3,63,102,Jingle Bell Rock|Bobby Helms|45990
29/11/2025,15,What I Want,Morgan Wallen Featuring Tate McRae,14,1,27,89,What I Want|Morgan Wallen Featuring Tate McRae|45990
29/11/2025,16,Choosin' Texas,Ella Langley,21,16,5,87,Choosin' Texas|Ella Langley|45990
29/11/2025,17,It Depends,Chris Brown Featuring Bryson Tiller,16,16,17,82,It Depends|Chris Brown Featuring Bryson Tiller|45990
29/11/2025,18,So Easy (To Fall In Love),Olivia Dean,29,18,8,82,So Easy (To Fall In Love)|Olivia Dean|45990
29/11/2025,19,Santa Tell Me,Ariana Grande,30,5,31,79,Santa Tell Me|Ariana Grande|45990
29/11/2025,20,Manchild,Sabrina Carpenter,23,1,24,78,Manchild|Sabrina Carpenter|45990
29/11/2025,21,Soda Pop,"Saja Boys: Andrew Choi, Neckwav, Danny Chung, Kevin Woo & samUIL Lee",15,3,21,78,"Soda Pop|Saja Boys: Andrew Choi, Neckwav, Danny Chung, Kevin Woo & samUIL Lee|45990"
29/11/2025,22,Tears,Sabrina Carpenter,18,3,12,78,Tears|Sabrina Carpenter|45990
29/11/2025,23,Love Me Not,Ravyn Lenae,22,5,34,75,Love Me Not|Ravyn Lenae|45990
29/11/2025,24,Your Idol,"Saja Boys: Andrew Choi, Neckwav, Danny Chung, Kevin Woo & samUIL Lee",24,4,22,71,"Your Idol|Saja Boys: Andrew Choi, Neckwav, Danny Chung, Kevin Woo & samUIL Lee|45990"
29/11/2025,25,Travelin' Soldier,Cody Johnson,12,12,2,71,Travelin' Soldier|Cody Johnson|45990
29/11/2025,26,Tit For Tat,Tate McRae,25,3,8,70,Tit For Tat|Tate McRae|45990
29/11/2025,27,Underneath The Tree,Kelly Clarkson,41,9,34,69,Underneath The Tree|Kelly Clarkson|45990
29/11/2025,28,Elizabeth Taylor,Taylor Swift,17,3,7,69,Elizabeth Taylor|Taylor Swift|45990
29/11/2025,29,The Christmas Song (Merry Christmas To You),"Nat ""King"" Cole",50,9,51,68,"The Christmas Song (Merry Christmas To You)|Nat ""King"" Cole|45990"
29/11/2025,30,It's The Most Wonderful Time Of The Year,Andy Williams,47,5,47,68,It's The Most Wonderful Time Of The Year|Andy Williams|45990
29/11/2025,31,Gabriela,KATSEYE,31,31,18,67,Gabriela|KATSEYE|45990
29/11/2025,32,It's Beginning To Look A Lot Like Christmas,Michael Buble,48,12,26,67,It's Beginning To Look A Lot Like Christmas|Michael Buble|45990
29/11/2025,33,Don't Mind If I Do,Riley Green Featuring Ella Langley,34,33,16,66,Don't Mind If I Do|Riley Green Featuring Ella Langley|45990
29/11/2025,34,Let It Snow! Let It Snow! Let It Snow!,Dean Martin,-,7,37,66,Let It Snow! Let It Snow! Let It Snow!|Dean Martin|45990
29/11/2025,35,Fear,NF,-,35,1,66,Fear|NF|45990
29/11/2025,36,How It's Done,"HUNTR/X: EJAE, Audrey Nuna & REI AMI",27,8,21,64,"How It's Done|HUNTR/X: EJAE, Audrey Nuna & REI AMI|45990"
29/11/2025,37,Sleigh Ride,The Ronettes,-,8,34,62,Sleigh Ride|The Ronettes|45990
29/11/2025,38,6 Months Later,Megan Moroney,37,30,22,61,6 Months Later|Megan Moroney|45990
29/11/2025,39,Somewhere Over Laredo,Lainey Wilson,39,39,20,60,Somewhere Over Laredo|Lainey Wilson|45990
29/11/2025,40,A Holly Jolly Christmas,Burl Ives,-,4,46,60,A Holly Jolly Christmas|Burl Ives|45990
29/11/2025,41,No Broke Boys,Disco Lines & Tinashe,36,36,19,60,No Broke Boys|Disco Lines & Tinashe|45990
29/11/2025,42,What It Sounds Like,"HUNTR/X: EJAE, Audrey Nuna & REI AMI",32,15,21,60,"What It Sounds Like|HUNTR/X: EJAE, Audrey Nuna & REI AMI|45990"
29/11/2025,43,Happen To Me,Russell Dickerson,35,28,31,59,Happen To Me|Russell Dickerson|45990
29/11/2025,44,Wi$h Li$t,Taylor Swift,26,6,7,59,Wi$h Li$t|Taylor Swift|45990
29/11/2025,45,wgft,Gunna Featuring Burna Boy,40,40,15,59,wgft|Gunna Featuring Burna Boy|45990
29/11/2025,46,Father Figure,Taylor Swift,28,4,7,59,Father Figure|Taylor Swift|45990
29/11/2025,47,Where Is My Husband!,RAYE,58,47,8,58,Where Is My Husband!|RAYE|45990
29/11/2025,48,Christmas (Baby Please Come Home),Darlene Love,-,15,27,57,Christmas (Baby Please Come Home)|Darlene Love|45990
29/11/2025,49,Feliz Navidad,Jose Feliciano,-,6,38,57,Feliz Navidad|Jose Feliciano|45990
29/11/2025,50,20 Cigarettes,Morgan Wallen,55,20,26,57,20 Cigarettes|Morgan Wallen|45990
29/11/2025,51,Hell At Night,BigXthaPlug Featuring Ella Langley,46,35,15,56,Hell At Night|BigXthaPlug Featuring Ella Langley|45990
29/11/2025,52,Yukon,Justin Bieber,49,17,19,56,Yukon|Justin Bieber|45990
29/11/2025,53,Dracula,Tame Impala & JENNIE,38,30,8,55,Dracula|Tame Impala & JENNIE|45990
29/11/2025,54,Is It A Crime,Mariah The Scientist & Kali Uchis,45,45,15,55,Is It A Crime|Mariah The Scientist & Kali Uchis|45990
29/11/2025,55,A Couple Minutes,Olivia Dean,72,55,4,55,A Couple Minutes|Olivia Dean|45990
29/11/2025,56,Nice To Meet You,Myles Smith,54,54,24,54,Nice To Meet You|Myles Smith|45990
29/11/2025,57,House Again,Hudson Westbrook,53,47,31,54,House Again|Hudson Westbrook|45990
29/11/2025,58,Robbed You,Summer Walker & Mariah The Scientist,-,58,1,54,Robbed You|Summer Walker & Mariah The Scientist|45990
29/11/2025,59,Darlin',Chase Matthew,52,52,9,53,Darlin'|Chase Matthew|45990
29/11/2025,60,Go Girl,"Summer Walker, Latto & Doja Cat",-,60,1,53,"Go Girl|Summer Walker, Latto & Doja Cat|45990"
29/11/2025,61,Shot Callin,YoungBoy Never Broke Again,51,43,10,53,Shot Callin|YoungBoy Never Broke Again|45990
29/11/2025,62,Who I Was,NF & MGK,-,62,1,53,Who I Was|NF & MGK|45990
29/11/2025,63,Better Me For You (Brown Eyes),Max McNown,62,50,23,51,Better Me For You (Brown Eyes)|Max McNown|45990
29/11/2025,64,The Life Of A Showgirl,Taylor Swift Featuring Sabrina Carpenter,33,8,7,51,The Life Of A Showgirl|Taylor Swift Featuring Sabrina Carpenter|45990
29/11/2025,65,Back In The Saddle,Luke Combs,59,22,17,49,Back In The Saddle|Luke Combs|45990
29/11/2025,66,ErrTime,Cardi B,88,43,8,48,ErrTime|Cardi B|45990
29/11/2025,67,Jealous Type,Doja Cat,56,28,13,48,Jealous Type|Doja Cat|45990
29/11/2025,68,Baby,Summer Walker & Chris Brown,-,68,1,47,Baby|Summer Walker & Chris Brown|45990
29/11/2025,69,No,Summer Walker,-,69,1,47,No|Summer Walker|45990
29/11/2025,70,Sorry,NF With James Arthur,-,70,1,46,Sorry|NF With James Arthur|45990
29/11/2025,71,Last One To Know,Gavin Adcock,65,54,14,46,Last One To Know|Gavin Adcock|45990
29/11/2025,72,12 To 12,sombr,66,41,14,46,12 To 12|sombr|45990
29/11/2025,73,Sugar On My Tongue,"Tyler, The Creator",69,41,18,45,"Sugar On My Tongue|Tyler, The Creator|45990"
29/11/2025,74,Take Me Thru Dere,"Metro Boomin, Quavo, Breskii & YKNIECE",73,69,8,45,"Take Me Thru Dere|Metro Boomin, Quavo, Breskii & YKNIECE|45990"
29/11/2025,75,The Fall,Cody Johnson,68,68,8,44,The Fall|Cody Johnson|45990
29/11/2025,76,Ruin The Friendship,Taylor Swift,42,11,7,44,Ruin The Friendship|Taylor Swift|45990
29/11/2025,77,Wood,Taylor Swift,60,5,7,43,Wood|Taylor Swift|45990
29/11/2025,78,Actually Romantic,Taylor Swift,61,7,7,43,Actually Romantic|Taylor Swift|45990
29/11/2025,79,FMT,Summer Walker,-,79,1,42,FMT|Summer Walker|45990
29/11/2025,80,1-800 Heartbreak,Summer Walker & Anderson .Paak,-,80,1,42,1-800 Heartbreak|Summer Walker & Anderson .Paak|45990
29/11/2025,81,Eldest Daughter,Taylor Swift,57,9,7,41,Eldest Daughter|Taylor Swift|45990
29/11/2025,82,Nice To Each Other,Olivia Dean,91,82,6,41,Nice To Each Other|Olivia Dean|45990
29/11/2025,83,What Kinda Man,Parker McCollum,78,74,10,41,What Kinda Man|Parker McCollum|45990
29/11/2025,84,Went Legit,G Herbo,70,70,18,41,Went Legit|G Herbo|45990
29/11/2025,85,Give Me A Reason,NF,-,85,1,40,Give Me A Reason|NF|45990
29/11/2025,86,Home,NF,-,86,1,40,Home|NF|45990
29/11/2025,87,Safe,Cardi B Featuring Kehlani,67,26,9,39,Safe|Cardi B Featuring Kehlani|45990
29/11/2025,88,Sparks,Coldplay,76,74,19,39,Sparks|Coldplay|45990
29/11/2025,89,Cancelled!,Taylor Swift,64,10,7,39,Cancelled!|Taylor Swift|45990
29/11/2025,90,The Dead Dance,Lady Gaga,75,40,11,39,The Dead Dance|Lady Gaga|45990
29/11/2025,91,When Did You Get Hot?,Sabrina Carpenter,74,17,12,39,When Did You Get Hot?|Sabrina Carpenter|45990
29/11/2025,92,Sienna,The Marias,86,74,11,38,Sienna|The Marias|45990
29/11/2025,93,Camera,Ed Sheeran,77,58,10,38,Camera|Ed Sheeran|45990
29/11/2025,94,Days Like These,Luke Combs,81,79,4,38,Days Like These|Luke Combs|45990
29/11/2025,95,Amen,Shaboozey & Jelly Roll,84,56,28,38,Amen|Shaboozey & Jelly Roll|45990
29/11/2025,96,Baller,"Summer Walker, GloRilla, Sexyy Red & Monaleo",-,96,1,37,"Baller|Summer Walker, GloRilla, Sexyy Red & Monaleo|45990"
29/11/2025,97,Let Alone The One You Love,Olivia Dean,-,97,1,37,Let Alone The One You Love|Olivia Dean|45990
29/11/2025,98,Losin' Streak,Blake Roman,-,98,1,37,Losin' Streak|Blake Roman|45990
29/11/2025,99,Favorite Country Song,HARDY,90,90,4,37,Favorite Country Song|HARDY|45990
29/11/2025,100,How Far Does A Goodbye Go,Jason Aldean,80,80,6,36,How Far Does A Goodbye Go|Jason Aldean|45990
22/11/2025,1,The Fate Of Ophelia,Taylor Swift,1,1,6,294,The Fate Of Ophelia|Taylor Swift|45983
22/11/2025,2,Golden,"HUNTR/X: EJAE, Audrey Nuna & REI AMI",2,1,21,261,"Golden|HUNTR/X: EJAE, Audrey Nuna & REI AMI|45983"
22/11/2025,3,Ordinary,Alex Warren,3,1,40,210,Ordinary|Alex Warren|45983
22/11/2025,4,Man I Need,Olivia Dean,5,4,12,147,Man I Need|Olivia Dean|45983
22/11/2025,5,Opalite,Taylor Swift,4,2,6,146,Opalite|Taylor Swift|45983
22/11/2025,6,Daisies,Justin Bieber,6,2,18,131,Daisies|Justin Bieber|45983
22/11/2025,7,Mutt,Leon Thomas,8,7,41,124,Mutt|Leon Thomas|45983
22/11/2025,8,Folded,Kehlani,7,7,22,123,Folded|Kehlani|45983
22/11/2025,9,I Got Better,Morgan Wallen,9,7,26,114,I Got Better|Morgan Wallen|45983
22/11/2025,10,Back To Friends,sombr,11,10,33,106,Back To Friends|sombr|45983
22/11/2025,11,All I Want For Christmas Is You,Mariah Carey,31,1,73,101,All I Want For Christmas Is You|Mariah Carey|45983
22/11/2025,12,Travelin' Soldier,Cody Johnson,-,12,1,96,Travelin' Soldier|Cody Johnson|45983
22/11/2025,13,Last Christmas,Wham!,43,3,47,91,Last Christmas|Wham!|45983
22/11/2025,14,What I Want,Morgan Wallen Featuring Tate McRae,15,1,26,90,What I Want|Morgan Wallen Featuring Tate McRae|45983
22/11/2025,15,Soda Pop,"Saja Boys: Andrew Choi, Neckwav, Danny Chung, Kevin Woo & samUIL Lee",12,3,20,86,"Soda Pop|Saja Boys: Andrew Choi, Neckwav, Danny Chung, Kevin Woo & samUIL Lee|45983"
22/11/2025,16,It Depends,Chris Brown Featuring Bryson Tiller,16,16,16,86,It Depends|Chris Brown Featuring Bryson Tiller|45983
22/11/2025,17,Elizabeth Taylor,Taylor Swift,13,3,6,86,Elizabeth Taylor|Taylor Swift|45983
22/11/2025,18,Tears,Sabrina Carpenter,17,3,11,84,Tears|Sabrina Carpenter|45983
22/11/2025,19,Rockin' Around The Christmas Tree,Brenda Lee,-,1,65,84,Rockin' Around The Christmas Tree|Brenda Lee|45983
22/11/2025,20,Jingle Bell Rock,Bobby Helms,-,3,62,82,Jingle Bell Rock|Bobby Helms|45983
22/11/2025,21,Choosin' Texas,Ella Langley,25,21,4,80,Choosin' Texas|Ella Langley|45983
22/11/2025,22,Love Me Not,Ravyn Lenae,19,5,33,80,Love Me Not|Ravyn Lenae|45983
22/11/2025,23,Manchild,Sabrina Carpenter,18,1,23,79,Manchild|Sabrina Carpenter|45983
22/11/2025,24,Your Idol,"Saja Boys: Andrew Choi, Neckwav, Danny Chung, Kevin Woo & samUIL Lee",14,4,21,78,"Your Idol|Saja Boys: Andrew Choi, Neckwav, Danny Chung, Kevin Woo & samUIL Lee|45983"
22/11/2025,25,Tit For Tat,Tate McRae,27,3,7,73,Tit For Tat|Tate McRae|45983
22/11/2025,26,Wi$h Li$t,Taylor Swift,28,6,6,71,Wi$h Li$t|Taylor Swift|45983
22/11/2025,27,How It's Done,"HUNTR/X: EJAE, Audrey Nuna & REI AMI",23,8,20,70,"How It's Done|HUNTR/X: EJAE, Audrey Nuna & REI AMI|45983"
22/11/2025,28,Father Figure,Taylor Swift,20,4,6,70,Father Figure|Taylor Swift|45983
22/11/2025,29,So Easy (To Fall In Love),Olivia Dean,46,29,7,69,So Easy (To Fall In Love)|Olivia Dean|45983
22/11/2025,30,Santa Tell Me,Ariana Grande,-,5,30,66,Santa Tell Me|Ariana Grande|45983
22/11/2025,31,Gabriela,KATSEYE,33,31,17,65,Gabriela|KATSEYE|45983
22/11/2025,32,What It Sounds Like,"HUNTR/X: EJAE, Audrey Nuna & REI AMI",29,15,20,64,"What It Sounds Like|HUNTR/X: EJAE, Audrey Nuna & REI AMI|45983"
22/11/2025,33,The Life Of A Showgirl,Taylor Swift Featuring Sabrina Carpenter,32,8,6,63,The Life Of A Showgirl|Taylor Swift Featuring Sabrina Carpenter|45983
22/11/2025,34,Don't Mind If I Do,Riley Green Featuring Ella Langley,44,34,15,62,Don't Mind If I Do|Riley Green Featuring Ella Langley|45983
22/11/2025,35,Happen To Me,Russell Dickerson,34,28,30,61,Happen To Me|Russell Dickerson|45983
22/11/2025,36,No Broke Boys,Disco Lines & Tinashe,36,36,18,61,No Broke Boys|Disco Lines & Tinashe|45983
22/11/2025,37,6 Months Later,Megan Moroney,42,30,21,59,6 Months Later|Megan Moroney|45983
22/11/2025,38,Dracula,Tame Impala & JENNIE,30,30,7,58,Dracula|Tame Impala & JENNIE|45983
22/11/2025,39,Somewhere Over Laredo,Lainey Wilson,48,39,19,57,Somewhere Over Laredo|Lainey Wilson|45983
22/11/2025,40,wgft,Gunna Featuring Burna Boy,50,40,14,56,wgft|Gunna Featuring Burna Boy|45983
22/11/2025,41,Underneath The Tree,Kelly Clarkson,-,9,33,55,Underneath The Tree|Kelly Clarkson|45983
22/11/2025,42,Ruin The Friendship,Taylor Swift,51,11,6,55,Ruin The Friendship|Taylor Swift|45983
22/11/2025,43,Takedown,"HUNTR/X: EJAE, Audrey Nuna & REI AMI",35,21,20,55,"Takedown|HUNTR/X: EJAE, Audrey Nuna & REI AMI|45983"
22/11/2025,44,Free,Rumi & JINU: EJAE & Andrew Choi,39,23,20,55,Free|Rumi & JINU: EJAE & Andrew Choi|45983
22/11/2025,45,Is It A Crime,Mariah The Scientist & Kali Uchis,53,45,14,55,Is It A Crime|Mariah The Scientist & Kali Uchis|45983
22/11/2025,46,Hell At Night,BigXthaPlug Featuring Ella Langley,52,35,14,55,Hell At Night|BigXthaPlug Featuring Ella Langley|45983
22/11/2025,47,It's The Most Wonderful Time Of The Year,Andy Williams,-,5,46,55,It's The Most Wonderful Time Of The Year|Andy Williams|45983
22/11/2025,48,It's Beginning To Look A Lot Like Christmas,Michael Buble,-,12,25,54,It's Beginning To Look A Lot Like Christmas|Michael Buble|45983
22/11/2025,49,Yukon,Justin Bieber,45,17,18,54,Yukon|Justin Bieber|45983
22/11/2025,50,The Christmas Song (Merry Christmas To You),"Nat ""King"" Cole",-,9,50,53,"The Christmas Song (Merry Christmas To You)|Nat ""King"" Cole|45983"
22/11/2025,51,Shot Callin,YoungBoy Never Broke Again,47,43,9,53,Shot Callin|YoungBoy Never Broke Again|45983
22/11/2025,52,Darlin',Chase Matthew,56,52,8,53,Darlin'|Chase Matthew|45983
22/11/2025,53,House Again,Hudson Westbrook,54,47,30,53,House Again|Hudson Westbrook|45983
22/11/2025,54,Nice To Meet You,Myles Smith,61,54,23,52,Nice To Meet You|Myles Smith|45983
22/11/2025,55,20 Cigarettes,Morgan Wallen,62,20,25,52,20 Cigarettes|Morgan Wallen|45983
22/11/2025,56,Jealous Type,Doja Cat,58,28,12,52,Jealous Type|Doja Cat|45983
22/11/2025,57,Eldest Daughter,Taylor Swift,49,9,6,52,Eldest Daughter|Taylor Swift|45983
22/11/2025,58,Where Is My Husband!,RAYE,65,58,7,51,Where Is My Husband!|RAYE|45983
22/11/2025,59,Back In The Saddle,Luke Combs,40,22,16,51,Back In The Saddle|Luke Combs|45983
22/11/2025,60,Wood,Taylor Swift,37,5,6,51,Wood|Taylor Swift|45983
22/11/2025,61,Actually Romantic,Taylor Swift,38,7,6,51,Actually Romantic|Taylor Swift|45983
22/11/2025,62,Better Me For You (Brown Eyes),Max McNown,60,50,22,49,Better Me For You (Brown Eyes)|Max McNown|45983
22/11/2025,63,Out The Window,Kehlani,-,63,1,49,Out The Window|Kehlani|45983
22/11/2025,64,Cancelled!,Taylor Swift,41,10,6,47,Cancelled!|Taylor Swift|45983
22/11/2025,65,Last One To Know,Gavin Adcock,63,54,13,46,Last One To Know|Gavin Adcock|45983
22/11/2025,66,12 To 12,sombr,66,41,13,46,12 To 12|sombr|45983
22/11/2025,67,Safe,Cardi B Featuring Kehlani,59,26,8,45,Safe|Cardi B Featuring Kehlani|45983
22/11/2025,68,The Fall,Cody Johnson,70,68,7,44,The Fall|Cody Johnson|45983
22/11/2025,69,Sugar On My Tongue,"Tyler, The Creator",64,41,17,44,"Sugar On My Tongue|Tyler, The Creator|45983"
22/11/2025,70,Went Legit,G Herbo,78,70,17,43,Went Legit|G Herbo|45983
22/11/2025,71,Honey,Taylor Swift,55,12,6,43,Honey|Taylor Swift|45983
22/11/2025,72,A Couple Minutes,Olivia Dean,83,72,3,42,A Couple Minutes|Olivia Dean|45983
22/11/2025,73,Take Me Thru Dere,"Metro Boomin, Quavo, Breskii & YKNIECE",69,69,7,42,"Take Me Thru Dere|Metro Boomin, Quavo, Breskii & YKNIECE|45983"
22/11/2025,74,When Did You Get Hot?,Sabrina Carpenter,67,17,11,42,When Did You Get Hot?|Sabrina Carpenter|45983
22/11/2025,75,The Dead Dance,Lady Gaga,57,40,10,42,The Dead Dance|Lady Gaga|45983
22/11/2025,76,Sparks,Coldplay,76,74,18,41,Sparks|Coldplay|45983
22/11/2025,77,Camera,Ed Sheeran,68,58,9,40,Camera|Ed Sheeran|45983
22/11/2025,78,What Kinda Man,Parker McCollum,74,74,9,40,What Kinda Man|Parker McCollum|45983
22/11/2025,79,Past Won't Leave My Bed,Joji,-,79,1,38,Past Won't Leave My Bed|Joji|45983
22/11/2025,80,How Far Does A Goodbye Go,Jason Aldean,84,80,5,37,How Far Does A Goodbye Go|Jason Aldean|45983
22/11/2025,81,Days Like These,Luke Combs,79,79,3,37,Days Like These|Luke Combs|45983
22/11/2025,82,La Perla,ROSALIA & Yahritza y Su Esencia,-,82,1,37,La Perla|ROSALIA & Yahritza y Su Esencia|45983
22/11/2025,83,Heart Of Stone,Jelly Roll,75,53,13,36,Heart Of Stone|Jelly Roll|45983
22/11/2025,84,Amen,Shaboozey & Jelly Roll,82,56,27,36,Amen|Shaboozey & Jelly Roll|45983
22/11/2025,85,What You Is,YoungBoy Never Broke Again & Mellow Rackz,81,75,6,36,What You Is|YoungBoy Never Broke Again & Mellow Rackz|45983
22/11/2025,86,Sienna,The Marias,86,74,10,36,Sienna|The Marias|45983
22/11/2025,87,Strategy,Twice,73,51,17,36,Strategy|Twice|45983
22/11/2025,88,ErrTime,Cardi B,-,43,7,35,ErrTime|Cardi B|45983
22/11/2025,89,Beautiful Things,Megan Moroney,85,64,3,35,Beautiful Things|Megan Moroney|45983
22/11/2025,90,Favorite Country Song,HARDY,90,90,3,35,Favorite Country Song|HARDY|45983
22/11/2025,91,Nice To Each Other,Olivia Dean,100,88,5,34,Nice To Each Other|Olivia Dean|45983
22/11/2025,92,Takedown,"JEONGYEON, JIHYO & CHAEYOUNG Of TWICE",77,50,19,33,"Takedown|JEONGYEON, JIHYO & CHAEYOUNG Of TWICE|45983"
22/11/2025,93,Amor,Emmanuel Cortes,-,93,2,33,Amor|Emmanuel Cortes|45983
22/11/2025,94,Let Down,Radiohead,98,91,12,32,Let Down|Radiohead|45983
22/11/2025,95,"3,2,1",Tucker Wetmore,94,92,5,32,"3,2,1|Tucker Wetmore|45983"
22/11/2025,96,Come N Go,Yeat,93,93,2,32,Come N Go|Yeat|45983
22/11/2025,97,Pixelated Kisses,Joji,-,38,4,32,Pixelated Kisses|Joji|45983
22/11/2025,98,Nobody's Son,Sabrina Carpenter,88,12,11,32,Nobody's Son|Sabrina Carpenter|45983
22/11/2025,99,I Ain't Coming Back,Morgan Wallen Featuring Post Malone,91,8,25,32,I Ain't Coming Back|Morgan Wallen Featuring Post Malone|45983
22/11/2025,100,3am,Loe Shimmy & Don Toliver,99,99,3,31,3am|Loe Shimmy & Don Toliver|45983
15/11/2025,1,The Fate Of Ophelia,Taylor Swift,1,1,5,302,The Fate Of Ophelia|Taylor Swift|45976
15/11/2025,2,Golden,"HUNTR/X: EJAE, Audrey Nuna & REI AMI",2,1,20,285,"Golden|HUNTR/X: EJAE, Audrey Nuna & REI AMI|45976"
15/11/2025,3,Ordinary,Alex Warren,3,1,39,220,Ordinary|Alex Warren|45976
15/11/2025,4,Opalite,Taylor Swift,4,2,5,151,Opalite|Taylor Swift|45976
15/11/2025,5,Man I Need,Olivia Dean,5,5,11,139,Man I Need|Olivia Dean|45976
15/11/2025,6,Daisies,Justin Bieber,6,2,17,132,Daisies|Justin Bieber|45976
15/11/2025,7,Folded,Kehlani,7,7,21,120,Folded|Kehlani|45976
15/11/2025,8,Mutt,Leon Thomas,10,8,40,119,Mutt|Leon Thomas|45976
15/11/2025,9,I Got Better,Morgan Wallen,9,7,25,118,I Got Better|Morgan Wallen|45976
15/11/2025,10,Thriller,Michael Jackson,32,4,26,110,Thriller|Michael Jackson|45976
15/11/2025,11,Back To Friends,sombr,12,11,32,102,Back To Friends|sombr|45976
15/11/2025,12,Soda Pop,"Saja Boys: Andrew Choi, Neckwav, Danny Chung, Kevin Woo & samUIL Lee",18,3,19,96,"Soda Pop|Saja Boys: Andrew Choi, Neckwav, Danny Chung, Kevin Woo & samUIL Lee|45976"
15/11/2025,13,Elizabeth Taylor,Taylor Swift,8,3,5,95,Elizabeth Taylor|Taylor Swift|45976
15/11/2025,14,Your Idol,"Saja Boys: Andrew Choi, Neckwav, Danny Chung, Kevin Woo & samUIL Lee",13,4,20,94,"Your Idol|Saja Boys: Andrew Choi, Neckwav, Danny Chung, Kevin Woo & samUIL Lee|45976"
15/11/2025,15,What I Want,Morgan Wallen Featuring Tate McRae,15,1,25,91,What I Want|Morgan Wallen Featuring Tate McRae|45976
15/11/2025,16,It Depends,Chris Brown Featuring Bryson Tiller,19,16,15,89,It Depends|Chris Brown Featuring Bryson Tiller|45976
15/11/2025,17,Tears,Sabrina Carpenter,20,3,10,88,Tears|Sabrina Carpenter|45976
15/11/2025,18,Manchild,Sabrina Carpenter,16,1,22,85,Manchild|Sabrina Carpenter|45976
15/11/2025,19,Love Me Not,Ravyn Lenae,17,5,32,84,Love Me Not|Ravyn Lenae|45976
15/11/2025,20,Father Figure,Taylor Swift,11,4,5,83,Father Figure|Taylor Swift|45976
15/11/2025,21,Monster Mash,"Bobby ""Boris"" Pickett And The Crypt-Kickers",-,1,42,83,"Monster Mash|Bobby ""Boris"" Pickett And The Crypt-Kickers|45976"
15/11/2025,22,Ghostbusters,Ray Parker Jr.,-,1,26,81,Ghostbusters|Ray Parker Jr.|45976
15/11/2025,23,How It's Done,"HUNTR/X: EJAE, Audrey Nuna & REI AMI",23,8,19,79,"How It's Done|HUNTR/X: EJAE, Audrey Nuna & REI AMI|45976"
15/11/2025,24,Somebody's Watching Me,Rockwell,-,2,22,78,Somebody's Watching Me|Rockwell|45976
15/11/2025,25,Choosin' Texas,Ella Langley,35,25,3,76,Choosin' Texas|Ella Langley|45976
15/11/2025,26,This Is Halloween,The Citizens of Halloween,47,26,4,75,This Is Halloween|The Citizens of Halloween|45976
15/11/2025,27,Tit For Tat,Tate McRae,27,3,6,73,Tit For Tat|Tate McRae|45976
15/11/2025,28,Wi$h Li$t,Taylor Swift,14,6,5,73,Wi$h Li$t|Taylor Swift|45976
15/11/2025,29,What It Sounds Like,"HUNTR/X: EJAE, Audrey Nuna & REI AMI",30,15,19,72,"What It Sounds Like|HUNTR/X: EJAE, Audrey Nuna & REI AMI|45976"
15/11/2025,30,Dracula,Tame Impala & JENNIE,39,30,6,70,Dracula|Tame Impala & JENNIE|45976
15/11/2025,31,All I Want For Christmas Is You,Mariah Carey,-,1,72,68,All I Want For Christmas Is You|Mariah Carey|45976
15/11/2025,32,The Life Of A Showgirl,Taylor Swift Featuring Sabrina Carpenter,21,8,5,67,The Life Of A Showgirl|Taylor Swift Featuring Sabrina Carpenter|45976
15/11/2025,33,Gabriela,KATSEYE,37,33,16,65,Gabriela|KATSEYE|45976
15/11/2025,34,Happen To Me,Russell Dickerson,42,28,29,65,Happen To Me|Russell Dickerson|45976
15/11/2025,35,Takedown,"HUNTR/X: EJAE, Audrey Nuna & REI AMI",36,21,19,64,"Takedown|HUNTR/X: EJAE, Audrey Nuna & REI AMI|45976"
15/11/2025,36,No Broke Boys,Disco Lines & Tinashe,41,36,17,62,No Broke Boys|Disco Lines & Tinashe|45976
15/11/2025,37,Wood,Taylor Swift,24,5,5,62,Wood|Taylor Swift|45976
15/11/2025,38,Actually Romantic,Taylor Swift,25,7,5,62,Actually Romantic|Taylor Swift|45976
15/11/2025,39,Free,Rumi & JINU: EJAE & Andrew Choi,40,23,19,61,Free|Rumi & JINU: EJAE & Andrew Choi|45976
15/11/2025,40,Back In The Saddle,Luke Combs,22,22,15,60,Back In The Saddle|Luke Combs|45976
15/11/2025,41,Cancelled!,Taylor Swift,28,10,5,58,Cancelled!|Taylor Swift|45976
15/11/2025,42,6 Months Later,Megan Moroney,46,30,20,58,6 Months Later|Megan Moroney|45976
15/11/2025,43,Last Christmas,Wham!,-,3,46,57,Last Christmas|Wham!|45976
15/11/2025,44,Don't Mind If I Do,Riley Green Featuring Ella Langley,45,44,14,57,Don't Mind If I Do|Riley Green Featuring Ella Langley|45976
15/11/2025,45,Yukon,Justin Bieber,43,17,17,57,Yukon|Justin Bieber|45976
15/11/2025,46,So Easy (To Fall In Love),Olivia Dean,44,44,6,56,So Easy (To Fall In Love)|Olivia Dean|45976
15/11/2025,47,Shot Callin,YoungBoy Never Broke Again,48,43,8,56,Shot Callin|YoungBoy Never Broke Again|45976
15/11/2025,48,Somewhere Over Laredo,Lainey Wilson,49,48,18,56,Somewhere Over Laredo|Lainey Wilson|45976
15/11/2025,49,Eldest Daughter,Taylor Swift,29,9,5,56,Eldest Daughter|Taylor Swift|45976
15/11/2025,50,wgft,Gunna Featuring Burna Boy,55,50,13,55,wgft|Gunna Featuring Burna Boy|45976
15/11/2025,51,Ruin The Friendship,Taylor Swift,31,11,5,55,Ruin The Friendship|Taylor Swift|45976
15/11/2025,52,Hell At Night,BigXthaPlug Featuring Ella Langley,52,35,13,54,Hell At Night|BigXthaPlug Featuring Ella Langley|45976
15/11/2025,53,Is It A Crime,Mariah The Scientist & Kali Uchis,53,53,13,53,Is It A Crime|Mariah The Scientist & Kali Uchis|45976
15/11/2025,54,House Again,Hudson Westbrook,60,47,29,53,House Again|Hudson Westbrook|45976
15/11/2025,55,Honey,Taylor Swift,33,12,5,53,Honey|Taylor Swift|45976
15/11/2025,56,Darlin',Chase Matthew,57,56,7,51,Darlin'|Chase Matthew|45976
15/11/2025,57,The Dead Dance,Lady Gaga,61,40,9,50,The Dead Dance|Lady Gaga|45976
15/11/2025,58,Jealous Type,Doja Cat,54,28,11,50,Jealous Type|Doja Cat|45976
15/11/2025,59,Safe,Cardi B Featuring Kehlani,56,26,7,50,Safe|Cardi B Featuring Kehlani|45976
15/11/2025,60,Better Me For You (Brown Eyes),Max McNown,67,50,21,50,Better Me For You (Brown Eyes)|Max McNown|45976
15/11/2025,61,Nice To Meet You,Myles Smith,63,61,22,49,Nice To Meet You|Myles Smith|45976
15/11/2025,62,20 Cigarettes,Morgan Wallen,77,20,24,47,20 Cigarettes|Morgan Wallen|45976
15/11/2025,63,Last One To Know,Gavin Adcock,65,54,12,47,Last One To Know|Gavin Adcock|45976
15/11/2025,64,Sugar On My Tongue,"Tyler, The Creator",58,41,16,47,"Sugar On My Tongue|Tyler, The Creator|45976"
15/11/2025,65,Where Is My Husband!,RAYE,70,65,6,47,Where Is My Husband!|RAYE|45976
15/11/2025,66,12 To 12,sombr,59,41,12,46,12 To 12|sombr|45976
15/11/2025,67,When Did You Get Hot?,Sabrina Carpenter,62,17,10,46,When Did You Get Hot?|Sabrina Carpenter|45976
15/11/2025,68,Camera,Ed Sheeran,79,58,8,44,Camera|Ed Sheeran|45976
15/11/2025,69,Take Me Thru Dere,"Metro Boomin, Quavo, Breskii & YKNIECE",71,69,6,42,"Take Me Thru Dere|Metro Boomin, Quavo, Breskii & YKNIECE|45976"
15/11/2025,70,The Fall,Cody Johnson,73,70,6,41,The Fall|Cody Johnson|45976
15/11/2025,71,Heavens To Betsy,Jackson Dean,89,71,3,41,Heavens To Betsy|Jackson Dean|45976
15/11/2025,72,Bottle Rockets,Scotty McCreery & Hootie & The Blowfish,68,32,20,41,Bottle Rockets|Scotty McCreery & Hootie & The Blowfish|45976
15/11/2025,73,Strategy,Twice,72,51,16,40,Strategy|Twice|45976
15/11/2025,74,What Kinda Man,Parker McCollum,75,74,8,39,What Kinda Man|Parker McCollum|45976
15/11/2025,75,Heart Of Stone,Jelly Roll,69,53,12,39,Heart Of Stone|Jelly Roll|45976
15/11/2025,76,Sparks,Coldplay,74,74,17,39,Sparks|Coldplay|45976
15/11/2025,77,Takedown,"JEONGYEON, JIHYO & CHAEYOUNG Of TWICE",80,50,18,38,"Takedown|JEONGYEON, JIHYO & CHAEYOUNG Of TWICE|45976"
15/11/2025,78,Went Legit,G Herbo,76,73,16,38,Went Legit|G Herbo|45976
15/11/2025,79,Days Like These,Luke Combs,-,79,2,37,Days Like These|Luke Combs|45976
15/11/2025,80,Lover Girl,Megan Thee Stallion,38,38,2,37,Lover Girl|Megan Thee Stallion|45976
15/11/2025,81,What You Is,YoungBoy Never Broke Again & Mellow Rackz,78,75,5,35,What You Is|YoungBoy Never Broke Again & Mellow Rackz|45976
15/11/2025,82,Amen,Shaboozey & Jelly Roll,86,56,26,35,Amen|Shaboozey & Jelly Roll|45976
15/11/2025,83,A Couple Minutes,Olivia Dean,87,83,2,35,A Couple Minutes|Olivia Dean|45976
15/11/2025,84,How Far Does A Goodbye Go,Jason Aldean,88,84,4,35,How Far Does A Goodbye Go|Jason Aldean|45976
15/11/2025,85,Beautiful Things,Megan Moroney,64,64,2,35,Beautiful Things|Megan Moroney|45976
15/11/2025,86,Sienna,The Marias,83,74,9,35,Sienna|The Marias|45976
15/11/2025,87,Bar None,Jordan Davis,82,37,18,34,Bar None|Jordan Davis|45976
15/11/2025,88,Nobody's Son,Sabrina Carpenter,81,12,10,34,Nobody's Son|Sabrina Carpenter|45976
15/11/2025,89,Spaghetti,Le Sserafim & J-Hope,50,50,2,34,Spaghetti|Le Sserafim & J-Hope|45976
15/11/2025,90,Favorite Country Song,HARDY,100,90,2,32,Favorite Country Song|HARDY|45976
15/11/2025,91,I Ain't Coming Back,Morgan Wallen Featuring Post Malone,98,8,24,32,I Ain't Coming Back|Morgan Wallen Featuring Post Malone|45976
15/11/2025,92,Wish,Diplo Featuring Trippie Redd,84,79,5,32,Wish|Diplo Featuring Trippie Redd|45976
15/11/2025,93,Come N Go,Yeat,-,93,1,31,Come N Go|Yeat|45976
15/11/2025,94,"3,2,1",Tucker Wetmore,92,92,4,31,"3,2,1|Tucker Wetmore|45976"
15/11/2025,95,I'm Not There For You,Jessie Murph,66,66,2,31,I'm Not There For You|Jessie Murph|45976
15/11/2025,96,Breakin' Dishes,Rihanna,90,82,8,31,Breakin' Dishes|Rihanna|45976
15/11/2025,97,Shake It To The Max (Fly),"MOLIY, Silent Addy, Skillibeng & Shenseea",-,44,21,30,"Shake It To The Max (Fly)|MOLIY, Silent Addy, Skillibeng & Shenseea|45976"
15/11/2025,98,Let Down,Radiohead,97,91,11,30,Let Down|Radiohead|45976
15/11/2025,99,3am,Loe Shimmy & Don Toliver,-,99,2,30,3am|Loe Shimmy & Don Toliver|45976
15/11/2025,100,Nice To Each Other,Olivia Dean,94,88,4,30,Nice To Each Other|Olivia Dean|45976
08/11/2025,1,The Fate Of Ophelia,Taylor Swift,1,1,4,304,The Fate Of Ophelia|Taylor Swift|45969
08/11/2025,2,Golden,"HUNTR/X: EJAE, Audrey Nuna & REI AMI",2,1,19,275,"Golden|HUNTR/X: EJAE, Audrey Nuna & REI AMI|45969"
08/11/2025,3,Ordinary,Alex Warren,3,1,38,226,Ordinary|Alex Warren|45969
08/11/2025,4,Opalite,Taylor Swift,4,2,4,173,Opalite|Taylor Swift|45969
08/11/2025,5,Man I Need,Olivia Dean,8,5,10,135,Man I Need|Olivia Dean|45969
08/11/2025,6,Daisies,Justin Bieber,7,2,16,133,Daisies|Justin Bieber|45969
08/11/2025,7,Folded,Kehlani,14,7,20,132,Folded|Kehlani|45969
08/11/2025,8,Elizabeth Taylor,Taylor Swift,5,3,4,119,Elizabeth Taylor|Taylor Swift|45969
08/11/2025,9,I Got Better,Morgan Wallen,9,7,24,118,I Got Better|Morgan Wallen|45969
08/11/2025,10,Mutt,Leon Thomas,10,10,39,118,Mutt|Leon Thomas|45969
08/11/2025,11,Father Figure,Taylor Swift,6,4,4,105,Father Figure|Taylor Swift|45969
08/11/2025,12,Back To Friends,sombr,18,12,31,102,Back To Friends|sombr|45969
08/11/2025,13,Your Idol,"Saja Boys: Andrew Choi, Neckwav, Danny Chung, Kevin Woo & samUIL Lee",17,4,19,95,"Your Idol|Saja Boys: Andrew Choi, Neckwav, Danny Chung, Kevin Woo & samUIL Lee|45969"
08/11/2025,14,Wi$h Li$t,Taylor Swift,11,6,4,91,Wi$h Li$t|Taylor Swift|45969
08/11/2025,15,What I Want,Morgan Wallen Featuring Tate McRae,21,1,24,91,What I Want|Morgan Wallen Featuring Tate McRae|45969
08/11/2025,16,Manchild,Sabrina Carpenter,25,1,21,91,Manchild|Sabrina Carpenter|45969
08/11/2025,17,Love Me Not,Ravyn Lenae,24,5,31,90,Love Me Not|Ravyn Lenae|45969
08/11/2025,18,Soda Pop,"Saja Boys: Andrew Choi, Neckwav, Danny Chung, Kevin Woo & samUIL Lee",23,3,18,90,"Soda Pop|Saja Boys: Andrew Choi, Neckwav, Danny Chung, Kevin Woo & samUIL Lee|45969"
08/11/2025,19,It Depends,Chris Brown Featuring Bryson Tiller,16,16,14,89,It Depends|Chris Brown Featuring Bryson Tiller|45969
08/11/2025,20,Tears,Sabrina Carpenter,27,3,9,88,Tears|Sabrina Carpenter|45969
08/11/2025,21,The Life Of A Showgirl,Taylor Swift Featuring Sabrina Carpenter,12,8,4,86,The Life Of A Showgirl|Taylor Swift Featuring Sabrina Carpenter|45969
08/11/2025,22,Back In The Saddle,Luke Combs,32,22,14,81,Back In The Saddle|Luke Combs|45969
08/11/2025,23,How It's Done,"HUNTR/X: EJAE, Audrey Nuna & REI AMI",28,8,18,81,"How It's Done|HUNTR/X: EJAE, Audrey Nuna & REI AMI|45969"
08/11/2025,24,Wood,Taylor Swift,13,5,4,80,Wood|Taylor Swift|45969
08/11/2025,25,Actually Romantic,Taylor Swift,15,7,4,79,Actually Romantic|Taylor Swift|45969
08/11/2025,26,Mystical Magical,Benson Boone,30,17,27,78,Mystical Magical|Benson Boone|45969
08/11/2025,27,Tit For Tat,Tate McRae,29,3,5,76,Tit For Tat|Tate McRae|45969
08/11/2025,28,Cancelled!,Taylor Swift,19,10,4,74,Cancelled!|Taylor Swift|45969
08/11/2025,29,Eldest Daughter,Taylor Swift,20,9,4,73,Eldest Daughter|Taylor Swift|45969
08/11/2025,30,What It Sounds Like,"HUNTR/X: EJAE, Audrey Nuna & REI AMI",31,15,18,73,"What It Sounds Like|HUNTR/X: EJAE, Audrey Nuna & REI AMI|45969"
08/11/2025,31,Ruin The Friendship,Taylor Swift,22,11,4,71,Ruin The Friendship|Taylor Swift|45969
08/11/2025,32,Thriller,Michael Jackson,-,4,25,71,Thriller|Michael Jackson|45969
08/11/2025,33,Honey,Taylor Swift,26,12,4,68,Honey|Taylor Swift|45969
08/11/2025,34,Burning Blue,Mariah The Scientist,37,25,26,67,Burning Blue|Mariah The Scientist|45969
08/11/2025,35,Choosin' Texas,Ella Langley,39,35,2,67,Choosin' Texas|Ella Langley|45969
08/11/2025,36,Takedown,"HUNTR/X: EJAE, Audrey Nuna & REI AMI",34,21,18,65,"Takedown|HUNTR/X: EJAE, Audrey Nuna & REI AMI|45969"
08/11/2025,37,Gabriela,KATSEYE,40,37,15,65,Gabriela|KATSEYE|45969
08/11/2025,38,Lover Girl,Megan Thee Stallion,-,38,1,63,Lover Girl|Megan Thee Stallion|45969
08/11/2025,39,Dracula,Tame Impala & JENNIE,33,33,5,63,Dracula|Tame Impala & JENNIE|45969
08/11/2025,40,Free,Rumi & JINU: EJAE & Andrew Choi,35,23,18,63,Free|Rumi & JINU: EJAE & Andrew Choi|45969
08/11/2025,41,No Broke Boys,Disco Lines & Tinashe,42,39,16,60,No Broke Boys|Disco Lines & Tinashe|45969
08/11/2025,42,Happen To Me,Russell Dickerson,41,28,28,60,Happen To Me|Russell Dickerson|45969
08/11/2025,43,Yukon,Justin Bieber,36,17,16,60,Yukon|Justin Bieber|45969
08/11/2025,44,So Easy (To Fall In Love),Olivia Dean,44,44,5,59,So Easy (To Fall In Love)|Olivia Dean|45969
08/11/2025,45,Don't Mind If I Do,Riley Green Featuring Ella Langley,54,45,13,57,Don't Mind If I Do|Riley Green Featuring Ella Langley|45969
08/11/2025,46,6 Months Later,Megan Moroney,48,30,19,56,6 Months Later|Megan Moroney|45969
08/11/2025,47,This Is Halloween,The Citizens of Halloween,-,38,3,56,This Is Halloween|The Citizens of Halloween|45969
08/11/2025,48,Shot Callin,YoungBoy Never Broke Again,43,43,7,56,Shot Callin|YoungBoy Never Broke Again|45969
08/11/2025,49,Somewhere Over Laredo,Lainey Wilson,52,49,17,55,Somewhere Over Laredo|Lainey Wilson|45969
08/11/2025,50,Spaghetti,Le Sserafim & J-Hope,-,50,1,55,Spaghetti|Le Sserafim & J-Hope|45969
08/11/2025,51,Wildflower,Billie Eilish,47,17,72,54,Wildflower|Billie Eilish|45969
08/11/2025,52,Hell At Night,BigXthaPlug Featuring Ella Langley,50,35,12,53,Hell At Night|BigXthaPlug Featuring Ella Langley|45969
08/11/2025,53,Is It A Crime,Mariah The Scientist & Kali Uchis,58,53,12,53,Is It A Crime|Mariah The Scientist & Kali Uchis|45969
08/11/2025,54,Jealous Type,Doja Cat,53,28,10,53,Jealous Type|Doja Cat|45969
08/11/2025,55,wgft,Gunna Featuring Burna Boy,59,55,12,51,wgft|Gunna Featuring Burna Boy|45969
08/11/2025,56,Safe,Cardi B Featuring Kehlani,57,26,6,51,Safe|Cardi B Featuring Kehlani|45969
08/11/2025,57,Darlin',Chase Matthew,61,57,6,50,Darlin'|Chase Matthew|45969
08/11/2025,58,Sugar On My Tongue,"Tyler, The Creator",51,41,15,50,"Sugar On My Tongue|Tyler, The Creator|45969"
08/11/2025,59,12 To 12,sombr,46,41,11,49,12 To 12|sombr|45969
08/11/2025,60,House Again,Hudson Westbrook,55,47,28,48,House Again|Hudson Westbrook|45969
08/11/2025,61,The Dead Dance,Lady Gaga,60,40,8,48,The Dead Dance|Lady Gaga|45969
08/11/2025,62,When Did You Get Hot?,Sabrina Carpenter,45,17,9,48,When Did You Get Hot?|Sabrina Carpenter|45969
08/11/2025,63,Nice To Meet You,Myles Smith,62,62,21,47,Nice To Meet You|Myles Smith|45969
08/11/2025,64,Beautiful Things,Megan Moroney,-,64,1,47,Beautiful Things|Megan Moroney|45969
08/11/2025,65,Last One To Know,Gavin Adcock,65,54,11,46,Last One To Know|Gavin Adcock|45969
08/11/2025,66,I'm Not There For You,Jessie Murph,-,66,1,46,I'm Not There For You|Jessie Murph|45969
08/11/2025,67,Better Me For You (Brown Eyes),Max McNown,66,50,20,45,Better Me For You (Brown Eyes)|Max McNown|45969
08/11/2025,68,Bottle Rockets,Scotty McCreery & Hootie & The Blowfish,64,32,19,45,Bottle Rockets|Scotty McCreery & Hootie & The Blowfish|45969
08/11/2025,69,Heart Of Stone,Jelly Roll,70,53,11,43,Heart Of Stone|Jelly Roll|45969
08/11/2025,70,Where Is My Husband!,RAYE,67,67,5,43,Where Is My Husband!|RAYE|45969
08/11/2025,71,Take Me Thru Dere,"Metro Boomin, Quavo, Breskii & YKNIECE",71,71,5,41,"Take Me Thru Dere|Metro Boomin, Quavo, Breskii & YKNIECE|45969"
08/11/2025,72,Strategy,Twice,69,51,15,41,Strategy|Twice|45969
08/11/2025,73,The Fall,Cody Johnson,77,73,5,41,The Fall|Cody Johnson|45969
08/11/2025,74,Sparks,Coldplay,80,74,16,40,Sparks|Coldplay|45969
08/11/2025,75,What Kinda Man,Parker McCollum,81,75,7,39,What Kinda Man|Parker McCollum|45969
08/11/2025,76,Went Legit,G Herbo,73,73,15,39,Went Legit|G Herbo|45969
08/11/2025,77,20 Cigarettes,Morgan Wallen,-,20,23,38,20 Cigarettes|Morgan Wallen|45969
08/11/2025,78,What You Is,YoungBoy Never Broke Again & Mellow Rackz,75,75,4,38,What You Is|YoungBoy Never Broke Again & Mellow Rackz|45969
08/11/2025,79,Camera,Ed Sheeran,78,58,7,38,Camera|Ed Sheeran|45969
08/11/2025,80,Takedown,"JEONGYEON, JIHYO & CHAEYOUNG Of TWICE",74,50,17,38,"Takedown|JEONGYEON, JIHYO & CHAEYOUNG Of TWICE|45969"
08/11/2025,81,Nobody's Son,Sabrina Carpenter,82,12,9,38,Nobody's Son|Sabrina Carpenter|45969
08/11/2025,82,Bar None,Jordan Davis,72,37,17,37,Bar None|Jordan Davis|45969
08/11/2025,83,Sienna,The Marias,83,74,8,35,Sienna|The Marias|45969
08/11/2025,84,Wish,Diplo Featuring Trippie Redd,79,79,4,35,Wish|Diplo Featuring Trippie Redd|45969
08/11/2025,85,Pixelated Kisses,Joji,38,38,3,35,Pixelated Kisses|Joji|45969
08/11/2025,86,Amen,Shaboozey & Jelly Roll,85,56,25,34,Amen|Shaboozey & Jelly Roll|45969
08/11/2025,87,A Couple Minutes,Olivia Dean,-,87,1,34,A Couple Minutes|Olivia Dean|45969
08/11/2025,88,How Far Does A Goodbye Go,Jason Aldean,90,88,3,34,How Far Does A Goodbye Go|Jason Aldean|45969
08/11/2025,89,Heavens To Betsy,Jackson Dean,95,89,2,33,Heavens To Betsy|Jackson Dean|45969
08/11/2025,90,Breakin' Dishes,Rihanna,89,82,7,33,Breakin' Dishes|Rihanna|45969
08/11/2025,91,Maui Wowie,Kid Cudi,76,71,3,32,Maui Wowie|Kid Cudi|45969
08/11/2025,92,"3,2,1",Tucker Wetmore,94,92,3,32,"3,2,1|Tucker Wetmore|45969"
08/11/2025,93,ErrTime,Cardi B,84,43,6,32,ErrTime|Cardi B|45969
08/11/2025,94,Nice To Each Other,Olivia Dean,88,88,3,31,Nice To Each Other|Olivia Dean|45969
08/11/2025,95,The Subway,Chappell Roan,68,3,13,31,The Subway|Chappell Roan|45969
08/11/2025,96,Amor,Emmanuel Cortes,-,96,1,31,Amor|Emmanuel Cortes|45969
08/11/2025,97,Let Down,Radiohead,93,91,10,31,Let Down|Radiohead|45969
08/11/2025,98,I Ain't Coming Back,Morgan Wallen Featuring Post Malone,-,8,23,30,I Ain't Coming Back|Morgan Wallen Featuring Post Malone|45969
08/11/2025,99,Outside,Cardi B,86,10,19,30,Outside|Cardi B|45969
08/11/2025,100,Favorite Country Song,HARDY,-,100,1,30,Favorite Country Song|HARDY|45969
01/11/2025,1,The Fate Of Ophelia,Taylor Swift,1,1,3,318,The Fate Of Ophelia|Taylor Swift|45962
01/11/2025,2,Golden,"HUNTR/X: EJAE, Audrey Nuna & REI AMI",3,1,18,270,"Golden|HUNTR/X: EJAE, Audrey Nuna & REI AMI|45962"
01/11/2025,3,Ordinary,Alex Warren,4,1,37,230,Ordinary|Alex Warren|45962
01/11/2025,4,Opalite,Taylor Swift,2,2,3,205,Opalite|Taylor Swift|45962
01/11/2025,5,Elizabeth Taylor,Taylor Swift,5,3,3,151,Elizabeth Taylor|Taylor Swift|45962
01/11/2025,6,Father Figure,Taylor Swift,6,4,3,139,Father Figure|Taylor Swift|45962
01/11/2025,7,Daisies,Justin Bieber,15,2,15,134,Daisies|Justin Bieber|45962
01/11/2025,8,Man I Need,Olivia Dean,17,8,9,129,Man I Need|Olivia Dean|45962
01/11/2025,9,I Got Better,Morgan Wallen,16,7,23,123,I Got Better|Morgan Wallen|45962
01/11/2025,10,Mutt,Leon Thomas,18,10,38,122,Mutt|Leon Thomas|45962
01/11/2025,11,Wi$h Li$t,Taylor Swift,7,6,3,119,Wi$h Li$t|Taylor Swift|45962
01/11/2025,12,The Life Of A Showgirl,Taylor Swift Featuring Sabrina Carpenter,9,8,3,111,The Life Of A Showgirl|Taylor Swift Featuring Sabrina Carpenter|45962
01/11/2025,13,Wood,Taylor Swift,8,5,3,108,Wood|Taylor Swift|45962
01/11/2025,14,Folded,Kehlani,21,14,19,107,Folded|Kehlani|45962
01/11/2025,15,Actually Romantic,Taylor Swift,10,7,3,105,Actually Romantic|Taylor Swift|45962
01/11/2025,16,It Depends,Chris Brown Featuring Bryson Tiller,31,16,13,103,It Depends|Chris Brown Featuring Bryson Tiller|45962
01/11/2025,17,Your Idol,"Saja Boys: Andrew Choi, Neckwav, Danny Chung, Kevin Woo & samUIL Lee",20,4,18,99,"Your Idol|Saja Boys: Andrew Choi, Neckwav, Danny Chung, Kevin Woo & samUIL Lee|45962"
01/11/2025,18,Back To Friends,sombr,24,18,30,99,Back To Friends|sombr|45962
01/11/2025,19,Cancelled!,Taylor Swift,11,10,3,98,Cancelled!|Taylor Swift|45962
01/11/2025,20,Eldest Daughter,Taylor Swift,12,9,3,97,Eldest Daughter|Taylor Swift|45962
01/11/2025,21,What I Want,Morgan Wallen Featuring Tate McRae,22,1,23,96,What I Want|Morgan Wallen Featuring Tate McRae|45962
01/11/2025,22,Ruin The Friendship,Taylor Swift,13,11,3,96,Ruin The Friendship|Taylor Swift|45962
01/11/2025,23,Soda Pop,"Saja Boys: Andrew Choi, Neckwav, Danny Chung, Kevin Woo & samUIL Lee",19,3,17,95,"Soda Pop|Saja Boys: Andrew Choi, Neckwav, Danny Chung, Kevin Woo & samUIL Lee|45962"
01/11/2025,24,Love Me Not,Ravyn Lenae,23,5,30,94,Love Me Not|Ravyn Lenae|45962
01/11/2025,25,Manchild,Sabrina Carpenter,26,1,20,90,Manchild|Sabrina Carpenter|45962
01/11/2025,26,Honey,Taylor Swift,14,12,3,90,Honey|Taylor Swift|45962
01/11/2025,27,Tears,Sabrina Carpenter,29,3,8,88,Tears|Sabrina Carpenter|45962
01/11/2025,28,How It's Done,"HUNTR/X: EJAE, Audrey Nuna & REI AMI",25,8,17,86,"How It's Done|HUNTR/X: EJAE, Audrey Nuna & REI AMI|45962"
01/11/2025,29,Tit For Tat,Tate McRae,27,3,4,86,Tit For Tat|Tate McRae|45962
01/11/2025,30,Mystical Magical,Benson Boone,28,17,26,85,Mystical Magical|Benson Boone|45962
01/11/2025,31,What It Sounds Like,"HUNTR/X: EJAE, Audrey Nuna & REI AMI",30,15,17,78,"What It Sounds Like|HUNTR/X: EJAE, Audrey Nuna & REI AMI|45962"
01/11/2025,32,Back In The Saddle,Luke Combs,34,32,13,77,Back In The Saddle|Luke Combs|45962
01/11/2025,33,Dracula,Tame Impala & JENNIE,59,33,4,72,Dracula|Tame Impala & JENNIE|45962
01/11/2025,34,Takedown,"HUNTR/X: EJAE, Audrey Nuna & REI AMI",32,21,17,70,"Takedown|HUNTR/X: EJAE, Audrey Nuna & REI AMI|45962"
01/11/2025,35,Free,Rumi & JINU: EJAE & Andrew Choi,33,23,17,67,Free|Rumi & JINU: EJAE & Andrew Choi|45962
01/11/2025,36,Yukon,Justin Bieber,36,17,15,67,Yukon|Justin Bieber|45962
01/11/2025,37,Burning Blue,Mariah The Scientist,35,25,25,66,Burning Blue|Mariah The Scientist|45962
01/11/2025,38,Pixelated Kisses,Joji,90,38,2,66,Pixelated Kisses|Joji|45962
01/11/2025,39,Choosin' Texas,Ella Langley,-,39,1,65,Choosin' Texas|Ella Langley|45962
01/11/2025,40,Gabriela,KATSEYE,41,40,14,62,Gabriela|KATSEYE|45962
01/11/2025,41,Happen To Me,Russell Dickerson,40,28,27,61,Happen To Me|Russell Dickerson|45962
01/11/2025,42,No Broke Boys,Disco Lines & Tinashe,39,39,15,60,No Broke Boys|Disco Lines & Tinashe|45962
01/11/2025,43,Shot Callin,YoungBoy Never Broke Again,44,43,6,57,Shot Callin|YoungBoy Never Broke Again|45962
01/11/2025,44,So Easy (To Fall In Love),Olivia Dean,53,44,4,56,So Easy (To Fall In Love)|Olivia Dean|45962
01/11/2025,45,When Did You Get Hot?,Sabrina Carpenter,52,17,8,55,When Did You Get Hot?|Sabrina Carpenter|45962
01/11/2025,46,12 To 12,sombr,43,41,10,55,12 To 12|sombr|45962
01/11/2025,47,Wildflower,Billie Eilish,50,17,71,54,Wildflower|Billie Eilish|45962
01/11/2025,48,6 Months Later,Megan Moroney,46,30,18,53,6 Months Later|Megan Moroney|45962
01/11/2025,49,Graveyard Whistling,Morgan Wallen,-,49,1,53,Graveyard Whistling|Morgan Wallen|45962
01/11/2025,50,Hell At Night,BigXthaPlug Featuring Ella Langley,49,35,11,53,Hell At Night|BigXthaPlug Featuring Ella Langley|45962
01/11/2025,51,Sugar On My Tongue,"Tyler, The Creator",42,41,14,53,"Sugar On My Tongue|Tyler, The Creator|45962"
01/11/2025,52,Somewhere Over Laredo,Lainey Wilson,51,51,16,53,Somewhere Over Laredo|Lainey Wilson|45962
01/11/2025,53,Jealous Type,Doja Cat,45,28,9,52,Jealous Type|Doja Cat|45962
01/11/2025,54,Don't Mind If I Do,Riley Green Featuring Ella Langley,58,54,12,52,Don't Mind If I Do|Riley Green Featuring Ella Langley|45962
01/11/2025,55,House Again,Hudson Westbrook,47,47,27,52,House Again|Hudson Westbrook|45962
01/11/2025,56,My Old Ways,Tame Impala,-,56,1,52,My Old Ways|Tame Impala|45962
01/11/2025,57,Safe,Cardi B Featuring Kehlani,48,26,5,52,Safe|Cardi B Featuring Kehlani|45962
01/11/2025,58,Is It A Crime,Mariah The Scientist & Kali Uchis,55,55,11,51,Is It A Crime|Mariah The Scientist & Kali Uchis|45962
01/11/2025,59,wgft,Gunna Featuring Burna Boy,62,59,11,50,wgft|Gunna Featuring Burna Boy|45962
01/11/2025,60,The Dead Dance,Lady Gaga,57,40,7,49,The Dead Dance|Lady Gaga|45962
01/11/2025,61,Darlin',Chase Matthew,64,61,5,47,Darlin'|Chase Matthew|45962
01/11/2025,62,Nice To Meet You,Myles Smith,65,62,20,46,Nice To Meet You|Myles Smith|45962
01/11/2025,63,Leavin,Rod Wave,68,63,2,46,Leavin|Rod Wave|45962
01/11/2025,64,Bottle Rockets,Scotty McCreery & Hootie & The Blowfish,56,32,18,46,Bottle Rockets|Scotty McCreery & Hootie & The Blowfish|45962
01/11/2025,65,Last One To Know,Gavin Adcock,54,54,10,45,Last One To Know|Gavin Adcock|45962
01/11/2025,66,Better Me For You (Brown Eyes),Max McNown,61,50,19,45,Better Me For You (Brown Eyes)|Max McNown|45962
01/11/2025,67,Where Is My Husband!,RAYE,70,67,4,44,Where Is My Husband!|RAYE|45962
01/11/2025,68,The Subway,Chappell Roan,82,3,12,44,The Subway|Chappell Roan|45962
01/11/2025,69,Strategy,Twice,63,51,14,44,Strategy|Twice|45962
01/11/2025,70,Heart Of Stone,Jelly Roll,60,53,10,44,Heart Of Stone|Jelly Roll|45962
01/11/2025,71,Take Me Thru Dere,"Metro Boomin, Quavo, Breskii & YKNIECE",75,71,4,41,"Take Me Thru Dere|Metro Boomin, Quavo, Breskii & YKNIECE|45962"
01/11/2025,72,Bar None,Jordan Davis,37,37,16,41,Bar None|Jordan Davis|45962
01/11/2025,73,Went Legit,G Herbo,73,73,14,41,Went Legit|G Herbo|45962
01/11/2025,74,Takedown,"JEONGYEON, JIHYO & CHAEYOUNG Of TWICE",67,50,16,40,"Takedown|JEONGYEON, JIHYO & CHAEYOUNG Of TWICE|45962"
01/11/2025,75,What You Is,YoungBoy Never Broke Again & Mellow Rackz,76,75,3,40,What You Is|YoungBoy Never Broke Again & Mellow Rackz|45962
01/11/2025,76,Maui Wowie,Kid Cudi,71,71,2,40,Maui Wowie|Kid Cudi|45962
01/11/2025,77,The Fall,Cody Johnson,78,77,4,39,The Fall|Cody Johnson|45962
01/11/2025,78,Camera,Ed Sheeran,80,58,6,39,Camera|Ed Sheeran|45962
01/11/2025,79,Wish,Diplo Featuring Trippie Redd,83,79,3,39,Wish|Diplo Featuring Trippie Redd|45962
01/11/2025,80,Sparks,Coldplay,74,74,15,38,Sparks|Coldplay|45962
01/11/2025,81,What Kinda Man,Parker McCollum,84,81,6,38,What Kinda Man|Parker McCollum|45962
01/11/2025,82,Nobody's Son,Sabrina Carpenter,87,12,8,37,Nobody's Son|Sabrina Carpenter|45962
01/11/2025,83,Sienna,The Marias,81,74,7,37,Sienna|The Marias|45962
01/11/2025,84,ErrTime,Cardi B,69,43,5,37,ErrTime|Cardi B|45962
01/11/2025,85,Amen,Shaboozey & Jelly Roll,88,56,24,34,Amen|Shaboozey & Jelly Roll|45962
01/11/2025,86,Outside,Cardi B,86,10,18,33,Outside|Cardi B|45962
01/11/2025,87,Eternity,Alex Warren,85,16,14,33,Eternity|Alex Warren|45962
01/11/2025,88,Nice To Each Other,Olivia Dean,-,88,2,31,Nice To Each Other|Olivia Dean|45962
01/11/2025,89,Breakin' Dishes,Rihanna,91,82,6,31,Breakin' Dishes|Rihanna|45962
01/11/2025,90,How Far Does A Goodbye Go,Jason Aldean,-,88,2,31,How Far Does A Goodbye Go|Jason Aldean|45962
01/11/2025,91,Loser,Tame Impala,-,91,1,31,Loser|Tame Impala|45962
01/11/2025,92,Dusty Bibles,Josiah Queen,-,92,1,31,Dusty Bibles|Josiah Queen|45962
01/11/2025,93,Let Down,Radiohead,92,91,9,31,Let Down|Radiohead|45962
01/11/2025,94,"3,2,1",Tucker Wetmore,-,94,2,31,"3,2,1|Tucker Wetmore|45962"
01/11/2025,95,Heavens To Betsy,Jackson Dean,-,95,1,30,Heavens To Betsy|Jackson Dean|45962
01/11/2025,96,Shake It To The Max (Fly),"MOLIY, Silent Addy, Skillibeng & Shenseea",99,44,20,30,"Shake It To The Max (Fly)|MOLIY, Silent Addy, Skillibeng & Shenseea|45962"
01/11/2025,97,Gnarly,KATSEYE,98,90,11,29,Gnarly|KATSEYE|45962
01/11/2025,98,What An Awesome God,Phil Wickham,96,96,3,29,What An Awesome God|Phil Wickham|45962
01/11/2025,99,Holy Water,Marshmello x Jelly Roll,79,79,5,29,Holy Water|Marshmello x Jelly Roll|45962
01/11/2025,100,3am,Loe Shimmy & Don Toliver,-,100,1,29,3am|Loe Shimmy & Don Toliver|45962
25/10/2025,1,The Fate Of Ophelia,Taylor Swift,1,1,2,424,The Fate Of Ophelia|Taylor Swift|45955
25/10/2025,2,Opalite,Taylor Swift,2,2,2,293,Opalite|Taylor Swift|45955
25/10/2025,3,Golden,"HUNTR/X: EJAE, Audrey Nuna & REI AMI",13,1,17,291,"Golden|HUNTR/X: EJAE, Audrey Nuna & REI AMI|45955"
25/10/2025,4,Ordinary,Alex Warren,14,1,36,237,Ordinary|Alex Warren|45955
25/10/2025,5,Elizabeth Taylor,Taylor Swift,3,3,2,225,Elizabeth Taylor|Taylor Swift|45955
25/10/2025,6,Father Figure,Taylor Swift,4,4,2,211,Father Figure|Taylor Swift|45955
25/10/2025,7,Wi$h Li$t,Taylor Swift,6,6,2,177,Wi$h Li$t|Taylor Swift|45955
25/10/2025,8,Wood,Taylor Swift,5,5,2,172,Wood|Taylor Swift|45955
25/10/2025,9,The Life Of A Showgirl,Taylor Swift Featuring Sabrina Carpenter,8,8,2,165,The Life Of A Showgirl|Taylor Swift Featuring Sabrina Carpenter|45955
25/10/2025,10,Actually Romantic,Taylor Swift,7,7,2,163,Actually Romantic|Taylor Swift|45955
25/10/2025,11,Cancelled!,Taylor Swift,10,10,2,155,Cancelled!|Taylor Swift|45955
25/10/2025,12,Eldest Daughter,Taylor Swift,9,9,2,153,Eldest Daughter|Taylor Swift|45955
25/10/2025,13,Ruin The Friendship,Taylor Swift,11,11,2,149,Ruin The Friendship|Taylor Swift|45955
25/10/2025,14,Honey,Taylor Swift,12,12,2,138,Honey|Taylor Swift|45955
25/10/2025,15,Daisies,Justin Bieber,15,2,14,136,Daisies|Justin Bieber|45955
25/10/2025,16,I Got Better,Morgan Wallen,16,7,22,131,I Got Better|Morgan Wallen|45955
25/10/2025,17,Man I Need,Olivia Dean,20,12,8,123,Man I Need|Olivia Dean|45955
25/10/2025,18,Mutt,Leon Thomas,18,11,37,121,Mutt|Leon Thomas|45955
25/10/2025,19,Soda Pop,"Saja Boys: Andrew Choi, Neckwav, Danny Chung, Kevin Woo & samUIL Lee",19,3,16,114,"Soda Pop|Saja Boys: Andrew Choi, Neckwav, Danny Chung, Kevin Woo & samUIL Lee|45955"
25/10/2025,20,Your Idol,"Saja Boys: Andrew Choi, Neckwav, Danny Chung, Kevin Woo & samUIL Lee",21,4,17,112,"Your Idol|Saja Boys: Andrew Choi, Neckwav, Danny Chung, Kevin Woo & samUIL Lee|45955"
25/10/2025,21,Folded,Kehlani,27,18,18,108,Folded|Kehlani|45955
25/10/2025,22,What I Want,Morgan Wallen Featuring Tate McRae,24,1,22,105,What I Want|Morgan Wallen Featuring Tate McRae|45955
25/10/2025,23,Love Me Not,Ravyn Lenae,26,5,29,99,Love Me Not|Ravyn Lenae|45955
25/10/2025,24,Back To Friends,sombr,30,22,29,99,Back To Friends|sombr|45955
25/10/2025,25,How It's Done,"HUNTR/X: EJAE, Audrey Nuna & REI AMI",28,8,16,97,"How It's Done|HUNTR/X: EJAE, Audrey Nuna & REI AMI|45955"
25/10/2025,26,Manchild,Sabrina Carpenter,29,1,19,95,Manchild|Sabrina Carpenter|45955
25/10/2025,27,Tit For Tat,Tate McRae,23,3,3,94,Tit For Tat|Tate McRae|45955
25/10/2025,28,Mystical Magical,Benson Boone,35,17,25,90,Mystical Magical|Benson Boone|45955
25/10/2025,29,Tears,Sabrina Carpenter,32,3,7,87,Tears|Sabrina Carpenter|45955
25/10/2025,30,What It Sounds Like,"HUNTR/X: EJAE, Audrey Nuna & REI AMI",36,15,16,87,"What It Sounds Like|HUNTR/X: EJAE, Audrey Nuna & REI AMI|45955"
25/10/2025,31,It Depends,Chris Brown Featuring Bryson Tiller,39,29,12,80,It Depends|Chris Brown Featuring Bryson Tiller|45955
25/10/2025,32,Takedown,"HUNTR/X: EJAE, Audrey Nuna & REI AMI",40,21,16,78,"Takedown|HUNTR/X: EJAE, Audrey Nuna & REI AMI|45955"
25/10/2025,33,Free,Rumi & JINU: EJAE & Andrew Choi,41,23,16,76,Free|Rumi & JINU: EJAE & Andrew Choi|45955
25/10/2025,34,Back In The Saddle,Luke Combs,45,34,12,72,Back In The Saddle|Luke Combs|45955
25/10/2025,35,Burning Blue,Mariah The Scientist,44,25,24,70,Burning Blue|Mariah The Scientist|45955
25/10/2025,36,Yukon,Justin Bieber,42,17,14,69,Yukon|Justin Bieber|45955
25/10/2025,37,Bar None,Jordan Davis,43,37,15,68,Bar None|Jordan Davis|45955
25/10/2025,38,Revolving Door,Tate McRae,49,22,27,65,Revolving Door|Tate McRae|45955
25/10/2025,39,No Broke Boys,Disco Lines & Tinashe,50,39,14,63,No Broke Boys|Disco Lines & Tinashe|45955
25/10/2025,40,Happen To Me,Russell Dickerson,48,28,26,62,Happen To Me|Russell Dickerson|45955
25/10/2025,41,Gabriela,KATSEYE,54,41,13,61,Gabriela|KATSEYE|45955
25/10/2025,42,Sugar On My Tongue,"Tyler, The Creator",52,41,13,57,"Sugar On My Tongue|Tyler, The Creator|45955"
25/10/2025,43,12 To 12,sombr,57,41,9,56,12 To 12|sombr|45955
25/10/2025,44,Shot Callin,YoungBoy Never Broke Again,65,44,5,56,Shot Callin|YoungBoy Never Broke Again|45955
25/10/2025,45,Jealous Type,Doja Cat,56,28,8,55,Jealous Type|Doja Cat|45955
25/10/2025,46,6 Months Later,Megan Moroney,61,30,17,55,6 Months Later|Megan Moroney|45955
25/10/2025,47,House Again,Hudson Westbrook,59,47,26,55,House Again|Hudson Westbrook|45955
25/10/2025,48,Safe,Cardi B Featuring Kehlani,53,26,4,54,Safe|Cardi B Featuring Kehlani|45955
25/10/2025,49,Hell At Night,BigXthaPlug Featuring Ella Langley,58,35,10,54,Hell At Night|BigXthaPlug Featuring Ella Langley|45955
25/10/2025,50,Wildflower,Billie Eilish,63,17,70,54,Wildflower|Billie Eilish|45955
25/10/2025,51,Somewhere Over Laredo,Lainey Wilson,62,51,15,53,Somewhere Over Laredo|Lainey Wilson|45955
25/10/2025,52,When Did You Get Hot?,Sabrina Carpenter,51,17,7,53,When Did You Get Hot?|Sabrina Carpenter|45955
25/10/2025,53,So Easy (To Fall In Love),Olivia Dean,87,53,3,51,So Easy (To Fall In Love)|Olivia Dean|45955
25/10/2025,54,Last One To Know,Gavin Adcock,67,54,9,50,Last One To Know|Gavin Adcock|45955
25/10/2025,55,Is It A Crime,Mariah The Scientist & Kali Uchis,66,55,10,50,Is It A Crime|Mariah The Scientist & Kali Uchis|45955
25/10/2025,56,Bottle Rockets,Scotty McCreery & Hootie & The Blowfish,55,32,17,50,Bottle Rockets|Scotty McCreery & Hootie & The Blowfish|45955
25/10/2025,57,The Dead Dance,Lady Gaga,68,40,6,48,The Dead Dance|Lady Gaga|45955
25/10/2025,58,Don't Mind If I Do,Riley Green Featuring Ella Langley,69,58,11,47,Don't Mind If I Do|Riley Green Featuring Ella Langley|45955
25/10/2025,59,Dracula,Tame Impala & JENNIE,70,55,3,47,Dracula|Tame Impala & JENNIE|45955
25/10/2025,60,Heart Of Stone,Jelly Roll,64,53,9,46,Heart Of Stone|Jelly Roll|45955
25/10/2025,61,Better Me For You (Brown Eyes),Max McNown,73,50,18,46,Better Me For You (Brown Eyes)|Max McNown|45955
25/10/2025,62,wgft,Gunna Featuring Burna Boy,77,62,10,46,wgft|Gunna Featuring Burna Boy|45955
25/10/2025,63,Strategy,Twice,72,51,13,45,Strategy|Twice|45955
25/10/2025,64,Darlin',Chase Matthew,78,64,4,45,Darlin'|Chase Matthew|45955
25/10/2025,65,Nice To Meet You,Myles Smith,76,65,19,44,Nice To Meet You|Myles Smith|45955
25/10/2025,66,Part Of Me,A Boogie wit da Hoodie,-,66,1,44,Part Of Me|A Boogie wit da Hoodie|45955
25/10/2025,67,Takedown,"JEONGYEON, JIHYO & CHAEYOUNG Of TWICE",71,50,15,44,"Takedown|JEONGYEON, JIHYO & CHAEYOUNG Of TWICE|45955"
25/10/2025,68,Leavin,Rod Wave,-,68,1,43,Leavin|Rod Wave|45955
25/10/2025,69,ErrTime,Cardi B,60,43,4,43,ErrTime|Cardi B|45955
25/10/2025,70,Where Is My Husband!,RAYE,79,70,3,42,Where Is My Husband!|RAYE|45955
25/10/2025,71,Maui Wowie,Kid Cudi,-,71,1,42,Maui Wowie|Kid Cudi|45955
25/10/2025,72,Eyes Closed,JISOO & ZAYN,-,72,1,41,Eyes Closed|JISOO & ZAYN|45955
25/10/2025,73,Went Legit,G Herbo,83,73,13,41,Went Legit|G Herbo|45955
25/10/2025,74,Sparks,Coldplay,84,74,14,40,Sparks|Coldplay|45955
25/10/2025,75,Take Me Thru Dere,"Metro Boomin, Quavo, Breskii & YKNIECE",89,75,3,40,"Take Me Thru Dere|Metro Boomin, Quavo, Breskii & YKNIECE|45955"
25/10/2025,76,What You Is,YoungBoy Never Broke Again & Mellow Rackz,92,76,2,39,What You Is|YoungBoy Never Broke Again & Mellow Rackz|45955
25/10/2025,77,Just Keep Watching,Tate McRae,85,33,20,39,Just Keep Watching|Tate McRae|45955
25/10/2025,78,The Fall,Cody Johnson,91,78,3,39,The Fall|Cody Johnson|45955
25/10/2025,79,Holy Water,Marshmello x Jelly Roll,-,79,4,38,Holy Water|Marshmello x Jelly Roll|45955
25/10/2025,80,Camera,Ed Sheeran,95,58,5,38,Camera|Ed Sheeran|45955
25/10/2025,81,Sienna,The Marias,86,74,6,38,Sienna|The Marias|45955
25/10/2025,82,The Subway,Chappell Roan,90,3,11,38,The Subway|Chappell Roan|45955
25/10/2025,83,Wish,Diplo Featuring Trippie Redd,88,83,2,38,Wish|Diplo Featuring Trippie Redd|45955
25/10/2025,84,What Kinda Man,Parker McCollum,97,84,5,37,What Kinda Man|Parker McCollum|45955
25/10/2025,85,Eternity,Alex Warren,93,16,13,37,Eternity|Alex Warren|45955
25/10/2025,86,Outside,Cardi B,75,10,17,37,Outside|Cardi B|45955
25/10/2025,87,Nobody's Son,Sabrina Carpenter,82,12,7,35,Nobody's Son|Sabrina Carpenter|45955
25/10/2025,88,Amen,Shaboozey & Jelly Roll,-,56,23,35,Amen|Shaboozey & Jelly Roll|45955
25/10/2025,89,20 Cigarettes,Morgan Wallen,94,20,22,35,20 Cigarettes|Morgan Wallen|45955
25/10/2025,90,Pixelated Kisses,Joji,-,90,1,34,Pixelated Kisses|Joji|45955
25/10/2025,91,Breakin' Dishes,Rihanna,99,82,5,33,Breakin' Dishes|Rihanna|45955
25/10/2025,92,Let Down,Radiohead,98,91,8,33,Let Down|Radiohead|45955
25/10/2025,93,Days Like These,Luke Combs,-,93,1,32,Days Like These|Luke Combs|45955
25/10/2025,94,Pretty & Petty,Cardi B,80,43,4,32,Pretty & Petty|Cardi B|45955
25/10/2025,95,Which One,Drake & Central Cee,100,23,12,32,Which One|Drake & Central Cee|45955
25/10/2025,96,What An Awesome God,Phil Wickham,-,96,2,32,What An Awesome God|Phil Wickham|45955
25/10/2025,97,She Ready,Key Glock,-,91,4,32,She Ready|Key Glock|45955
25/10/2025,98,Gnarly,KATSEYE,-,90,10,31,Gnarly|KATSEYE|45955
25/10/2025,99,Shake It To The Max (Fly),"MOLIY, Silent Addy, Skillibeng & Shenseea",-,44,19,30,"Shake It To The Max (Fly)|MOLIY, Silent Addy, Skillibeng & Shenseea|45955"
25/10/2025,100,Magnet,Cardi B,81,37,4,30,Magnet|Cardi B|45955
18/10/2025,1,The Fate Of Ophelia,Taylor Swift,-,1,1,731,The Fate Of Ophelia|Taylor Swift|45948
18/10/2025,2,Opalite,Taylor Swift,-,2,1,558,Opalite|Taylor Swift|45948
18/10/2025,3,Elizabeth Taylor,Taylor Swift,-,3,1,502,Elizabeth Taylor|Taylor Swift|45948
18/10/2025,4,Father Figure,Taylor Swift,-,4,1,466,Father Figure|Taylor Swift|45948
18/10/2025,5,Wood,Taylor Swift,-,5,1,410,Wood|Taylor Swift|45948
18/10/2025,6,Wi$h Li$t,Taylor Swift,-,6,1,401,Wi$h Li$t|Taylor Swift|45948
18/10/2025,7,Actually Romantic,Taylor Swift,-,7,1,390,Actually Romantic|Taylor Swift|45948
18/10/2025,8,The Life Of A Showgirl,Taylor Swift Featuring Sabrina Carpenter,-,8,1,384,The Life Of A Showgirl|Taylor Swift Featuring Sabrina Carpenter|45948
18/10/2025,9,Eldest Daughter,Taylor Swift,-,9,1,379,Eldest Daughter|Taylor Swift|45948
18/10/2025,10,Cancelled!,Taylor Swift,-,10,1,375,Cancelled!|Taylor Swift|45948
18/10/2025,11,Ruin The Friendship,Taylor Swift,-,11,1,368,Ruin The Friendship|Taylor Swift|45948
18/10/2025,12,Honey,Taylor Swift,-,12,1,330,Honey|Taylor Swift|45948
18/10/2025,13,Golden,"HUNTR/X: EJAE, Audrey Nuna & REI AMI",1,1,16,277,"Golden|HUNTR/X: EJAE, Audrey Nuna & REI AMI|45948"
18/10/2025,14,Ordinary,Alex Warren,2,1,35,238,Ordinary|Alex Warren|45948
18/10/2025,15,Daisies,Justin Bieber,5,2,13,133,Daisies|Justin Bieber|45948
18/10/2025,16,I Got Better,Morgan Wallen,8,7,21,128,I Got Better|Morgan Wallen|45948
18/10/2025,17,Lose Control,Teddy Swims,6,1,112,121,Lose Control|Teddy Swims|45948
18/10/2025,18,Mutt,Leon Thomas,11,11,36,120,Mutt|Leon Thomas|45948
18/10/2025,19,Soda Pop,"Saja Boys: Andrew Choi, Neckwav, Danny Chung, Kevin Woo & samUIL Lee",7,3,15,118,"Soda Pop|Saja Boys: Andrew Choi, Neckwav, Danny Chung, Kevin Woo & samUIL Lee|45948"
18/10/2025,20,Man I Need,Olivia Dean,12,12,7,118,Man I Need|Olivia Dean|45948
18/10/2025,21,Your Idol,"Saja Boys: Andrew Choi, Neckwav, Danny Chung, Kevin Woo & samUIL Lee",10,4,16,115,"Your Idol|Saja Boys: Andrew Choi, Neckwav, Danny Chung, Kevin Woo & samUIL Lee|45948"
18/10/2025,22,Die With A Smile,Lady Gaga & Bruno Mars,13,1,60,112,Die With A Smile|Lady Gaga & Bruno Mars|45948
18/10/2025,23,Tit For Tat,Tate McRae,3,3,2,111,Tit For Tat|Tate McRae|45948
18/10/2025,24,What I Want,Morgan Wallen Featuring Tate McRae,4,1,21,110,What I Want|Morgan Wallen Featuring Tate McRae|45948
18/10/2025,25,Beautiful Things,Benson Boone,15,2,89,108,Beautiful Things|Benson Boone|45948
18/10/2025,26,Love Me Not,Ravyn Lenae,9,5,28,106,Love Me Not|Ravyn Lenae|45948
18/10/2025,27,Folded,Kehlani,18,18,17,104,Folded|Kehlani|45948
18/10/2025,28,How It's Done,"HUNTR/X: EJAE, Audrey Nuna & REI AMI",17,8,15,102,"How It's Done|HUNTR/X: EJAE, Audrey Nuna & REI AMI|45948"
18/10/2025,29,Manchild,Sabrina Carpenter,14,1,18,101,Manchild|Sabrina Carpenter|45948
18/10/2025,30,Back To Friends,sombr,22,22,28,98,Back To Friends|sombr|45948
18/10/2025,31,I'm The Problem,Morgan Wallen,25,2,36,89,I'm The Problem|Morgan Wallen|45948
18/10/2025,32,Tears,Sabrina Carpenter,24,3,6,89,Tears|Sabrina Carpenter|45948
18/10/2025,33,Just In Case,Morgan Wallen,19,2,29,89,Just In Case|Morgan Wallen|45948
18/10/2025,34,Good News,Shaboozey,23,12,46,89,Good News|Shaboozey|45948
18/10/2025,35,Mystical Magical,Benson Boone,26,17,24,88,Mystical Magical|Benson Boone|45948
18/10/2025,36,What It Sounds Like,"HUNTR/X: EJAE, Audrey Nuna & REI AMI",27,15,15,88,"What It Sounds Like|HUNTR/X: EJAE, Audrey Nuna & REI AMI|45948"
18/10/2025,37,Undressed,sombr,21,16,27,85,Undressed|sombr|45948
18/10/2025,38,Luther,Kendrick Lamar & SZA,28,1,46,84,Luther|Kendrick Lamar & SZA|45948
18/10/2025,39,It Depends,Chris Brown Featuring Bryson Tiller,29,29,11,81,It Depends|Chris Brown Featuring Bryson Tiller|45948
18/10/2025,40,Takedown,"HUNTR/X: EJAE, Audrey Nuna & REI AMI",30,21,15,80,"Takedown|HUNTR/X: EJAE, Audrey Nuna & REI AMI|45948"
18/10/2025,41,Free,Rumi & JINU: EJAE & Andrew Choi,31,23,15,76,Free|Rumi & JINU: EJAE & Andrew Choi|45948
18/10/2025,42,Yukon,Justin Bieber,33,17,13,72,Yukon|Justin Bieber|45948
18/10/2025,43,Bar None,Jordan Davis,41,41,14,72,Bar None|Jordan Davis|45948
18/10/2025,44,Burning Blue,Mariah The Scientist,34,25,23,72,Burning Blue|Mariah The Scientist|45948
18/10/2025,45,Back In The Saddle,Luke Combs,38,38,11,71,Back In The Saddle|Luke Combs|45948
18/10/2025,46,Sorry I'm Here For Someone Else,Benson Boone,40,19,32,66,Sorry I'm Here For Someone Else|Benson Boone|45948
18/10/2025,47,All The Way,BigXthaPlug Featuring Bailey Zimmerman,37,4,27,66,All The Way|BigXthaPlug Featuring Bailey Zimmerman|45948
18/10/2025,48,Happen To Me,Russell Dickerson,39,28,25,64,Happen To Me|Russell Dickerson|45948
18/10/2025,49,Revolving Door,Tate McRae,45,22,26,64,Revolving Door|Tate McRae|45948
18/10/2025,50,No Broke Boys,Disco Lines & Tinashe,44,39,13,63,No Broke Boys|Disco Lines & Tinashe|45948
18/10/2025,51,When Did You Get Hot?,Sabrina Carpenter,35,17,6,63,When Did You Get Hot?|Sabrina Carpenter|45948
18/10/2025,52,Sugar On My Tongue,"Tyler, The Creator",46,41,12,62,"Sugar On My Tongue|Tyler, The Creator|45948"
18/10/2025,53,Safe,Cardi B Featuring Kehlani,42,26,3,61,Safe|Cardi B Featuring Kehlani|45948
18/10/2025,54,Gabriela,KATSEYE,50,45,12,61,Gabriela|KATSEYE|45948
18/10/2025,55,Bottle Rockets,Scotty McCreery & Hootie & The Blowfish,32,32,16,58,Bottle Rockets|Scotty McCreery & Hootie & The Blowfish|45948
18/10/2025,56,Jealous Type,Doja Cat,36,28,7,56,Jealous Type|Doja Cat|45948
18/10/2025,57,12 To 12,sombr,49,41,8,56,12 To 12|sombr|45948
18/10/2025,58,Hell At Night,BigXthaPlug Featuring Ella Langley,48,35,9,55,Hell At Night|BigXthaPlug Featuring Ella Langley|45948
18/10/2025,59,House Again,Hudson Westbrook,51,51,25,55,House Again|Hudson Westbrook|45948
18/10/2025,60,ErrTime,Cardi B,43,43,3,55,ErrTime|Cardi B|45948
18/10/2025,61,6 Months Later,Megan Moroney,52,30,16,53,6 Months Later|Megan Moroney|45948
18/10/2025,62,Somewhere Over Laredo,Lainey Wilson,58,54,14,52,Somewhere Over Laredo|Lainey Wilson|45948
18/10/2025,63,Wildflower,Billie Eilish,54,17,69,51,Wildflower|Billie Eilish|45948
18/10/2025,64,Heart Of Stone,Jelly Roll,53,53,8,51,Heart Of Stone|Jelly Roll|45948
18/10/2025,65,Shot Callin,YoungBoy Never Broke Again,64,64,4,51,Shot Callin|YoungBoy Never Broke Again|45948
18/10/2025,66,Is It A Crime,Mariah The Scientist & Kali Uchis,72,59,9,50,Is It A Crime|Mariah The Scientist & Kali Uchis|45948
18/10/2025,67,Last One To Know,Gavin Adcock,71,67,8,49,Last One To Know|Gavin Adcock|45948
18/10/2025,68,The Dead Dance,Lady Gaga,61,40,5,48,The Dead Dance|Lady Gaga|45948
18/10/2025,69,Don't Mind If I Do,Riley Green Featuring Ella Langley,68,68,10,47,Don't Mind If I Do|Riley Green Featuring Ella Langley|45948
18/10/2025,70,Dracula,Tame Impala & JENNIE,55,55,2,47,Dracula|Tame Impala & JENNIE|45948
18/10/2025,71,Takedown,"JEONGYEON, JIHYO & CHAEYOUNG Of TWICE",63,50,14,46,"Takedown|JEONGYEON, JIHYO & CHAEYOUNG Of TWICE|45948"
18/10/2025,72,Strategy,Twice,66,51,12,46,Strategy|Twice|45948
18/10/2025,73,Better Me For You (Brown Eyes),Max McNown,67,50,17,45,Better Me For You (Brown Eyes)|Max McNown|45948
18/10/2025,74,Marlboro Rojo,Fuerza Regida,70,64,21,44,Marlboro Rojo|Fuerza Regida|45948
18/10/2025,75,Outside,Cardi B,57,10,16,43,Outside|Cardi B|45948
18/10/2025,76,Nice To Meet You,Myles Smith,73,73,18,43,Nice To Meet You|Myles Smith|45948
18/10/2025,77,wgft,Gunna Featuring Burna Boy,75,66,9,43,wgft|Gunna Featuring Burna Boy|45948
18/10/2025,78,Darlin',Chase Matthew,81,78,3,42,Darlin'|Chase Matthew|45948
18/10/2025,79,Where Is My Husband!,RAYE,90,79,2,42,Where Is My Husband!|RAYE|45948
18/10/2025,80,Pretty & Petty,Cardi B,59,43,3,42,Pretty & Petty|Cardi B|45948
18/10/2025,81,Magnet,Cardi B,60,37,3,41,Magnet|Cardi B|45948
18/10/2025,82,Nobody's Son,Sabrina Carpenter,62,12,6,40,Nobody's Son|Sabrina Carpenter|45948
18/10/2025,83,Went Legit,G Herbo,85,81,12,40,Went Legit|G Herbo|45948
18/10/2025,84,Sparks,Coldplay,79,77,13,40,Sparks|Coldplay|45948
18/10/2025,85,Just Keep Watching,Tate McRae,65,33,19,40,Just Keep Watching|Tate McRae|45948
18/10/2025,86,Sienna,The Marias,78,74,5,38,Sienna|The Marias|45948
18/10/2025,87,So Easy (To Fall In Love),Olivia Dean,98,87,2,38,So Easy (To Fall In Love)|Olivia Dean|45948
18/10/2025,88,Wish,Diplo Featuring Trippie Redd,-,88,1,38,Wish|Diplo Featuring Trippie Redd|45948
18/10/2025,89,Take Me Thru Dere,"Metro Boomin, Quavo, Breskii & YKNIECE",99,89,2,37,"Take Me Thru Dere|Metro Boomin, Quavo, Breskii & YKNIECE|45948"
18/10/2025,90,The Subway,Chappell Roan,77,3,10,37,The Subway|Chappell Roan|45948
18/10/2025,91,The Fall,Cody Johnson,86,86,2,37,The Fall|Cody Johnson|45948
18/10/2025,92,What You Is,YoungBoy Never Broke Again & Mellow Rackz,-,92,1,37,What You Is|YoungBoy Never Broke Again & Mellow Rackz|45948
18/10/2025,93,Eternity,Alex Warren,74,16,12,37,Eternity|Alex Warren|45948
18/10/2025,94,20 Cigarettes,Morgan Wallen,84,20,21,37,20 Cigarettes|Morgan Wallen|45948
18/10/2025,95,Camera,Ed Sheeran,80,58,4,37,Camera|Ed Sheeran|45948
18/10/2025,96,Voy A Llevarte Pa PR,Bad Bunny,96,17,13,36,Voy A Llevarte Pa PR|Bad Bunny|45948
18/10/2025,97,What Kinda Man,Parker McCollum,94,94,4,36,What Kinda Man|Parker McCollum|45948
18/10/2025,98,Let Down,Radiohead,91,91,7,36,Let Down|Radiohead|45948
18/10/2025,99,Breakin' Dishes,Rihanna,82,82,4,35,Breakin' Dishes|Rihanna|45948
18/10/2025,100,Which One,Drake & Central Cee,87,23,11,35,Which One|Drake & Central Cee|45948
11/10/2025,1,Golden,"HUNTR/X: EJAE, Audrey Nuna & REI AMI",1,1,15,273,"Golden|HUNTR/X: EJAE, Audrey Nuna & REI AMI|45941"
11/10/2025,2,Ordinary,Alex Warren,2,1,34,244,Ordinary|Alex Warren|45941
11/10/2025,3,Tit For Tat,Tate McRae,-,3,1,152,Tit For Tat|Tate McRae|45941
11/10/2025,4,What I Want,Morgan Wallen Featuring Tate McRae,4,1,20,135,What I Want|Morgan Wallen Featuring Tate McRae|45941
11/10/2025,5,Daisies,Justin Bieber,8,2,12,128,Daisies|Justin Bieber|45941
11/10/2025,6,Lose Control,Teddy Swims,7,1,111,125,Lose Control|Teddy Swims|45941
11/10/2025,7,Soda Pop,"Saja Boys: Andrew Choi, Neckwav, Danny Chung, Kevin Woo & samUIL Lee",3,3,14,125,"Soda Pop|Saja Boys: Andrew Choi, Neckwav, Danny Chung, Kevin Woo & samUIL Lee|45941"
11/10/2025,8,I Got Better,Morgan Wallen,11,7,20,123,I Got Better|Morgan Wallen|45941
11/10/2025,9,Love Me Not,Ravyn Lenae,9,5,27,122,Love Me Not|Ravyn Lenae|45941
11/10/2025,10,Your Idol,"Saja Boys: Andrew Choi, Neckwav, Danny Chung, Kevin Woo & samUIL Lee",5,4,15,121,"Your Idol|Saja Boys: Andrew Choi, Neckwav, Danny Chung, Kevin Woo & samUIL Lee|45941"
11/10/2025,11,Mutt,Leon Thomas,12,11,35,120,Mutt|Leon Thomas|45941
11/10/2025,12,Man I Need,Olivia Dean,25,12,6,119,Man I Need|Olivia Dean|45941
11/10/2025,13,Die With A Smile,Lady Gaga & Bruno Mars,10,1,59,118,Die With A Smile|Lady Gaga & Bruno Mars|45941
11/10/2025,14,Manchild,Sabrina Carpenter,6,1,17,116,Manchild|Sabrina Carpenter|45941
11/10/2025,15,Beautiful Things,Benson Boone,14,2,88,112,Beautiful Things|Benson Boone|45941
11/10/2025,16,A Bar Song (Tipsy),Shaboozey,15,1,77,111,A Bar Song (Tipsy)|Shaboozey|45941
11/10/2025,17,How It's Done,"HUNTR/X: EJAE, Audrey Nuna & REI AMI",13,8,14,107,"How It's Done|HUNTR/X: EJAE, Audrey Nuna & REI AMI|45941"
11/10/2025,18,Folded,Kehlani,22,18,16,105,Folded|Kehlani|45941
11/10/2025,19,Just In Case,Morgan Wallen,18,2,28,101,Just In Case|Morgan Wallen|45941
11/10/2025,20,Pink Pony Club,Chappell Roan,19,4,68,98,Pink Pony Club|Chappell Roan|45941
11/10/2025,21,Undressed,sombr,16,16,26,97,Undressed|sombr|45941
11/10/2025,22,Back To Friends,sombr,23,22,27,96,Back To Friends|sombr|45941
11/10/2025,23,Good News,Shaboozey,20,12,45,95,Good News|Shaboozey|45941
11/10/2025,24,Tears,Sabrina Carpenter,17,3,5,94,Tears|Sabrina Carpenter|45941
11/10/2025,25,I'm The Problem,Morgan Wallen,24,2,35,94,I'm The Problem|Morgan Wallen|45941
11/10/2025,26,Mystical Magical,Benson Boone,27,17,23,92,Mystical Magical|Benson Boone|45941
11/10/2025,27,What It Sounds Like,"HUNTR/X: EJAE, Audrey Nuna & REI AMI",21,15,14,92,"What It Sounds Like|HUNTR/X: EJAE, Audrey Nuna & REI AMI|45941"
11/10/2025,28,Luther,Kendrick Lamar & SZA,28,1,45,89,Luther|Kendrick Lamar & SZA|45941
11/10/2025,29,It Depends,Chris Brown Featuring Bryson Tiller,31,29,10,82,It Depends|Chris Brown Featuring Bryson Tiller|45941
11/10/2025,30,Takedown,"HUNTR/X: EJAE, Audrey Nuna & REI AMI",29,21,14,81,"Takedown|HUNTR/X: EJAE, Audrey Nuna & REI AMI|45941"
11/10/2025,31,Free,Rumi & JINU: EJAE & Andrew Choi,30,23,14,79,Free|Rumi & JINU: EJAE & Andrew Choi|45941
11/10/2025,32,Bottle Rockets,Scotty McCreery & Hootie & The Blowfish,33,32,15,78,Bottle Rockets|Scotty McCreery & Hootie & The Blowfish|45941
11/10/2025,33,Yukon,Justin Bieber,35,17,12,74,Yukon|Justin Bieber|45941
11/10/2025,34,Burning Blue,Mariah The Scientist,34,25,22,73,Burning Blue|Mariah The Scientist|45941
11/10/2025,35,When Did You Get Hot?,Sabrina Carpenter,32,17,5,73,When Did You Get Hot?|Sabrina Carpenter|45941
11/10/2025,36,Jealous Type,Doja Cat,57,28,6,72,Jealous Type|Doja Cat|45941
11/10/2025,37,All The Way,BigXthaPlug Featuring Bailey Zimmerman,36,4,26,72,All The Way|BigXthaPlug Featuring Bailey Zimmerman|45941
11/10/2025,38,Back In The Saddle,Luke Combs,54,38,10,70,Back In The Saddle|Luke Combs|45941
11/10/2025,39,Happen To Me,Russell Dickerson,40,28,24,69,Happen To Me|Russell Dickerson|45941
11/10/2025,40,Sorry I'm Here For Someone Else,Benson Boone,39,19,31,69,Sorry I'm Here For Someone Else|Benson Boone|45941
11/10/2025,41,Bar None,Jordan Davis,44,41,13,68,Bar None|Jordan Davis|45941
11/10/2025,42,Safe,Cardi B Featuring Kehlani,26,26,2,65,Safe|Cardi B Featuring Kehlani|45941
11/10/2025,43,ErrTime,Cardi B,65,43,2,65,ErrTime|Cardi B|45941
11/10/2025,44,No Broke Boys,Disco Lines & Tinashe,41,39,12,65,No Broke Boys|Disco Lines & Tinashe|45941
11/10/2025,45,Revolving Door,Tate McRae,52,22,25,64,Revolving Door|Tate McRae|45941
11/10/2025,46,Sugar On My Tongue,"Tyler, The Creator",55,41,11,62,"Sugar On My Tongue|Tyler, The Creator|45941"
11/10/2025,47,Worst Way,Riley Green,50,20,38,61,Worst Way|Riley Green|45941
11/10/2025,48,Hell At Night,BigXthaPlug Featuring Ella Langley,49,35,8,60,Hell At Night|BigXthaPlug Featuring Ella Langley|45941
11/10/2025,49,12 To 12,sombr,48,41,7,60,12 To 12|sombr|45941
11/10/2025,50,Gabriela,KATSEYE,56,45,11,60,Gabriela|KATSEYE|45941
11/10/2025,51,House Again,Hudson Westbrook,58,51,24,57,House Again|Hudson Westbrook|45941
11/10/2025,52,6 Months Later,Megan Moroney,62,30,15,54,6 Months Later|Megan Moroney|45941
11/10/2025,53,Heart Of Stone,Jelly Roll,64,53,7,53,Heart Of Stone|Jelly Roll|45941
11/10/2025,54,Wildflower,Billie Eilish,61,17,68,53,Wildflower|Billie Eilish|45941
11/10/2025,55,Dracula,Tame Impala & JENNIE,-,55,1,53,Dracula|Tame Impala & JENNIE|45941
11/10/2025,56,Gorgeous,Doja Cat,-,56,1,52,Gorgeous|Doja Cat|45941
11/10/2025,57,Outside,Cardi B,42,10,15,52,Outside|Cardi B|45941
11/10/2025,58,Somewhere Over Laredo,Lainey Wilson,59,54,13,52,Somewhere Over Laredo|Lainey Wilson|45941
11/10/2025,59,Pretty & Petty,Cardi B,43,43,2,51,Pretty & Petty|Cardi B|45941
11/10/2025,60,Magnet,Cardi B,37,37,2,50,Magnet|Cardi B|45941
11/10/2025,61,The Dead Dance,Lady Gaga,60,40,4,50,The Dead Dance|Lady Gaga|45941
11/10/2025,62,Nobody's Son,Sabrina Carpenter,51,12,5,48,Nobody's Son|Sabrina Carpenter|45941
11/10/2025,63,Takedown,"JEONGYEON, JIHYO & CHAEYOUNG Of TWICE",68,50,13,48,"Takedown|JEONGYEON, JIHYO & CHAEYOUNG Of TWICE|45941"
11/10/2025,64,Shot Callin,YoungBoy Never Broke Again,84,64,3,48,Shot Callin|YoungBoy Never Broke Again|45941
11/10/2025,65,Just Keep Watching,Tate McRae,67,33,18,47,Just Keep Watching|Tate McRae|45941
11/10/2025,66,Strategy,Twice,69,51,11,47,Strategy|Twice|45941
11/10/2025,67,Better Me For You (Brown Eyes),Max McNown,72,50,16,46,Better Me For You (Brown Eyes)|Max McNown|45941
11/10/2025,68,Don't Mind If I Do,Riley Green Featuring Ella Langley,79,68,9,45,Don't Mind If I Do|Riley Green Featuring Ella Langley|45941
11/10/2025,69,Ninja,Young Thug,-,69,1,45,Ninja|Young Thug|45941
11/10/2025,70,Marlboro Rojo,Fuerza Regida,80,64,20,45,Marlboro Rojo|Fuerza Regida|45941
11/10/2025,71,Last One To Know,Gavin Adcock,74,71,7,44,Last One To Know|Gavin Adcock|45941
11/10/2025,72,Is It A Crime,Mariah The Scientist & Kali Uchis,83,59,8,44,Is It A Crime|Mariah The Scientist & Kali Uchis|45941
11/10/2025,73,Nice To Meet You,Myles Smith,82,73,17,44,Nice To Meet You|Myles Smith|45941
11/10/2025,74,Eternity,Alex Warren,78,16,11,43,Eternity|Alex Warren|45941
11/10/2025,75,wgft,Gunna Featuring Burna Boy,76,66,8,43,wgft|Gunna Featuring Burna Boy|45941
11/10/2025,76,Hello,Cardi B,46,46,2,42,Hello|Cardi B|45941
11/10/2025,77,The Subway,Chappell Roan,75,3,9,42,The Subway|Chappell Roan|45941
11/10/2025,78,Sienna,The Marias,87,74,4,41,Sienna|The Marias|45941
11/10/2025,79,Sparks,Coldplay,86,77,12,41,Sparks|Coldplay|45941
11/10/2025,80,Camera,Ed Sheeran,93,58,3,41,Camera|Ed Sheeran|45941
11/10/2025,81,Darlin',Chase Matthew,98,81,2,40,Darlin'|Chase Matthew|45941
11/10/2025,82,Breakin' Dishes,Rihanna,89,82,3,39,Breakin' Dishes|Rihanna|45941
11/10/2025,83,House Tour,Sabrina Carpenter,71,27,5,39,House Tour|Sabrina Carpenter|45941
11/10/2025,84,20 Cigarettes,Morgan Wallen,91,20,20,38,20 Cigarettes|Morgan Wallen|45941
11/10/2025,85,Went Legit,G Herbo,99,81,11,38,Went Legit|G Herbo|45941
11/10/2025,86,The Fall,Cody Johnson,-,86,1,38,The Fall|Cody Johnson|45941
11/10/2025,87,Which One,Drake & Central Cee,96,23,10,38,Which One|Drake & Central Cee|45941
11/10/2025,88,Dead,Cardi B Featuring Summer Walker,47,47,2,38,Dead|Cardi B Featuring Summer Walker|45941
11/10/2025,89,Bodega Baddie,Cardi B,53,53,2,37,Bodega Baddie|Cardi B|45941
11/10/2025,90,Where Is My Husband!,RAYE,-,90,1,36,Where Is My Husband!|RAYE|45941
11/10/2025,91,Let Down,Radiohead,-,91,6,36,Let Down|Radiohead|45941
11/10/2025,92,What's Goin On,Cardi B Featuring Lizzo,63,63,2,35,What's Goin On|Cardi B Featuring Lizzo|45941
11/10/2025,93,Pick It Up,Cardi B Featuring Selena Gomez,45,45,2,35,Pick It Up|Cardi B Featuring Selena Gomez|45941
11/10/2025,94,What Kinda Man,Parker McCollum,-,94,3,35,What Kinda Man|Parker McCollum|45941
11/10/2025,95,Gnarly,KATSEYE,-,90,9,34,Gnarly|KATSEYE|45941
11/10/2025,96,Voy A Llevarte Pa PR,Bad Bunny,-,17,12,34,Voy A Llevarte Pa PR|Bad Bunny|45941
11/10/2025,97,Nice To Each Other,Olivia Dean,-,97,1,34,Nice To Each Other|Olivia Dean|45941
11/10/2025,98,So Easy (To Fall In Love),Olivia Dean,-,98,1,34,So Easy (To Fall In Love)|Olivia Dean|45941
11/10/2025,99,Take Me Thru Dere,"Metro Boomin, Quavo, Breskii & YKNIECE",-,99,1,33,"Take Me Thru Dere|Metro Boomin, Quavo, Breskii & YKNIECE|45941"
11/10/2025,100,What An Awesome God,Phil Wickham,-,100,1,33,What An Awesome God|Phil Wickham|45941
04/10/2025,1,Golden,"HUNTR/X: EJAE, Audrey Nuna & REI AMI",1,1,14,278,"Golden|HUNTR/X: EJAE, Audrey Nuna & REI AMI|45934"
04/10/2025,2,Ordinary,Alex Warren,2,1,33,247,Ordinary|Alex Warren|45934
04/10/2025,3,Soda Pop,"Saja Boys: Andrew Choi, Neckwav, Danny Chung, Kevin Woo & samUIL Lee",5,3,13,136,"Soda Pop|Saja Boys: Andrew Choi, Neckwav, Danny Chung, Kevin Woo & samUIL Lee|45934"
04/10/2025,4,What I Want,Morgan Wallen Featuring Tate McRae,4,1,19,134,What I Want|Morgan Wallen Featuring Tate McRae|45934
04/10/2025,5,Your Idol,"Saja Boys: Andrew Choi, Neckwav, Danny Chung, Kevin Woo & samUIL Lee",6,4,14,132,"Your Idol|Saja Boys: Andrew Choi, Neckwav, Danny Chung, Kevin Woo & samUIL Lee|45934"
04/10/2025,6,Manchild,Sabrina Carpenter,3,1,16,126,Manchild|Sabrina Carpenter|45934
04/10/2025,7,Lose Control,Teddy Swims,9,1,110,125,Lose Control|Teddy Swims|45934
04/10/2025,8,Daisies,Justin Bieber,8,2,11,125,Daisies|Justin Bieber|45934
04/10/2025,9,Love Me Not,Ravyn Lenae,7,5,26,125,Love Me Not|Ravyn Lenae|45934
04/10/2025,10,Die With A Smile,Lady Gaga & Bruno Mars,11,1,58,122,Die With A Smile|Lady Gaga & Bruno Mars|45934
04/10/2025,11,I Got Better,Morgan Wallen,13,7,19,120,I Got Better|Morgan Wallen|45934
04/10/2025,12,Mutt,Leon Thomas,14,12,34,118,Mutt|Leon Thomas|45934
04/10/2025,13,How It's Done,"HUNTR/X: EJAE, Audrey Nuna & REI AMI",10,8,13,116,"How It's Done|HUNTR/X: EJAE, Audrey Nuna & REI AMI|45934"
04/10/2025,14,Beautiful Things,Benson Boone,16,2,87,112,Beautiful Things|Benson Boone|45934
04/10/2025,15,A Bar Song (Tipsy),Shaboozey,15,1,76,111,A Bar Song (Tipsy)|Shaboozey|45934
04/10/2025,16,Undressed,sombr,18,16,25,104,Undressed|sombr|45934
04/10/2025,17,Tears,Sabrina Carpenter,12,3,4,104,Tears|Sabrina Carpenter|45934
04/10/2025,18,Just In Case,Morgan Wallen,17,2,27,103,Just In Case|Morgan Wallen|45934
04/10/2025,19,Pink Pony Club,Chappell Roan,22,4,67,101,Pink Pony Club|Chappell Roan|45934
04/10/2025,20,Good News,Shaboozey,20,12,44,100,Good News|Shaboozey|45934
04/10/2025,21,What It Sounds Like,"HUNTR/X: EJAE, Audrey Nuna & REI AMI",19,15,13,99,"What It Sounds Like|HUNTR/X: EJAE, Audrey Nuna & REI AMI|45934"
04/10/2025,22,Folded,Kehlani,29,22,15,99,Folded|Kehlani|45934
04/10/2025,23,Back To Friends,sombr,23,23,26,99,Back To Friends|sombr|45934
04/10/2025,24,I'm The Problem,Morgan Wallen,21,2,34,95,I'm The Problem|Morgan Wallen|45934
04/10/2025,25,Man I Need,Olivia Dean,30,25,5,95,Man I Need|Olivia Dean|45934
04/10/2025,26,Safe,Cardi B Featuring Kehlani,-,26,1,94,Safe|Cardi B Featuring Kehlani|45934
04/10/2025,27,Mystical Magical,Benson Boone,25,17,22,93,Mystical Magical|Benson Boone|45934
04/10/2025,28,Luther,Kendrick Lamar & SZA,26,1,44,93,Luther|Kendrick Lamar & SZA|45934
04/10/2025,29,Takedown,"HUNTR/X: EJAE, Audrey Nuna & REI AMI",24,21,13,88,"Takedown|HUNTR/X: EJAE, Audrey Nuna & REI AMI|45934"
04/10/2025,30,Free,Rumi & JINU: EJAE & Andrew Choi,27,23,13,87,Free|Rumi & JINU: EJAE & Andrew Choi|45934
04/10/2025,31,It Depends,Chris Brown Featuring Bryson Tiller,34,31,9,81,It Depends|Chris Brown Featuring Bryson Tiller|45934
04/10/2025,32,When Did You Get Hot?,Sabrina Carpenter,31,17,4,80,When Did You Get Hot?|Sabrina Carpenter|45934
04/10/2025,33,Bottle Rockets,Scotty McCreery & Hootie & The Blowfish,38,33,14,78,Bottle Rockets|Scotty McCreery & Hootie & The Blowfish|45934
04/10/2025,34,Burning Blue,Mariah The Scientist,33,25,21,77,Burning Blue|Mariah The Scientist|45934
04/10/2025,35,Yukon,Justin Bieber,32,17,11,76,Yukon|Justin Bieber|45934
04/10/2025,36,All The Way,BigXthaPlug Featuring Bailey Zimmerman,35,4,25,75,All The Way|BigXthaPlug Featuring Bailey Zimmerman|45934
04/10/2025,37,Magnet,Cardi B,-,37,1,74,Magnet|Cardi B|45934
04/10/2025,38,Romantic Homicide,d4vd,-,33,21,73,Romantic Homicide|d4vd|45934
04/10/2025,39,Sorry I'm Here For Someone Else,Benson Boone,37,19,30,71,Sorry I'm Here For Someone Else|Benson Boone|45934
04/10/2025,40,Happen To Me,Russell Dickerson,28,28,23,71,Happen To Me|Russell Dickerson|45934
04/10/2025,41,No Broke Boys,Disco Lines & Tinashe,39,39,11,70,No Broke Boys|Disco Lines & Tinashe|45934
04/10/2025,42,Outside,Cardi B,93,10,14,70,Outside|Cardi B|45934
04/10/2025,43,Pretty & Petty,Cardi B,-,43,1,69,Pretty & Petty|Cardi B|45934
04/10/2025,44,Bar None,Jordan Davis,43,43,12,68,Bar None|Jordan Davis|45934
04/10/2025,45,Pick It Up,Cardi B Featuring Selena Gomez,-,45,1,68,Pick It Up|Cardi B Featuring Selena Gomez|45934
04/10/2025,46,Hello,Cardi B,-,46,1,68,Hello|Cardi B|45934
04/10/2025,47,Dead,Cardi B Featuring Summer Walker,-,47,1,67,Dead|Cardi B Featuring Summer Walker|45934
04/10/2025,48,12 To 12,sombr,41,41,6,64,12 To 12|sombr|45934
04/10/2025,49,Hell At Night,BigXthaPlug Featuring Ella Langley,51,35,7,63,Hell At Night|BigXthaPlug Featuring Ella Langley|45934
04/10/2025,50,Worst Way,Riley Green,42,20,37,62,Worst Way|Riley Green|45934
04/10/2025,51,Nobody's Son,Sabrina Carpenter,36,12,4,62,Nobody's Son|Sabrina Carpenter|45934
04/10/2025,52,Revolving Door,Tate McRae,46,22,24,61,Revolving Door|Tate McRae|45934
04/10/2025,53,Bodega Baddie,Cardi B,-,53,1,61,Bodega Baddie|Cardi B|45934
04/10/2025,54,Back In The Saddle,Luke Combs,47,38,9,60,Back In The Saddle|Luke Combs|45934
04/10/2025,55,Sugar On My Tongue,"Tyler, The Creator",52,41,10,60,"Sugar On My Tongue|Tyler, The Creator|45934"
04/10/2025,56,Gabriela,KATSEYE,45,45,10,59,Gabriela|KATSEYE|45934
04/10/2025,57,Jealous Type,Doja Cat,49,28,5,57,Jealous Type|Doja Cat|45934
04/10/2025,58,House Again,Hudson Westbrook,54,54,23,57,House Again|Hudson Westbrook|45934
04/10/2025,59,Somewhere Over Laredo,Lainey Wilson,57,54,12,53,Somewhere Over Laredo|Lainey Wilson|45934
04/10/2025,60,The Dead Dance,Lady Gaga,44,40,3,52,The Dead Dance|Lady Gaga|45934
04/10/2025,61,Wildflower,Billie Eilish,65,17,67,52,Wildflower|Billie Eilish|45934
04/10/2025,62,6 Months Later,Megan Moroney,56,30,14,52,6 Months Later|Megan Moroney|45934
04/10/2025,63,What's Goin On,Cardi B Featuring Lizzo,-,63,1,52,What's Goin On|Cardi B Featuring Lizzo|45934
04/10/2025,64,Heart Of Stone,Jelly Roll,69,64,6,52,Heart Of Stone|Jelly Roll|45934
04/10/2025,65,ErrTime,Cardi B,-,65,1,51,ErrTime|Cardi B|45934
04/10/2025,66,Imaginary Playerz,Cardi B,-,66,2,51,Imaginary Playerz|Cardi B|45934
04/10/2025,67,Just Keep Watching,Tate McRae,55,33,17,51,Just Keep Watching|Tate McRae|45934
04/10/2025,68,Takedown,"JEONGYEON, JIHYO & CHAEYOUNG Of TWICE",59,50,12,50,"Takedown|JEONGYEON, JIHYO & CHAEYOUNG Of TWICE|45934"
04/10/2025,69,Strategy,Twice,61,51,10,49,Strategy|Twice|45934
04/10/2025,70,Man Of Your Word,Cardi B Featuring Dougie F,-,70,1,48,Man Of Your Word|Cardi B Featuring Dougie F|45934
04/10/2025,71,House Tour,Sabrina Carpenter,50,27,4,48,House Tour|Sabrina Carpenter|45934
04/10/2025,72,Better Me For You (Brown Eyes),Max McNown,73,50,15,48,Better Me For You (Brown Eyes)|Max McNown|45934
04/10/2025,73,Salute,Cardi B,-,73,1,47,Salute|Cardi B|45934
04/10/2025,74,Last One To Know,Gavin Adcock,71,71,6,47,Last One To Know|Gavin Adcock|45934
04/10/2025,75,The Subway,Chappell Roan,63,3,8,47,The Subway|Chappell Roan|45934
04/10/2025,76,wgft,Gunna Featuring Burna Boy,66,66,7,46,wgft|Gunna Featuring Burna Boy|45934
04/10/2025,77,Amen,Shaboozey & Jelly Roll,72,56,22,46,Amen|Shaboozey & Jelly Roll|45934
04/10/2025,78,Eternity,Alex Warren,75,16,10,46,Eternity|Alex Warren|45934
04/10/2025,79,Don't Mind If I Do,Riley Green Featuring Ella Langley,76,69,8,44,Don't Mind If I Do|Riley Green Featuring Ella Langley|45934
04/10/2025,80,Marlboro Rojo,Fuerza Regida,78,64,19,44,Marlboro Rojo|Fuerza Regida|45934
04/10/2025,81,Shower Tears,Cardi B Featuring Summer Walker,-,81,1,44,Shower Tears|Cardi B Featuring Summer Walker|45934
04/10/2025,82,Nice To Meet You,Myles Smith,79,76,16,44,Nice To Meet You|Myles Smith|45934
04/10/2025,83,Is It A Crime,Mariah The Scientist & Kali Uchis,81,59,7,44,Is It A Crime|Mariah The Scientist & Kali Uchis|45934
04/10/2025,84,Shot Callin,YoungBoy Never Broke Again,90,84,2,43,Shot Callin|YoungBoy Never Broke Again|45934
04/10/2025,85,Better Than You,Cardi B Featuring Cash Cobain,-,85,1,42,Better Than You|Cardi B Featuring Cash Cobain|45934
04/10/2025,86,Sparks,Coldplay,85,77,11,42,Sparks|Coldplay|45934
04/10/2025,87,Sienna,The Marias,74,74,3,42,Sienna|The Marias|45934
04/10/2025,88,Go Go Juice,Sabrina Carpenter,62,24,4,41,Go Go Juice|Sabrina Carpenter|45934
04/10/2025,89,Breakin' Dishes,Rihanna,86,86,2,40,Breakin' Dishes|Rihanna|45934
04/10/2025,90,Holy Water,Marshmello x Jelly Roll,-,90,3,40,Holy Water|Marshmello x Jelly Roll|45934
04/10/2025,91,20 Cigarettes,Morgan Wallen,82,20,19,40,20 Cigarettes|Morgan Wallen|45934
04/10/2025,92,Principal,Cardi B Featuring Janet Jackson,-,92,1,40,Principal|Cardi B Featuring Janet Jackson|45934
04/10/2025,93,Camera,Ed Sheeran,58,58,2,39,Camera|Ed Sheeran|45934
04/10/2025,94,Sugar Talking,Sabrina Carpenter,67,20,4,38,Sugar Talking|Sabrina Carpenter|45934
04/10/2025,95,My Man On Willpower,Sabrina Carpenter,68,15,4,38,My Man On Willpower|Sabrina Carpenter|45934
04/10/2025,96,Which One,Drake & Central Cee,99,23,9,38,Which One|Drake & Central Cee|45934
04/10/2025,97,Goodbye,Sabrina Carpenter,70,33,4,38,Goodbye|Sabrina Carpenter|45934
04/10/2025,98,Darlin',Chase Matthew,-,98,1,38,Darlin'|Chase Matthew|45934
04/10/2025,99,Went Legit,G Herbo,-,81,10,37,Went Legit|G Herbo|45934
04/10/2025,100,What Did I Miss?,Drake,80,2,12,37,What Did I Miss?|Drake|45934
27/09/2025,1,Golden,"HUNTR/X: EJAE, Audrey Nuna & REI AMI",1,1,13,273,"Golden|HUNTR/X: EJAE, Audrey Nuna & REI AMI|45927"
27/09/2025,2,Ordinary,Alex Warren,2,1,32,248,Ordinary|Alex Warren|45927
27/09/2025,3,Manchild,Sabrina Carpenter,3,1,15,142,Manchild|Sabrina Carpenter|45927
27/09/2025,4,What I Want,Morgan Wallen Featuring Tate McRae,7,1,18,137,What I Want|Morgan Wallen Featuring Tate McRae|45927
27/09/2025,5,Soda Pop,"Saja Boys: Andrew Choi, Neckwav, Danny Chung, Kevin Woo & samUIL Lee",5,5,12,135,"Soda Pop|Saja Boys: Andrew Choi, Neckwav, Danny Chung, Kevin Woo & samUIL Lee|45927"
27/09/2025,6,Your Idol,"Saja Boys: Andrew Choi, Neckwav, Danny Chung, Kevin Woo & samUIL Lee",4,4,13,135,"Your Idol|Saja Boys: Andrew Choi, Neckwav, Danny Chung, Kevin Woo & samUIL Lee|45927"
27/09/2025,7,Love Me Not,Ravyn Lenae,9,5,25,130,Love Me Not|Ravyn Lenae|45927
27/09/2025,8,Daisies,Justin Bieber,10,2,10,129,Daisies|Justin Bieber|45927
27/09/2025,9,Lose Control,Teddy Swims,11,1,109,125,Lose Control|Teddy Swims|45927
27/09/2025,10,How It's Done,"HUNTR/X: EJAE, Audrey Nuna & REI AMI",8,8,12,125,"How It's Done|HUNTR/X: EJAE, Audrey Nuna & REI AMI|45927"
27/09/2025,11,Die With A Smile,Lady Gaga & Bruno Mars,12,1,57,124,Die With A Smile|Lady Gaga & Bruno Mars|45927
27/09/2025,12,Tears,Sabrina Carpenter,6,3,3,124,Tears|Sabrina Carpenter|45927
27/09/2025,13,I Got Better,Morgan Wallen,13,7,18,122,I Got Better|Morgan Wallen|45927
27/09/2025,14,Mutt,Leon Thomas,14,12,33,116,Mutt|Leon Thomas|45927
27/09/2025,15,A Bar Song (Tipsy),Shaboozey,16,1,75,112,A Bar Song (Tipsy)|Shaboozey|45927
27/09/2025,16,Beautiful Things,Benson Boone,17,2,86,112,Beautiful Things|Benson Boone|45927
27/09/2025,17,Just In Case,Morgan Wallen,18,2,26,111,Just In Case|Morgan Wallen|45927
27/09/2025,18,Undressed,sombr,20,18,24,110,Undressed|sombr|45927
27/09/2025,19,What It Sounds Like,"HUNTR/X: EJAE, Audrey Nuna & REI AMI",15,15,12,109,"What It Sounds Like|HUNTR/X: EJAE, Audrey Nuna & REI AMI|45927"
27/09/2025,20,Good News,Shaboozey,19,12,43,105,Good News|Shaboozey|45927
27/09/2025,21,I'm The Problem,Morgan Wallen,22,2,33,103,I'm The Problem|Morgan Wallen|45927
27/09/2025,22,Pink Pony Club,Chappell Roan,23,4,66,102,Pink Pony Club|Chappell Roan|45927
27/09/2025,23,Back To Friends,sombr,25,23,25,101,Back To Friends|sombr|45927
27/09/2025,24,Takedown,"HUNTR/X: EJAE, Audrey Nuna & REI AMI",21,21,12,99,"Takedown|HUNTR/X: EJAE, Audrey Nuna & REI AMI|45927"
27/09/2025,25,Mystical Magical,Benson Boone,29,17,21,95,Mystical Magical|Benson Boone|45927
27/09/2025,26,Luther,Kendrick Lamar & SZA,26,1,43,95,Luther|Kendrick Lamar & SZA|45927
27/09/2025,27,Free,Rumi & JINU: EJAE & Andrew Choi,24,23,12,95,Free|Rumi & JINU: EJAE & Andrew Choi|45927
27/09/2025,28,Happen To Me,Russell Dickerson,31,28,22,92,Happen To Me|Russell Dickerson|45927
27/09/2025,29,Folded,Kehlani,34,29,14,91,Folded|Kehlani|45927
27/09/2025,30,Man I Need,Olivia Dean,37,30,4,87,Man I Need|Olivia Dean|45927
27/09/2025,31,When Did You Get Hot?,Sabrina Carpenter,30,17,3,82,When Did You Get Hot?|Sabrina Carpenter|45927
27/09/2025,32,Yukon,Justin Bieber,33,17,10,81,Yukon|Justin Bieber|45927
27/09/2025,33,Burning Blue,Mariah The Scientist,35,25,20,79,Burning Blue|Mariah The Scientist|45927
27/09/2025,34,It Depends,Chris Brown Featuring Bryson Tiller,38,32,8,78,It Depends|Chris Brown Featuring Bryson Tiller|45927
27/09/2025,35,All The Way,BigXthaPlug Featuring Bailey Zimmerman,32,4,24,78,All The Way|BigXthaPlug Featuring Bailey Zimmerman|45927
27/09/2025,36,Nobody's Son,Sabrina Carpenter,28,12,3,78,Nobody's Son|Sabrina Carpenter|45927
27/09/2025,37,Sorry I'm Here For Someone Else,Benson Boone,36,19,29,77,Sorry I'm Here For Someone Else|Benson Boone|45927
27/09/2025,38,Bottle Rockets,Scotty McCreery & Hootie & The Blowfish,46,38,13,74,Bottle Rockets|Scotty McCreery & Hootie & The Blowfish|45927
27/09/2025,39,No Broke Boys,Disco Lines & Tinashe,48,39,10,72,No Broke Boys|Disco Lines & Tinashe|45927
27/09/2025,40,Somebody Loves Me,"PARTYNEXTDOOR, Drake & Cash Cobain",27,27,22,68,"Somebody Loves Me|PARTYNEXTDOOR, Drake & Cash Cobain|45927"
27/09/2025,41,12 To 12,sombr,53,41,5,68,12 To 12|sombr|45927
27/09/2025,42,Worst Way,Riley Green,45,20,36,67,Worst Way|Riley Green|45927
27/09/2025,43,Bar None,Jordan Davis,43,43,11,67,Bar None|Jordan Davis|45927
27/09/2025,44,The Dead Dance,Lady Gaga,40,40,2,63,The Dead Dance|Lady Gaga|45927
27/09/2025,45,Gabriela,KATSEYE,57,45,9,62,Gabriela|KATSEYE|45927
27/09/2025,46,Revolving Door,Tate McRae,60,22,23,61,Revolving Door|Tate McRae|45927
27/09/2025,47,Back In The Saddle,Luke Combs,54,38,8,61,Back In The Saddle|Luke Combs|45927
27/09/2025,48,After All The Bars Are Closed,Thomas Rhett,52,35,21,61,After All The Bars Are Closed|Thomas Rhett|45927
27/09/2025,49,Jealous Type,Doja Cat,50,28,4,61,Jealous Type|Doja Cat|45927
27/09/2025,50,House Tour,Sabrina Carpenter,39,27,3,60,House Tour|Sabrina Carpenter|45927
27/09/2025,51,Hell At Night,BigXthaPlug Featuring Ella Langley,59,35,6,58,Hell At Night|BigXthaPlug Featuring Ella Langley|45927
27/09/2025,52,Sugar On My Tongue,"Tyler, The Creator",56,41,9,57,"Sugar On My Tongue|Tyler, The Creator|45927"
27/09/2025,53,Dog House,"Drake, Julia Wolf & Yeat",-,53,1,56,"Dog House|Drake, Julia Wolf & Yeat|45927"
27/09/2025,54,House Again,Hudson Westbrook,63,54,22,55,House Again|Hudson Westbrook|45927
27/09/2025,55,Just Keep Watching,Tate McRae,67,33,16,54,Just Keep Watching|Tate McRae|45927
27/09/2025,56,6 Months Later,Megan Moroney,68,30,13,53,6 Months Later|Megan Moroney|45927
27/09/2025,57,Somewhere Over Laredo,Lainey Wilson,64,54,11,53,Somewhere Over Laredo|Lainey Wilson|45927
27/09/2025,58,Camera,Ed Sheeran,-,58,1,53,Camera|Ed Sheeran|45927
27/09/2025,59,Takedown,"JEONGYEON, JIHYO & CHAEYOUNG Of TWICE",61,50,11,53,"Takedown|JEONGYEON, JIHYO & CHAEYOUNG Of TWICE|45927"
27/09/2025,60,Backup Plan,Bailey Zimmerman & Luke Combs,51,30,20,53,Backup Plan|Bailey Zimmerman & Luke Combs|45927
27/09/2025,61,Strategy,Twice,62,51,9,53,Strategy|Twice|45927
27/09/2025,62,Go Go Juice,Sabrina Carpenter,41,24,3,53,Go Go Juice|Sabrina Carpenter|45927
27/09/2025,63,The Subway,Chappell Roan,58,3,7,52,The Subway|Chappell Roan|45927
27/09/2025,64,Your Way's Better,Forrest Frank,76,61,22,52,Your Way's Better|Forrest Frank|45927
27/09/2025,65,Wildflower,Billie Eilish,70,17,66,51,Wildflower|Billie Eilish|45927
27/09/2025,66,wgft,Gunna Featuring Burna Boy,69,66,6,51,wgft|Gunna Featuring Burna Boy|45927
27/09/2025,67,Sugar Talking,Sabrina Carpenter,44,20,3,50,Sugar Talking|Sabrina Carpenter|45927
27/09/2025,68,My Man On Willpower,Sabrina Carpenter,42,15,3,50,My Man On Willpower|Sabrina Carpenter|45927
27/09/2025,69,Heart Of Stone,Jelly Roll,78,69,5,49,Heart Of Stone|Jelly Roll|45927
27/09/2025,70,Goodbye,Sabrina Carpenter,47,33,3,49,Goodbye|Sabrina Carpenter|45927
27/09/2025,71,Last One To Know,Gavin Adcock,82,71,5,49,Last One To Know|Gavin Adcock|45927
27/09/2025,72,Amen,Shaboozey & Jelly Roll,72,56,21,48,Amen|Shaboozey & Jelly Roll|45927
27/09/2025,73,Better Me For You (Brown Eyes),Max McNown,75,50,14,47,Better Me For You (Brown Eyes)|Max McNown|45927
27/09/2025,74,Sienna,The Marias,77,74,2,47,Sienna|The Marias|45927
27/09/2025,75,Eternity,Alex Warren,74,16,9,47,Eternity|Alex Warren|45927
27/09/2025,76,Don't Mind If I Do,Riley Green Featuring Ella Langley,80,69,7,46,Don't Mind If I Do|Riley Green Featuring Ella Langley|45927
27/09/2025,77,Charlie,Tom MacDonald,-,77,1,45,Charlie|Tom MacDonald|45927
27/09/2025,78,Marlboro Rojo,Fuerza Regida,84,64,18,44,Marlboro Rojo|Fuerza Regida|45927
27/09/2025,79,Nice To Meet You,Myles Smith,81,76,15,43,Nice To Meet You|Myles Smith|45927
27/09/2025,80,What Did I Miss?,Drake,71,2,11,43,What Did I Miss?|Drake|45927
27/09/2025,81,Is It A Crime,Mariah The Scientist & Kali Uchis,85,59,6,43,Is It A Crime|Mariah The Scientist & Kali Uchis|45927
27/09/2025,82,20 Cigarettes,Morgan Wallen,87,20,18,43,20 Cigarettes|Morgan Wallen|45927
27/09/2025,83,City Walls,Twenty One Pilots,-,83,1,42,City Walls|Twenty One Pilots|45927
27/09/2025,84,Never Getting Laid,Sabrina Carpenter,55,30,3,42,Never Getting Laid|Sabrina Carpenter|45927
27/09/2025,85,Sparks,Coldplay,83,77,10,42,Sparks|Coldplay|45927
27/09/2025,86,Breakin' Dishes,Rihanna,-,86,1,41,Breakin' Dishes|Rihanna|45927
27/09/2025,87,Typa,GloRilla,90,42,14,40,Typa|GloRilla|45927
27/09/2025,88,How Far Does A Goodbye Go,Jason Aldean,-,88,1,40,How Far Does A Goodbye Go|Jason Aldean|45927
27/09/2025,89,I'm A Little Crazy,Morgan Wallen,-,17,17,39,I'm A Little Crazy|Morgan Wallen|45927
27/09/2025,90,Shot Callin,YoungBoy Never Broke Again,-,90,1,38,Shot Callin|YoungBoy Never Broke Again|45927
27/09/2025,91,We Almost Broke Up Again Last Night,Sabrina Carpenter,65,31,3,38,We Almost Broke Up Again Last Night|Sabrina Carpenter|45927
27/09/2025,92,Shake It To The Max (Fly),"MOLIY, Silent Addy, Skillibeng & Shenseea",89,44,18,37,"Shake It To The Max (Fly)|MOLIY, Silent Addy, Skillibeng & Shenseea|45927"
27/09/2025,93,Outside,Cardi B,96,10,13,37,Outside|Cardi B|45927
27/09/2025,94,Frecuencia,Dareyes de La Sierra,93,82,9,37,Frecuencia|Dareyes de La Sierra|45927
27/09/2025,95,Jump,BLACKPINK,92,28,10,37,Jump|BLACKPINK|45927
27/09/2025,96,She Ready,Key Glock,91,91,3,37,She Ready|Key Glock|45927
27/09/2025,97,Gnarly,KATSEYE,-,90,8,37,Gnarly|KATSEYE|45927
27/09/2025,98,I Ain't Coming Back,Morgan Wallen Featuring Post Malone,97,8,22,36,I Ain't Coming Back|Morgan Wallen Featuring Post Malone|45927
27/09/2025,99,Which One,Drake & Central Cee,98,23,8,36,Which One|Drake & Central Cee|45927
27/09/2025,100,Let Down,Radiohead,95,91,5,35,Let Down|Radiohead|45927
20/09/2025,1,Golden,"HUNTR/X: EJAE, Audrey Nuna & REI AMI",1,1,12,281,"Golden|HUNTR/X: EJAE, Audrey Nuna & REI AMI|45920"
20/09/2025,2,Ordinary,Alex Warren,2,1,31,253,Ordinary|Alex Warren|45920
20/09/2025,3,Manchild,Sabrina Carpenter,4,1,14,161,Manchild|Sabrina Carpenter|45920
20/09/2025,4,Your Idol,"Saja Boys: Andrew Choi, Neckwav, Danny Chung, Kevin Woo & samUIL Lee",5,4,12,147,"Your Idol|Saja Boys: Andrew Choi, Neckwav, Danny Chung, Kevin Woo & samUIL Lee|45920"
20/09/2025,5,Soda Pop,"Saja Boys: Andrew Choi, Neckwav, Danny Chung, Kevin Woo & samUIL Lee",6,5,11,146,"Soda Pop|Saja Boys: Andrew Choi, Neckwav, Danny Chung, Kevin Woo & samUIL Lee|45920"
20/09/2025,6,Tears,Sabrina Carpenter,3,3,2,141,Tears|Sabrina Carpenter|45920
20/09/2025,7,What I Want,Morgan Wallen Featuring Tate McRae,7,1,17,137,What I Want|Morgan Wallen Featuring Tate McRae|45920
20/09/2025,8,How It's Done,"HUNTR/X: EJAE, Audrey Nuna & REI AMI",9,8,11,135,"How It's Done|HUNTR/X: EJAE, Audrey Nuna & REI AMI|45920"
20/09/2025,9,Love Me Not,Ravyn Lenae,8,5,24,135,Love Me Not|Ravyn Lenae|45920
20/09/2025,10,Daisies,Justin Bieber,11,2,9,130,Daisies|Justin Bieber|45920
20/09/2025,11,Lose Control,Teddy Swims,10,1,108,129,Lose Control|Teddy Swims|45920
20/09/2025,12,Die With A Smile,Lady Gaga & Bruno Mars,14,1,56,123,Die With A Smile|Lady Gaga & Bruno Mars|45920
20/09/2025,13,I Got Better,Morgan Wallen,13,7,17,123,I Got Better|Morgan Wallen|45920
20/09/2025,14,Mutt,Leon Thomas,21,12,32,120,Mutt|Leon Thomas|45920
20/09/2025,15,What It Sounds Like,"HUNTR/X: EJAE, Audrey Nuna & REI AMI",22,15,11,114,"What It Sounds Like|HUNTR/X: EJAE, Audrey Nuna & REI AMI|45920"
20/09/2025,16,A Bar Song (Tipsy),Shaboozey,16,1,74,112,A Bar Song (Tipsy)|Shaboozey|45920
20/09/2025,17,Beautiful Things,Benson Boone,23,2,85,112,Beautiful Things|Benson Boone|45920
20/09/2025,18,Just In Case,Morgan Wallen,19,2,25,111,Just In Case|Morgan Wallen|45920
20/09/2025,19,Good News,Shaboozey,18,12,42,111,Good News|Shaboozey|45920
20/09/2025,20,Undressed,sombr,28,20,23,110,Undressed|sombr|45920
20/09/2025,21,Takedown,"HUNTR/X: EJAE, Audrey Nuna & REI AMI",29,21,11,106,"Takedown|HUNTR/X: EJAE, Audrey Nuna & REI AMI|45920"
20/09/2025,22,I'm The Problem,Morgan Wallen,26,2,32,104,I'm The Problem|Morgan Wallen|45920
20/09/2025,23,Pink Pony Club,Chappell Roan,25,4,65,102,Pink Pony Club|Chappell Roan|45920
20/09/2025,24,Free,Rumi & JINU: EJAE & Andrew Choi,32,23,11,102,Free|Rumi & JINU: EJAE & Andrew Choi|45920
20/09/2025,25,Back To Friends,sombr,37,25,24,98,Back To Friends|sombr|45920
20/09/2025,26,Luther,Kendrick Lamar & SZA,34,1,42,96,Luther|Kendrick Lamar & SZA|45920
20/09/2025,27,Somebody Loves Me,"PARTYNEXTDOOR, Drake & Cash Cobain",-,27,21,94,"Somebody Loves Me|PARTYNEXTDOOR, Drake & Cash Cobain|45920"
20/09/2025,28,Nobody's Son,Sabrina Carpenter,12,12,2,94,Nobody's Son|Sabrina Carpenter|45920
20/09/2025,29,Mystical Magical,Benson Boone,36,17,20,93,Mystical Magical|Benson Boone|45920
20/09/2025,30,When Did You Get Hot?,Sabrina Carpenter,17,17,2,92,When Did You Get Hot?|Sabrina Carpenter|45920
20/09/2025,31,Happen To Me,Russell Dickerson,45,31,21,90,Happen To Me|Russell Dickerson|45920
20/09/2025,32,All The Way,BigXthaPlug Featuring Bailey Zimmerman,35,4,23,90,All The Way|BigXthaPlug Featuring Bailey Zimmerman|45920
20/09/2025,33,Yukon,Justin Bieber,41,17,9,87,Yukon|Justin Bieber|45920
20/09/2025,34,Folded,Kehlani,44,34,13,86,Folded|Kehlani|45920
20/09/2025,35,Burning Blue,Mariah The Scientist,42,25,19,81,Burning Blue|Mariah The Scientist|45920
20/09/2025,36,Sorry I'm Here For Someone Else,Benson Boone,40,19,28,78,Sorry I'm Here For Someone Else|Benson Boone|45920
20/09/2025,37,Man I Need,Olivia Dean,55,37,3,78,Man I Need|Olivia Dean|45920
20/09/2025,38,It Depends,Chris Brown Featuring Bryson Tiller,43,32,7,77,It Depends|Chris Brown Featuring Bryson Tiller|45920
20/09/2025,39,House Tour,Sabrina Carpenter,27,27,2,77,House Tour|Sabrina Carpenter|45920
20/09/2025,40,The Dead Dance,Lady Gaga,-,40,1,76,The Dead Dance|Lady Gaga|45920
20/09/2025,41,Go Go Juice,Sabrina Carpenter,24,24,2,71,Go Go Juice|Sabrina Carpenter|45920
20/09/2025,42,My Man On Willpower,Sabrina Carpenter,15,15,2,69,My Man On Willpower|Sabrina Carpenter|45920
20/09/2025,43,Bar None,Jordan Davis,52,43,10,68,Bar None|Jordan Davis|45920
20/09/2025,44,Sugar Talking,Sabrina Carpenter,20,20,2,67,Sugar Talking|Sabrina Carpenter|45920
20/09/2025,45,Worst Way,Riley Green,46,20,35,67,Worst Way|Riley Green|45920
20/09/2025,46,Bottle Rockets,Scotty McCreery & Hootie & The Blowfish,53,46,12,67,Bottle Rockets|Scotty McCreery & Hootie & The Blowfish|45920
20/09/2025,47,Goodbye,Sabrina Carpenter,33,33,2,66,Goodbye|Sabrina Carpenter|45920
20/09/2025,48,No Broke Boys,Disco Lines & Tinashe,51,45,9,65,No Broke Boys|Disco Lines & Tinashe|45920
20/09/2025,49,Blue Strips,Jessie Murph,47,15,22,64,Blue Strips|Jessie Murph|45920
20/09/2025,50,Jealous Type,Doja Cat,49,28,3,64,Jealous Type|Doja Cat|45920
20/09/2025,51,Backup Plan,Bailey Zimmerman & Luke Combs,38,30,19,63,Backup Plan|Bailey Zimmerman & Luke Combs|45920
20/09/2025,52,After All The Bars Are Closed,Thomas Rhett,54,35,20,63,After All The Bars Are Closed|Thomas Rhett|45920
20/09/2025,53,12 To 12,sombr,61,53,4,62,12 To 12|sombr|45920
20/09/2025,54,Back In The Saddle,Luke Combs,56,38,7,60,Back In The Saddle|Luke Combs|45920
20/09/2025,55,Never Getting Laid,Sabrina Carpenter,30,30,2,60,Never Getting Laid|Sabrina Carpenter|45920
20/09/2025,56,Sugar On My Tongue,"Tyler, The Creator",57,41,8,60,"Sugar On My Tongue|Tyler, The Creator|45920"
20/09/2025,57,Gabriela,KATSEYE,64,57,8,57,Gabriela|KATSEYE|45920
20/09/2025,58,The Subway,Chappell Roan,50,3,6,57,The Subway|Chappell Roan|45920
20/09/2025,59,Hell At Night,BigXthaPlug Featuring Ella Langley,48,35,5,57,Hell At Night|BigXthaPlug Featuring Ella Langley|45920
20/09/2025,60,Revolving Door,Tate McRae,68,22,22,56,Revolving Door|Tate McRae|45920
20/09/2025,61,Takedown,"JEONGYEON, JIHYO & CHAEYOUNG Of TWICE",58,50,10,56,"Takedown|JEONGYEON, JIHYO & CHAEYOUNG Of TWICE|45920"
20/09/2025,62,Strategy,Twice,59,51,8,56,Strategy|Twice|45920
20/09/2025,63,House Again,Hudson Westbrook,60,56,21,55,House Again|Hudson Westbrook|45920
20/09/2025,64,Somewhere Over Laredo,Lainey Wilson,63,54,10,55,Somewhere Over Laredo|Lainey Wilson|45920
20/09/2025,65,We Almost Broke Up Again Last Night,Sabrina Carpenter,31,31,2,55,We Almost Broke Up Again Last Night|Sabrina Carpenter|45920
20/09/2025,66,Speed Demon,Justin Bieber,-,66,1,54,Speed Demon|Justin Bieber|45920
20/09/2025,67,Just Keep Watching,Tate McRae,70,33,15,54,Just Keep Watching|Tate McRae|45920
20/09/2025,68,6 Months Later,Megan Moroney,65,30,12,53,6 Months Later|Megan Moroney|45920
20/09/2025,69,wgft,Gunna Featuring Burna Boy,72,69,5,53,wgft|Gunna Featuring Burna Boy|45920
20/09/2025,70,Wildflower,Billie Eilish,66,17,65,53,Wildflower|Billie Eilish|45920
20/09/2025,71,What Did I Miss?,Drake,62,2,10,50,What Did I Miss?|Drake|45920
20/09/2025,72,Amen,Shaboozey & Jelly Roll,67,56,20,49,Amen|Shaboozey & Jelly Roll|45920
20/09/2025,73,Don't Worry I'll Make You Worry,Sabrina Carpenter,39,39,2,48,Don't Worry I'll Make You Worry|Sabrina Carpenter|45920
20/09/2025,74,Eternity,Alex Warren,73,16,8,48,Eternity|Alex Warren|45920
20/09/2025,75,Better Me For You (Brown Eyes),Max McNown,69,50,13,48,Better Me For You (Brown Eyes)|Max McNown|45920
20/09/2025,76,Your Way's Better,Forrest Frank,74,61,21,47,Your Way's Better|Forrest Frank|45920
20/09/2025,77,Sienna,The Marias,-,77,1,47,Sienna|The Marias|45920
20/09/2025,78,Heart Of Stone,Jelly Roll,82,78,4,47,Heart Of Stone|Jelly Roll|45920
20/09/2025,79,Tiramisu,Don Toliver,-,79,1,46,Tiramisu|Don Toliver|45920
20/09/2025,80,Don't Mind If I Do,Riley Green Featuring Ella Langley,76,69,6,46,Don't Mind If I Do|Riley Green Featuring Ella Langley|45920
20/09/2025,81,Nice To Meet You,Myles Smith,80,76,14,45,Nice To Meet You|Myles Smith|45920
20/09/2025,82,Last One To Know,Gavin Adcock,83,77,4,44,Last One To Know|Gavin Adcock|45920
20/09/2025,83,Sparks,Coldplay,79,77,9,44,Sparks|Coldplay|45920
20/09/2025,84,Marlboro Rojo,Fuerza Regida,78,64,17,44,Marlboro Rojo|Fuerza Regida|45920
20/09/2025,85,Is It A Crime,Mariah The Scientist & Kali Uchis,84,59,5,43,Is It A Crime|Mariah The Scientist & Kali Uchis|45920
20/09/2025,86,Party 4 U,Charli xcx,77,55,21,43,Party 4 U|Charli xcx|45920
20/09/2025,87,20 Cigarettes,Morgan Wallen,71,20,17,43,20 Cigarettes|Morgan Wallen|45920
20/09/2025,88,Love Song,Justin Bieber,-,88,1,41,Love Song|Justin Bieber|45920
20/09/2025,89,Shake It To The Max (Fly),"MOLIY, Silent Addy, Skillibeng & Shenseea",81,44,17,40,"Shake It To The Max (Fly)|MOLIY, Silent Addy, Skillibeng & Shenseea|45920"
20/09/2025,90,Typa,GloRilla,95,42,13,40,Typa|GloRilla|45920
20/09/2025,91,She Ready,Key Glock,97,91,2,39,She Ready|Key Glock|45920
20/09/2025,92,Jump,BLACKPINK,86,28,9,39,Jump|BLACKPINK|45920
20/09/2025,93,Frecuencia,Dareyes de La Sierra,89,82,8,38,Frecuencia|Dareyes de La Sierra|45920
20/09/2025,94,Good Times & Tan Lines,Zach Top,75,75,2,38,Good Times & Tan Lines|Zach Top|45920
20/09/2025,95,Let Down,Radiohead,94,91,4,38,Let Down|Radiohead|45920
20/09/2025,96,Outside,Cardi B,88,10,12,38,Outside|Cardi B|45920
20/09/2025,97,I Ain't Coming Back,Morgan Wallen Featuring Post Malone,87,8,21,37,I Ain't Coming Back|Morgan Wallen Featuring Post Malone|45920
20/09/2025,98,Which One,Drake & Central Cee,96,23,7,37,Which One|Drake & Central Cee|45920
20/09/2025,99,Miami,Morgan Wallen Featuring Lil Wayne & Rick Ross,85,21,10,37,Miami|Morgan Wallen Featuring Lil Wayne & Rick Ross|45920
20/09/2025,100,So Far So Fake,Pierce the Veil,92,64,6,36,So Far So Fake|Pierce the Veil|45920
13/09/2025,1,Golden,"HUNTR/X: EJAE, Audrey Nuna & REI AMI",1,1,11,283,"Golden|HUNTR/X: EJAE, Audrey Nuna & REI AMI|45913"
13/09/2025,2,Ordinary,Alex Warren,2,1,30,251,Ordinary|Alex Warren|45913
13/09/2025,3,Tears,Sabrina Carpenter,-,3,1,207,Tears|Sabrina Carpenter|45913
13/09/2025,4,Manchild,Sabrina Carpenter,7,1,13,206,Manchild|Sabrina Carpenter|45913
13/09/2025,5,Your Idol,"Saja Boys: Andrew Choi, Neckwav, Danny Chung, Kevin Woo & samUIL Lee",4,4,11,148,"Your Idol|Saja Boys: Andrew Choi, Neckwav, Danny Chung, Kevin Woo & samUIL Lee|45913"
13/09/2025,6,Soda Pop,"Saja Boys: Andrew Choi, Neckwav, Danny Chung, Kevin Woo & samUIL Lee",5,5,10,146,"Soda Pop|Saja Boys: Andrew Choi, Neckwav, Danny Chung, Kevin Woo & samUIL Lee|45913"
13/09/2025,7,What I Want,Morgan Wallen Featuring Tate McRae,3,1,16,140,What I Want|Morgan Wallen Featuring Tate McRae|45913
13/09/2025,8,Love Me Not,Ravyn Lenae,6,5,23,138,Love Me Not|Ravyn Lenae|45913
13/09/2025,9,How It's Done,"HUNTR/X: EJAE, Audrey Nuna & REI AMI",9,9,10,132,"How It's Done|HUNTR/X: EJAE, Audrey Nuna & REI AMI|45913"
13/09/2025,10,Lose Control,Teddy Swims,8,1,107,125,Lose Control|Teddy Swims|45913
13/09/2025,11,Daisies,Justin Bieber,11,2,8,124,Daisies|Justin Bieber|45913
13/09/2025,12,Nobody's Son,Sabrina Carpenter,-,12,1,124,Nobody's Son|Sabrina Carpenter|45913
13/09/2025,13,I Got Better,Morgan Wallen,18,7,16,121,I Got Better|Morgan Wallen|45913
13/09/2025,14,Die With A Smile,Lady Gaga & Bruno Mars,10,1,55,121,Die With A Smile|Lady Gaga & Bruno Mars|45913
13/09/2025,15,My Man On Willpower,Sabrina Carpenter,-,15,1,121,My Man On Willpower|Sabrina Carpenter|45913
13/09/2025,16,A Bar Song (Tipsy),Shaboozey,13,1,73,120,A Bar Song (Tipsy)|Shaboozey|45913
13/09/2025,17,When Did You Get Hot?,Sabrina Carpenter,-,17,1,120,When Did You Get Hot?|Sabrina Carpenter|45913
13/09/2025,18,Good News,Shaboozey,14,12,41,117,Good News|Shaboozey|45913
13/09/2025,19,Just In Case,Morgan Wallen,12,2,24,117,Just In Case|Morgan Wallen|45913
13/09/2025,20,Sugar Talking,Sabrina Carpenter,-,20,1,117,Sugar Talking|Sabrina Carpenter|45913
13/09/2025,21,Mutt,Leon Thomas,15,12,31,116,Mutt|Leon Thomas|45913
13/09/2025,22,What It Sounds Like,"HUNTR/X: EJAE, Audrey Nuna & REI AMI",19,19,10,114,"What It Sounds Like|HUNTR/X: EJAE, Audrey Nuna & REI AMI|45913"
13/09/2025,23,Beautiful Things,Benson Boone,17,2,84,112,Beautiful Things|Benson Boone|45913
13/09/2025,24,Go Go Juice,Sabrina Carpenter,-,24,1,111,Go Go Juice|Sabrina Carpenter|45913
13/09/2025,25,Pink Pony Club,Chappell Roan,20,4,64,107,Pink Pony Club|Chappell Roan|45913
13/09/2025,26,I'm The Problem,Morgan Wallen,16,2,31,106,I'm The Problem|Morgan Wallen|45913
13/09/2025,27,House Tour,Sabrina Carpenter,-,27,1,106,House Tour|Sabrina Carpenter|45913
13/09/2025,28,Undressed,sombr,24,24,22,105,Undressed|sombr|45913
13/09/2025,29,Takedown,"HUNTR/X: EJAE, Audrey Nuna & REI AMI",21,21,10,105,"Takedown|HUNTR/X: EJAE, Audrey Nuna & REI AMI|45913"
13/09/2025,30,Never Getting Laid,Sabrina Carpenter,-,30,1,103,Never Getting Laid|Sabrina Carpenter|45913
13/09/2025,31,We Almost Broke Up Again Last Night,Sabrina Carpenter,-,31,1,102,We Almost Broke Up Again Last Night|Sabrina Carpenter|45913
13/09/2025,32,Free,Rumi & JINU: EJAE & Andrew Choi,23,23,10,102,Free|Rumi & JINU: EJAE & Andrew Choi|45913
13/09/2025,33,Goodbye,Sabrina Carpenter,-,33,1,99,Goodbye|Sabrina Carpenter|45913
13/09/2025,34,Luther,Kendrick Lamar & SZA,26,1,41,96,Luther|Kendrick Lamar & SZA|45913
13/09/2025,35,All The Way,BigXthaPlug Featuring Bailey Zimmerman,22,4,22,95,All The Way|BigXthaPlug Featuring Bailey Zimmerman|45913
13/09/2025,36,Mystical Magical,Benson Boone,27,17,19,95,Mystical Magical|Benson Boone|45913
13/09/2025,37,Back To Friends,sombr,31,30,23,91,Back To Friends|sombr|45913
13/09/2025,38,Backup Plan,Bailey Zimmerman & Luke Combs,30,30,18,85,Backup Plan|Bailey Zimmerman & Luke Combs|45913
13/09/2025,39,Don't Worry I'll Make You Worry,Sabrina Carpenter,-,39,1,85,Don't Worry I'll Make You Worry|Sabrina Carpenter|45913
13/09/2025,40,Sorry I'm Here For Someone Else,Benson Boone,32,19,27,83,Sorry I'm Here For Someone Else|Benson Boone|45913
13/09/2025,41,Yukon,Justin Bieber,33,17,8,83,Yukon|Justin Bieber|45913
13/09/2025,42,Burning Blue,Mariah The Scientist,29,25,18,81,Burning Blue|Mariah The Scientist|45913
13/09/2025,43,It Depends,Chris Brown Featuring Bryson Tiller,34,32,6,79,It Depends|Chris Brown Featuring Bryson Tiller|45913
13/09/2025,44,Folded,Kehlani,37,35,12,78,Folded|Kehlani|45913
13/09/2025,45,Happen To Me,Russell Dickerson,38,38,20,77,Happen To Me|Russell Dickerson|45913
13/09/2025,46,Worst Way,Riley Green,40,20,34,70,Worst Way|Riley Green|45913
13/09/2025,47,Blue Strips,Jessie Murph,39,15,21,68,Blue Strips|Jessie Murph|45913
13/09/2025,48,Hell At Night,BigXthaPlug Featuring Ella Langley,35,35,4,67,Hell At Night|BigXthaPlug Featuring Ella Langley|45913
13/09/2025,49,Jealous Type,Doja Cat,28,28,2,67,Jealous Type|Doja Cat|45913
13/09/2025,50,The Subway,Chappell Roan,36,3,5,66,The Subway|Chappell Roan|45913
13/09/2025,51,No Broke Boys,Disco Lines & Tinashe,45,45,8,66,No Broke Boys|Disco Lines & Tinashe|45913
13/09/2025,52,Bar None,Jordan Davis,44,43,9,65,Bar None|Jordan Davis|45913
13/09/2025,53,Bottle Rockets,Scotty McCreery & Hootie & The Blowfish,47,47,11,63,Bottle Rockets|Scotty McCreery & Hootie & The Blowfish|45913
13/09/2025,54,After All The Bars Are Closed,Thomas Rhett,42,35,19,63,After All The Bars Are Closed|Thomas Rhett|45913
13/09/2025,55,Man I Need,Olivia Dean,82,55,2,61,Man I Need|Olivia Dean|45913
13/09/2025,56,Back In The Saddle,Luke Combs,49,38,6,61,Back In The Saddle|Luke Combs|45913
13/09/2025,57,Sugar On My Tongue,"Tyler, The Creator",53,41,7,61,"Sugar On My Tongue|Tyler, The Creator|45913"
13/09/2025,58,Takedown,"JEONGYEON, JIHYO & CHAEYOUNG Of TWICE",50,50,9,60,"Takedown|JEONGYEON, JIHYO & CHAEYOUNG Of TWICE|45913"
13/09/2025,59,Strategy,Twice,51,51,7,60,Strategy|Twice|45913
13/09/2025,60,House Again,Hudson Westbrook,56,56,20,56,House Again|Hudson Westbrook|45913
13/09/2025,61,12 To 12,sombr,60,60,3,55,12 To 12|sombr|45913
13/09/2025,62,What Did I Miss?,Drake,48,2,9,55,What Did I Miss?|Drake|45913
13/09/2025,63,Somewhere Over Laredo,Lainey Wilson,54,54,9,54,Somewhere Over Laredo|Lainey Wilson|45913
13/09/2025,64,Gabriela,KATSEYE,63,63,7,54,Gabriela|KATSEYE|45913
13/09/2025,65,6 Months Later,Megan Moroney,55,30,11,53,6 Months Later|Megan Moroney|45913
13/09/2025,66,Wildflower,Billie Eilish,57,17,64,52,Wildflower|Billie Eilish|45913
13/09/2025,67,Amen,Shaboozey & Jelly Roll,62,56,19,49,Amen|Shaboozey & Jelly Roll|45913
13/09/2025,68,Revolving Door,Tate McRae,71,22,21,48,Revolving Door|Tate McRae|45913
13/09/2025,69,Better Me For You (Brown Eyes),Max McNown,67,50,12,47,Better Me For You (Brown Eyes)|Max McNown|45913
13/09/2025,70,Just Keep Watching,Tate McRae,66,33,14,47,Just Keep Watching|Tate McRae|45913
13/09/2025,71,20 Cigarettes,Morgan Wallen,58,20,16,47,20 Cigarettes|Morgan Wallen|45913
13/09/2025,72,wgft,Gunna Featuring Burna Boy,81,72,4,47,wgft|Gunna Featuring Burna Boy|45913
13/09/2025,73,Eternity,Alex Warren,83,16,7,47,Eternity|Alex Warren|45913
13/09/2025,74,Your Way's Better,Forrest Frank,64,61,20,46,Your Way's Better|Forrest Frank|45913
13/09/2025,75,Good Times & Tan Lines,Zach Top,-,75,1,45,Good Times & Tan Lines|Zach Top|45913
13/09/2025,76,Don't Mind If I Do,Riley Green Featuring Ella Langley,69,69,5,45,Don't Mind If I Do|Riley Green Featuring Ella Langley|45913
13/09/2025,77,Party 4 U,Charli xcx,68,55,20,44,Party 4 U|Charli xcx|45913
13/09/2025,78,Marlboro Rojo,Fuerza Regida,70,64,16,44,Marlboro Rojo|Fuerza Regida|45913
13/09/2025,79,Sparks,Coldplay,77,77,8,44,Sparks|Coldplay|45913
13/09/2025,80,Nice To Meet You,Myles Smith,76,76,13,43,Nice To Meet You|Myles Smith|45913
13/09/2025,81,Shake It To The Max (Fly),"MOLIY, Silent Addy, Skillibeng & Shenseea",72,44,16,43,"Shake It To The Max (Fly)|MOLIY, Silent Addy, Skillibeng & Shenseea|45913"
13/09/2025,82,Heart Of Stone,Jelly Roll,86,82,3,42,Heart Of Stone|Jelly Roll|45913
13/09/2025,83,Last One To Know,Gavin Adcock,85,77,3,42,Last One To Know|Gavin Adcock|45913
13/09/2025,84,Is It A Crime,Mariah The Scientist & Kali Uchis,59,59,4,42,Is It A Crime|Mariah The Scientist & Kali Uchis|45913
13/09/2025,85,Miami,Morgan Wallen Featuring Lil Wayne & Rick Ross,65,21,9,41,Miami|Morgan Wallen Featuring Lil Wayne & Rick Ross|45913
13/09/2025,86,Jump,BLACKPINK,78,28,8,41,Jump|BLACKPINK|45913
13/09/2025,87,I Ain't Coming Back,Morgan Wallen Featuring Post Malone,75,8,20,40,I Ain't Coming Back|Morgan Wallen Featuring Post Malone|45913
13/09/2025,88,Outside,Cardi B,74,10,11,40,Outside|Cardi B|45913
13/09/2025,89,Frecuencia,Dareyes de La Sierra,89,82,7,39,Frecuencia|Dareyes de La Sierra|45913
13/09/2025,90,Went Legit,G Herbo,87,81,9,37,Went Legit|G Herbo|45913
13/09/2025,91,Superman,Morgan Wallen,80,8,17,37,Superman|Morgan Wallen|45913
13/09/2025,92,So Far So Fake,Pierce the Veil,79,64,5,37,So Far So Fake|Pierce the Veil|45913
13/09/2025,93,Holy Water,Marshmello x Jelly Roll,92,92,2,37,Holy Water|Marshmello x Jelly Roll|45913
13/09/2025,94,Let Down,Radiohead,93,91,3,37,Let Down|Radiohead|45913
13/09/2025,95,Typa,GloRilla,90,42,12,36,Typa|GloRilla|45913
13/09/2025,96,Which One,Drake & Central Cee,84,23,6,36,Which One|Drake & Central Cee|45913
13/09/2025,97,She Ready,Key Glock,-,97,1,35,She Ready|Key Glock|45913
13/09/2025,98,South Of Sanity,Zach Top,-,98,1,34,South Of Sanity|Zach Top|45913
13/09/2025,99,Different Species,Offset & Gunna,73,73,2,34,Different Species|Offset & Gunna|45913
13/09/2025,100,Gnarly,KATSEYE,98,90,7,34,Gnarly|KATSEYE|45913
06/09/2025,1,Golden,"HUNTR/X: EJAE, Audrey Nuna & REI AMI",1,1,10,288,"Golden|HUNTR/X: EJAE, Audrey Nuna & REI AMI|45906"
06/09/2025,2,Ordinary,Alex Warren,2,1,29,253,Ordinary|Alex Warren|45906
06/09/2025,3,What I Want,Morgan Wallen Featuring Tate McRae,3,1,15,163,What I Want|Morgan Wallen Featuring Tate McRae|45906
06/09/2025,4,Your Idol,"Saja Boys: Andrew Choi, Neckwav, Danny Chung, Kevin Woo & samUIL Lee",4,4,10,151,"Your Idol|Saja Boys: Andrew Choi, Neckwav, Danny Chung, Kevin Woo & samUIL Lee|45906"
06/09/2025,5,Soda Pop,"Saja Boys: Andrew Choi, Neckwav, Danny Chung, Kevin Woo & samUIL Lee",5,5,9,145,"Soda Pop|Saja Boys: Andrew Choi, Neckwav, Danny Chung, Kevin Woo & samUIL Lee|45906"
06/09/2025,6,Love Me Not,Ravyn Lenae,6,5,22,138,Love Me Not|Ravyn Lenae|45906
06/09/2025,7,Manchild,Sabrina Carpenter,14,1,12,134,Manchild|Sabrina Carpenter|45906
06/09/2025,8,Lose Control,Teddy Swims,7,1,106,133,Lose Control|Teddy Swims|45906
06/09/2025,9,How It's Done,"HUNTR/X: EJAE, Audrey Nuna & REI AMI",10,9,9,131,"How It's Done|HUNTR/X: EJAE, Audrey Nuna & REI AMI|45906"
06/09/2025,10,Die With A Smile,Lady Gaga & Bruno Mars,11,1,54,128,Die With A Smile|Lady Gaga & Bruno Mars|45906
06/09/2025,11,Daisies,Justin Bieber,8,2,7,128,Daisies|Justin Bieber|45906
06/09/2025,12,Just In Case,Morgan Wallen,9,2,23,126,Just In Case|Morgan Wallen|45906
06/09/2025,13,A Bar Song (Tipsy),Shaboozey,13,1,72,124,A Bar Song (Tipsy)|Shaboozey|45906
06/09/2025,14,Good News,Shaboozey,12,12,40,124,Good News|Shaboozey|45906
06/09/2025,15,Mutt,Leon Thomas,15,12,30,119,Mutt|Leon Thomas|45906
06/09/2025,16,I'm The Problem,Morgan Wallen,16,2,30,118,I'm The Problem|Morgan Wallen|45906
06/09/2025,17,Beautiful Things,Benson Boone,17,2,83,118,Beautiful Things|Benson Boone|45906
06/09/2025,18,I Got Better,Morgan Wallen,19,7,15,118,I Got Better|Morgan Wallen|45906
06/09/2025,19,What It Sounds Like,"HUNTR/X: EJAE, Audrey Nuna & REI AMI",20,19,9,115,"What It Sounds Like|HUNTR/X: EJAE, Audrey Nuna & REI AMI|45906"
06/09/2025,20,Pink Pony Club,Chappell Roan,18,4,63,114,Pink Pony Club|Chappell Roan|45906
06/09/2025,21,Takedown,"HUNTR/X: EJAE, Audrey Nuna & REI AMI",25,21,9,110,"Takedown|HUNTR/X: EJAE, Audrey Nuna & REI AMI|45906"
06/09/2025,22,All The Way,BigXthaPlug Featuring Bailey Zimmerman,33,4,21,109,All The Way|BigXthaPlug Featuring Bailey Zimmerman|45906
06/09/2025,23,Free,Rumi & JINU: EJAE & Andrew Choi,23,23,9,108,Free|Rumi & JINU: EJAE & Andrew Choi|45906
06/09/2025,24,Undressed,sombr,27,24,21,108,Undressed|sombr|45906
06/09/2025,25,Birds Of A Feather,Billie Eilish,22,2,67,106,Birds Of A Feather|Billie Eilish|45906
06/09/2025,26,Luther,Kendrick Lamar & SZA,21,1,40,105,Luther|Kendrick Lamar & SZA|45906
06/09/2025,27,Mystical Magical,Benson Boone,30,17,18,99,Mystical Magical|Benson Boone|45906
06/09/2025,28,Jealous Type,Doja Cat,-,28,1,94,Jealous Type|Doja Cat|45906
06/09/2025,29,Burning Blue,Mariah The Scientist,36,25,17,94,Burning Blue|Mariah The Scientist|45906
06/09/2025,30,Backup Plan,Bailey Zimmerman & Luke Combs,34,30,17,93,Backup Plan|Bailey Zimmerman & Luke Combs|45906
06/09/2025,31,Back To Friends,sombr,31,30,22,92,Back To Friends|sombr|45906
06/09/2025,32,Sorry I'm Here For Someone Else,Benson Boone,26,19,26,91,Sorry I'm Here For Someone Else|Benson Boone|45906
06/09/2025,33,Yukon,Justin Bieber,29,17,7,91,Yukon|Justin Bieber|45906
06/09/2025,34,It Depends,Chris Brown Featuring Bryson Tiller,32,32,5,85,It Depends|Chris Brown Featuring Bryson Tiller|45906
06/09/2025,35,Hell At Night,BigXthaPlug Featuring Ella Langley,61,35,3,82,Hell At Night|BigXthaPlug Featuring Ella Langley|45906
06/09/2025,36,The Subway,Chappell Roan,28,3,4,80,The Subway|Chappell Roan|45906
06/09/2025,37,Folded,Kehlani,35,35,11,79,Folded|Kehlani|45906
06/09/2025,38,Happen To Me,Russell Dickerson,40,38,19,78,Happen To Me|Russell Dickerson|45906
06/09/2025,39,Blue Strips,Jessie Murph,37,15,20,76,Blue Strips|Jessie Murph|45906
06/09/2025,40,Worst Way,Riley Green,41,20,33,73,Worst Way|Riley Green|45906
06/09/2025,41,30 For 30,SZA With Kendrick Lamar,38,10,36,72,30 For 30|SZA With Kendrick Lamar|45906
06/09/2025,42,After All The Bars Are Closed,Thomas Rhett,39,35,18,72,After All The Bars Are Closed|Thomas Rhett|45906
06/09/2025,43,APT.,ROSE & Bruno Mars,42,3,45,67,APT.|ROSE & Bruno Mars|45906
06/09/2025,44,Bar None,Jordan Davis,43,43,8,67,Bar None|Jordan Davis|45906
06/09/2025,45,No Broke Boys,Disco Lines & Tinashe,50,45,7,66,No Broke Boys|Disco Lines & Tinashe|45906
06/09/2025,46,Love Somebody,Morgan Wallen,44,1,45,66,Love Somebody|Morgan Wallen|45906
06/09/2025,47,Bottle Rockets,Scotty McCreery & Hootie & The Blowfish,48,47,10,63,Bottle Rockets|Scotty McCreery & Hootie & The Blowfish|45906
06/09/2025,48,What Did I Miss?,Drake,45,2,8,63,What Did I Miss?|Drake|45906
06/09/2025,49,Back In The Saddle,Luke Combs,47,38,5,61,Back In The Saddle|Luke Combs|45906
06/09/2025,50,Takedown,"JEONGYEON, JIHYO & CHAEYOUNG Of TWICE",53,50,8,59,"Takedown|JEONGYEON, JIHYO & CHAEYOUNG Of TWICE|45906"
06/09/2025,51,Strategy,Twice,57,51,6,59,Strategy|Twice|45906
06/09/2025,52,Ceremony,Stray Kids,-,52,1,58,Ceremony|Stray Kids|45906
06/09/2025,53,Sugar On My Tongue,"Tyler, The Creator",49,41,6,57,"Sugar On My Tongue|Tyler, The Creator|45906"
06/09/2025,54,Somewhere Over Laredo,Lainey Wilson,54,54,8,56,Somewhere Over Laredo|Lainey Wilson|45906
06/09/2025,55,6 Months Later,Megan Moroney,51,30,10,54,6 Months Later|Megan Moroney|45906
06/09/2025,56,House Again,Hudson Westbrook,56,56,19,54,House Again|Hudson Westbrook|45906
06/09/2025,57,Wildflower,Billie Eilish,59,17,63,54,Wildflower|Billie Eilish|45906
06/09/2025,58,20 Cigarettes,Morgan Wallen,55,20,15,54,20 Cigarettes|Morgan Wallen|45906
06/09/2025,59,Is It A Crime,Mariah The Scientist & Kali Uchis,95,59,3,54,Is It A Crime|Mariah The Scientist & Kali Uchis|45906
06/09/2025,60,12 To 12,sombr,-,60,2,52,12 To 12|sombr|45906
06/09/2025,61,Box Me Up,BigXthaPlug Featuring Jelly Roll,-,61,1,52,Box Me Up|BigXthaPlug Featuring Jelly Roll|45906
06/09/2025,62,Amen,Shaboozey & Jelly Roll,58,56,18,51,Amen|Shaboozey & Jelly Roll|45906
06/09/2025,63,Gabriela,KATSEYE,72,63,6,51,Gabriela|KATSEYE|45906
06/09/2025,64,Your Way's Better,Forrest Frank,62,61,19,49,Your Way's Better|Forrest Frank|45906
06/09/2025,65,Miami,Morgan Wallen Featuring Lil Wayne & Rick Ross,52,21,8,49,Miami|Morgan Wallen Featuring Lil Wayne & Rick Ross|45906
06/09/2025,66,Just Keep Watching,Tate McRae,63,33,13,49,Just Keep Watching|Tate McRae|45906
06/09/2025,67,Better Me For You (Brown Eyes),Max McNown,68,50,11,48,Better Me For You (Brown Eyes)|Max McNown|45906
06/09/2025,68,Party 4 U,Charli xcx,71,55,19,47,Party 4 U|Charli xcx|45906
06/09/2025,69,Don't Mind If I Do,Riley Green Featuring Ella Langley,78,69,4,46,Don't Mind If I Do|Riley Green Featuring Ella Langley|45906
06/09/2025,70,Marlboro Rojo,Fuerza Regida,69,64,15,46,Marlboro Rojo|Fuerza Regida|45906
06/09/2025,71,Revolving Door,Tate McRae,79,22,20,46,Revolving Door|Tate McRae|45906
06/09/2025,72,Shake It To The Max (Fly),"MOLIY, Silent Addy, Skillibeng & Shenseea",65,44,15,46,"Shake It To The Max (Fly)|MOLIY, Silent Addy, Skillibeng & Shenseea|45906"
06/09/2025,73,Different Species,Offset & Gunna,-,73,1,45,Different Species|Offset & Gunna|45906
06/09/2025,74,Outside,Cardi B,60,10,10,45,Outside|Cardi B|45906
06/09/2025,75,I Ain't Coming Back,Morgan Wallen Featuring Post Malone,67,8,19,45,I Ain't Coming Back|Morgan Wallen Featuring Post Malone|45906
06/09/2025,76,Nice To Meet You,Myles Smith,80,76,12,44,Nice To Meet You|Myles Smith|45906
06/09/2025,77,Sparks,Coldplay,81,77,7,44,Sparks|Coldplay|45906
06/09/2025,78,Jump,BLACKPINK,74,28,7,43,Jump|BLACKPINK|45906
06/09/2025,79,So Far So Fake,Pierce the Veil,64,64,4,43,So Far So Fake|Pierce the Veil|45906
06/09/2025,80,Superman,Morgan Wallen,75,8,16,43,Superman|Morgan Wallen|45906
06/09/2025,81,wgft,Gunna Featuring Burna Boy,93,81,3,43,wgft|Gunna Featuring Burna Boy|45906
06/09/2025,82,Man I Need,Olivia Dean,-,82,1,42,Man I Need|Olivia Dean|45906
06/09/2025,83,Eternity,Alex Warren,66,16,6,42,Eternity|Alex Warren|45906
06/09/2025,84,Which One,Drake & Central Cee,73,23,5,42,Which One|Drake & Central Cee|45906
06/09/2025,85,Last One To Know,Gavin Adcock,77,77,2,41,Last One To Know|Gavin Adcock|45906
06/09/2025,86,Heart Of Stone,Jelly Roll,86,86,2,41,Heart Of Stone|Jelly Roll|45906
06/09/2025,87,Went Legit,G Herbo,82,81,8,40,Went Legit|G Herbo|45906
06/09/2025,88,Sacrifice,Mariah The Scientist,-,88,1,40,Sacrifice|Mariah The Scientist|45906
06/09/2025,89,Frecuencia,Dareyes de La Sierra,83,82,6,39,Frecuencia|Dareyes de La Sierra|45906
06/09/2025,90,Typa,GloRilla,88,42,11,39,Typa|GloRilla|45906
06/09/2025,91,Lover Girl,Laufey,-,91,1,37,Lover Girl|Laufey|45906
06/09/2025,92,Holy Water,Marshmello x Jelly Roll,-,92,1,37,Holy Water|Marshmello x Jelly Roll|45906
06/09/2025,93,Let Down,Radiohead,91,91,2,37,Let Down|Radiohead|45906
06/09/2025,94,Somebody,Latto,97,94,3,35,Somebody|Latto|45906
06/09/2025,95,TN,Morgan Wallen,87,31,15,35,TN|Morgan Wallen|45906
06/09/2025,96,Ring Ring Ring,"Tyler, The Creator",85,44,6,35,"Ring Ring Ring|Tyler, The Creator|45906"
06/09/2025,97,Bloodline,Alex Warren With Jelly Roll,94,32,13,35,Bloodline|Alex Warren With Jelly Roll|45906
06/09/2025,98,Gnarly,KATSEYE,-,90,6,34,Gnarly|KATSEYE|45906
06/09/2025,99,Tu Sancho,Fuerza Regida,92,65,10,34,Tu Sancho|Fuerza Regida|45906
06/09/2025,100,What Kinda Man,Parker McCollum,98,98,2,34,What Kinda Man|Parker McCollum|45906
30/08/2025,1,Golden,"HUNTR/X: EJAE, Audrey Nuna & REI AMI",2,1,9,269,"Golden|HUNTR/X: EJAE, Audrey Nuna & REI AMI|45899"
30/08/2025,2,Ordinary,Alex Warren,1,1,28,254,Ordinary|Alex Warren|45899
30/08/2025,3,What I Want,Morgan Wallen Featuring Tate McRae,3,1,14,163,What I Want|Morgan Wallen Featuring Tate McRae|45899
30/08/2025,4,Your Idol,"Saja Boys: Andrew Choi, Neckwav, Danny Chung, Kevin Woo & samUIL Lee",4,4,9,148,"Your Idol|Saja Boys: Andrew Choi, Neckwav, Danny Chung, Kevin Woo & samUIL Lee|45899"
30/08/2025,5,Soda Pop,"Saja Boys: Andrew Choi, Neckwav, Danny Chung, Kevin Woo & samUIL Lee",10,5,8,139,"Soda Pop|Saja Boys: Andrew Choi, Neckwav, Danny Chung, Kevin Woo & samUIL Lee|45899"
30/08/2025,6,Love Me Not,Ravyn Lenae,5,5,21,135,Love Me Not|Ravyn Lenae|45899
30/08/2025,7,Lose Control,Teddy Swims,7,1,105,134,Lose Control|Teddy Swims|45899
30/08/2025,8,Daisies,Justin Bieber,6,2,6,131,Daisies|Justin Bieber|45899
30/08/2025,9,Just In Case,Morgan Wallen,8,2,22,131,Just In Case|Morgan Wallen|45899
30/08/2025,10,How It's Done,"HUNTR/X: EJAE, Audrey Nuna & REI AMI",14,10,8,128,"How It's Done|HUNTR/X: EJAE, Audrey Nuna & REI AMI|45899"
30/08/2025,11,Die With A Smile,Lady Gaga & Bruno Mars,12,1,53,126,Die With A Smile|Lady Gaga & Bruno Mars|45899
30/08/2025,12,Good News,Shaboozey,13,12,39,126,Good News|Shaboozey|45899
30/08/2025,13,A Bar Song (Tipsy),Shaboozey,9,1,71,126,A Bar Song (Tipsy)|Shaboozey|45899
30/08/2025,14,Manchild,Sabrina Carpenter,15,1,11,123,Manchild|Sabrina Carpenter|45899
30/08/2025,15,Mutt,Leon Thomas,17,12,29,120,Mutt|Leon Thomas|45899
30/08/2025,16,I'm The Problem,Morgan Wallen,11,2,29,118,I'm The Problem|Morgan Wallen|45899
30/08/2025,17,Beautiful Things,Benson Boone,20,2,82,118,Beautiful Things|Benson Boone|45899
30/08/2025,18,Pink Pony Club,Chappell Roan,18,4,62,118,Pink Pony Club|Chappell Roan|45899
30/08/2025,19,I Got Better,Morgan Wallen,22,7,14,115,I Got Better|Morgan Wallen|45899
30/08/2025,20,What It Sounds Like,"HUNTR/X: EJAE, Audrey Nuna & REI AMI",24,20,8,110,"What It Sounds Like|HUNTR/X: EJAE, Audrey Nuna & REI AMI|45899"
30/08/2025,21,Luther,Kendrick Lamar & SZA,19,1,39,109,Luther|Kendrick Lamar & SZA|45899
30/08/2025,22,Birds Of A Feather,Billie Eilish,23,2,66,106,Birds Of A Feather|Billie Eilish|45899
30/08/2025,23,Free,Rumi & JINU: EJAE & Andrew Choi,25,23,8,106,Free|Rumi & JINU: EJAE & Andrew Choi|45899
30/08/2025,24,I Had Some Help,Post Malone Featuring Morgan Wallen,21,1,67,105,I Had Some Help|Post Malone Featuring Morgan Wallen|45899
30/08/2025,25,Takedown,"HUNTR/X: EJAE, Audrey Nuna & REI AMI",26,25,8,104,"Takedown|HUNTR/X: EJAE, Audrey Nuna & REI AMI|45899"
30/08/2025,26,Sorry I'm Here For Someone Else,Benson Boone,29,19,25,97,Sorry I'm Here For Someone Else|Benson Boone|45899
30/08/2025,27,Undressed,sombr,30,25,20,97,Undressed|sombr|45899
30/08/2025,28,The Subway,Chappell Roan,16,3,3,96,The Subway|Chappell Roan|45899
30/08/2025,29,Yukon,Justin Bieber,27,17,6,96,Yukon|Justin Bieber|45899
30/08/2025,30,Mystical Magical,Benson Boone,28,17,17,95,Mystical Magical|Benson Boone|45899
30/08/2025,31,Back To Friends,sombr,32,30,21,88,Back To Friends|sombr|45899
30/08/2025,32,It Depends,Chris Brown Featuring Bryson Tiller,33,32,4,87,It Depends|Chris Brown Featuring Bryson Tiller|45899
30/08/2025,33,All The Way,BigXthaPlug Featuring Bailey Zimmerman,34,4,20,87,All The Way|BigXthaPlug Featuring Bailey Zimmerman|45899
30/08/2025,34,Backup Plan,Bailey Zimmerman & Luke Combs,31,31,16,85,Backup Plan|Bailey Zimmerman & Luke Combs|45899
30/08/2025,35,Folded,Kehlani,42,35,10,82,Folded|Kehlani|45899
30/08/2025,36,Burning Blue,Mariah The Scientist,38,25,16,80,Burning Blue|Mariah The Scientist|45899
30/08/2025,37,Blue Strips,Jessie Murph,36,15,19,79,Blue Strips|Jessie Murph|45899
30/08/2025,38,30 For 30,SZA With Kendrick Lamar,37,10,35,78,30 For 30|SZA With Kendrick Lamar|45899
30/08/2025,39,After All The Bars Are Closed,Thomas Rhett,35,35,17,77,After All The Bars Are Closed|Thomas Rhett|45899
30/08/2025,40,Happen To Me,Russell Dickerson,39,39,18,75,Happen To Me|Russell Dickerson|45899
30/08/2025,41,Worst Way,Riley Green,40,20,32,73,Worst Way|Riley Green|45899
30/08/2025,42,APT.,ROSE & Bruno Mars,41,3,44,71,APT.|ROSE & Bruno Mars|45899
30/08/2025,43,Bar None,Jordan Davis,71,43,7,71,Bar None|Jordan Davis|45899
30/08/2025,44,Love Somebody,Morgan Wallen,44,1,44,68,Love Somebody|Morgan Wallen|45899
30/08/2025,45,What Did I Miss?,Drake,43,2,7,67,What Did I Miss?|Drake|45899
30/08/2025,46,Nokia,Drake,45,2,27,65,Nokia|Drake|45899
30/08/2025,47,Back In The Saddle,Luke Combs,47,38,4,63,Back In The Saddle|Luke Combs|45899
30/08/2025,48,Bottle Rockets,Scotty McCreery & Hootie & The Blowfish,51,48,9,62,Bottle Rockets|Scotty McCreery & Hootie & The Blowfish|45899
30/08/2025,49,Sugar On My Tongue,"Tyler, The Creator",53,41,5,60,"Sugar On My Tongue|Tyler, The Creator|45899"
30/08/2025,50,No Broke Boys,Disco Lines & Tinashe,55,50,6,59,No Broke Boys|Disco Lines & Tinashe|45899
30/08/2025,51,6 Months Later,Megan Moroney,54,30,9,57,6 Months Later|Megan Moroney|45899
30/08/2025,52,Miami,Morgan Wallen Featuring Lil Wayne & Rick Ross,48,21,7,57,Miami|Morgan Wallen Featuring Lil Wayne & Rick Ross|45899
30/08/2025,53,Takedown,"JEONGYEON, JIHYO & CHAEYOUNG Of TWICE",60,53,7,56,"Takedown|JEONGYEON, JIHYO & CHAEYOUNG Of TWICE|45899"
30/08/2025,54,Somewhere Over Laredo,Lainey Wilson,82,54,7,56,Somewhere Over Laredo|Lainey Wilson|45899
30/08/2025,55,20 Cigarettes,Morgan Wallen,52,20,14,55,20 Cigarettes|Morgan Wallen|45899
30/08/2025,56,House Again,Hudson Westbrook,64,56,18,54,House Again|Hudson Westbrook|45899
30/08/2025,57,Strategy,Twice,62,57,5,54,Strategy|Twice|45899
30/08/2025,58,Amen,Shaboozey & Jelly Roll,57,56,17,53,Amen|Shaboozey & Jelly Roll|45899
30/08/2025,59,Wildflower,Billie Eilish,56,17,62,53,Wildflower|Billie Eilish|45899
30/08/2025,60,Outside,Cardi B,59,10,9,51,Outside|Cardi B|45899
30/08/2025,61,Hell At Night,BigXthaPlug Featuring Ella Langley,49,49,2,51,Hell At Night|BigXthaPlug Featuring Ella Langley|45899
30/08/2025,62,Your Way's Better,Forrest Frank,61,61,18,50,Your Way's Better|Forrest Frank|45899
30/08/2025,63,Just Keep Watching,Tate McRae,66,33,12,49,Just Keep Watching|Tate McRae|45899
30/08/2025,64,So Far So Fake,Pierce the Veil,73,64,3,49,So Far So Fake|Pierce the Veil|45899
30/08/2025,65,Shake It To The Max (Fly),"MOLIY, Silent Addy, Skillibeng & Shenseea",65,44,14,48,"Shake It To The Max (Fly)|MOLIY, Silent Addy, Skillibeng & Shenseea|45899"
30/08/2025,66,Eternity,Alex Warren,58,16,5,48,Eternity|Alex Warren|45899
30/08/2025,67,I Ain't Coming Back,Morgan Wallen Featuring Post Malone,63,8,18,47,I Ain't Coming Back|Morgan Wallen Featuring Post Malone|45899
30/08/2025,68,Better Me For You (Brown Eyes),Max McNown,50,50,10,47,Better Me For You (Brown Eyes)|Max McNown|45899
30/08/2025,69,Marlboro Rojo,Fuerza Regida,83,64,14,47,Marlboro Rojo|Fuerza Regida|45899
30/08/2025,70,Imaginary Playerz,Cardi B,-,70,1,46,Imaginary Playerz|Cardi B|45899
30/08/2025,71,Party 4 U,Charli xcx,75,55,18,46,Party 4 U|Charli xcx|45899
30/08/2025,72,Gabriela,KATSEYE,76,72,5,45,Gabriela|KATSEYE|45899
30/08/2025,73,Which One,Drake & Central Cee,67,23,4,45,Which One|Drake & Central Cee|45899
30/08/2025,74,Jump,BLACKPINK,74,28,6,45,Jump|BLACKPINK|45899
30/08/2025,75,Superman,Morgan Wallen,77,8,15,45,Superman|Morgan Wallen|45899
30/08/2025,76,Rather Lie,Playboi Carti & The Weeknd,88,4,23,45,Rather Lie|Playboi Carti & The Weeknd|45899
30/08/2025,77,Last One To Know,Gavin Adcock,-,77,1,44,Last One To Know|Gavin Adcock|45899
30/08/2025,78,Don't Mind If I Do,Riley Green Featuring Ella Langley,85,74,3,44,Don't Mind If I Do|Riley Green Featuring Ella Langley|45899
30/08/2025,79,Revolving Door,Tate McRae,84,22,19,44,Revolving Door|Tate McRae|45899
30/08/2025,80,Nice To Meet You,Myles Smith,89,80,11,41,Nice To Meet You|Myles Smith|45899
30/08/2025,81,Sparks,Coldplay,92,79,6,41,Sparks|Coldplay|45899
30/08/2025,82,Went Legit,G Herbo,98,81,7,40,Went Legit|G Herbo|45899
30/08/2025,83,Frecuencia,Dareyes de La Sierra,91,82,5,40,Frecuencia|Dareyes de La Sierra|45899
30/08/2025,84,Hard Fought Hallelujah,Brandon Lake X Jelly Roll,96,40,27,39,Hard Fought Hallelujah|Brandon Lake X Jelly Roll|45899
30/08/2025,85,Ring Ring Ring,"Tyler, The Creator",78,44,5,39,"Ring Ring Ring|Tyler, The Creator|45899"
30/08/2025,86,Heart Of Stone,Jelly Roll,-,86,1,39,Heart Of Stone|Jelly Roll|45899
30/08/2025,87,TN,Morgan Wallen,97,31,14,38,TN|Morgan Wallen|45899
30/08/2025,88,Typa,GloRilla,100,42,10,38,Typa|GloRilla|45899
30/08/2025,89,Just Say Dat,Gunna,46,46,2,38,Just Say Dat|Gunna|45899
30/08/2025,90,Cliche,MGK,79,62,6,37,Cliche|MGK|45899
30/08/2025,91,Let Down,Radiohead,-,91,1,37,Let Down|Radiohead|45899
30/08/2025,92,Tu Sancho,Fuerza Regida,-,65,9,36,Tu Sancho|Fuerza Regida|45899
30/08/2025,93,wgft,Gunna Featuring Burna Boy,94,93,2,35,wgft|Gunna Featuring Burna Boy|45899
30/08/2025,94,Bloodline,Alex Warren With Jelly Roll,-,32,12,35,Bloodline|Alex Warren With Jelly Roll|45899
30/08/2025,95,Is It A Crime,Mariah The Scientist & Kali Uchis,-,62,2,34,Is It A Crime|Mariah The Scientist & Kali Uchis|45899
30/08/2025,96,Forever Be Mine,Gunna Featuring Wizkid,68,68,2,34,Forever Be Mine|Gunna Featuring Wizkid|45899
30/08/2025,97,Somebody,Latto,-,97,2,34,Somebody|Latto|45899
30/08/2025,98,What Kinda Man,Parker McCollum,-,98,1,34,What Kinda Man|Parker McCollum|45899
30/08/2025,99,Country Song Came On,Luke Bryan,93,93,3,34,Country Song Came On|Luke Bryan|45899
30/08/2025,100,Napoleon,$uicideboy$,95,54,3,33,Napoleon|$uicideboy$|45899
23/08/2025,1,Ordinary,Alex Warren,2,1,27,262,Ordinary|Alex Warren|45892
23/08/2025,2,Golden,"HUNTR/X: EJAE, Audrey Nuna & REI AMI",1,1,8,255,"Golden|HUNTR/X: EJAE, Audrey Nuna & REI AMI|45892"
23/08/2025,3,What I Want,Morgan Wallen Featuring Tate McRae,4,1,13,168,What I Want|Morgan Wallen Featuring Tate McRae|45892
23/08/2025,4,Your Idol,"Saja Boys: Andrew Choi, Neckwav, Danny Chung, Kevin Woo & samUIL Lee",8,4,8,146,"Your Idol|Saja Boys: Andrew Choi, Neckwav, Danny Chung, Kevin Woo & samUIL Lee|45892"
23/08/2025,5,Love Me Not,Ravyn Lenae,6,5,20,139,Love Me Not|Ravyn Lenae|45892
23/08/2025,6,Daisies,Justin Bieber,5,2,5,138,Daisies|Justin Bieber|45892
23/08/2025,7,Lose Control,Teddy Swims,9,1,104,136,Lose Control|Teddy Swims|45892
23/08/2025,8,Just In Case,Morgan Wallen,7,2,21,134,Just In Case|Morgan Wallen|45892
23/08/2025,9,A Bar Song (Tipsy),Shaboozey,10,1,70,133,A Bar Song (Tipsy)|Shaboozey|45892
23/08/2025,10,Soda Pop,"Saja Boys: Andrew Choi, Neckwav, Danny Chung, Kevin Woo & samUIL Lee",14,10,7,132,"Soda Pop|Saja Boys: Andrew Choi, Neckwav, Danny Chung, Kevin Woo & samUIL Lee|45892"
23/08/2025,11,I'm The Problem,Morgan Wallen,11,2,28,129,I'm The Problem|Morgan Wallen|45892
23/08/2025,12,Die With A Smile,Lady Gaga & Bruno Mars,12,1,52,128,Die With A Smile|Lady Gaga & Bruno Mars|45892
23/08/2025,13,Good News,Shaboozey,15,13,38,128,Good News|Shaboozey|45892
23/08/2025,14,How It's Done,"HUNTR/X: EJAE, Audrey Nuna & REI AMI",19,14,7,124,"How It's Done|HUNTR/X: EJAE, Audrey Nuna & REI AMI|45892"
23/08/2025,15,Manchild,Sabrina Carpenter,16,1,10,124,Manchild|Sabrina Carpenter|45892
23/08/2025,16,The Subway,Chappell Roan,3,3,2,123,The Subway|Chappell Roan|45892
23/08/2025,17,Mutt,Leon Thomas,20,12,28,121,Mutt|Leon Thomas|45892
23/08/2025,18,Pink Pony Club,Chappell Roan,17,4,61,121,Pink Pony Club|Chappell Roan|45892
23/08/2025,19,Luther,Kendrick Lamar & SZA,13,1,38,119,Luther|Kendrick Lamar & SZA|45892
23/08/2025,20,Beautiful Things,Benson Boone,18,2,81,117,Beautiful Things|Benson Boone|45892
23/08/2025,21,I Had Some Help,Post Malone Featuring Morgan Wallen,21,1,66,109,I Had Some Help|Post Malone Featuring Morgan Wallen|45892
23/08/2025,22,I Got Better,Morgan Wallen,23,7,13,107,I Got Better|Morgan Wallen|45892
23/08/2025,23,Birds Of A Feather,Billie Eilish,22,2,65,107,Birds Of A Feather|Billie Eilish|45892
23/08/2025,24,What It Sounds Like,"HUNTR/X: EJAE, Audrey Nuna & REI AMI",25,24,7,106,"What It Sounds Like|HUNTR/X: EJAE, Audrey Nuna & REI AMI|45892"
23/08/2025,25,Free,Rumi & JINU: EJAE & Andrew Choi,27,25,7,100,Free|Rumi & JINU: EJAE & Andrew Choi|45892
23/08/2025,26,Takedown,"HUNTR/X: EJAE, Audrey Nuna & REI AMI",29,26,7,100,"Takedown|HUNTR/X: EJAE, Audrey Nuna & REI AMI|45892"
23/08/2025,27,Yukon,Justin Bieber,32,17,5,99,Yukon|Justin Bieber|45892
23/08/2025,28,Mystical Magical,Benson Boone,24,17,16,97,Mystical Magical|Benson Boone|45892
23/08/2025,29,Sorry I'm Here For Someone Else,Benson Boone,26,19,24,96,Sorry I'm Here For Someone Else|Benson Boone|45892
23/08/2025,30,Undressed,sombr,28,25,19,95,Undressed|sombr|45892
23/08/2025,31,Backup Plan,Bailey Zimmerman & Luke Combs,37,31,15,89,Backup Plan|Bailey Zimmerman & Luke Combs|45892
23/08/2025,32,Back To Friends,sombr,30,30,20,87,Back To Friends|sombr|45892
23/08/2025,33,It Depends,Chris Brown Featuring Bryson Tiller,34,33,3,86,It Depends|Chris Brown Featuring Bryson Tiller|45892
23/08/2025,34,All The Way,BigXthaPlug Featuring Bailey Zimmerman,31,4,19,86,All The Way|BigXthaPlug Featuring Bailey Zimmerman|45892
23/08/2025,35,After All The Bars Are Closed,Thomas Rhett,38,35,16,84,After All The Bars Are Closed|Thomas Rhett|45892
23/08/2025,36,Blue Strips,Jessie Murph,35,15,18,84,Blue Strips|Jessie Murph|45892
23/08/2025,37,30 For 30,SZA With Kendrick Lamar,36,10,34,83,30 For 30|SZA With Kendrick Lamar|45892
23/08/2025,38,Burning Blue,Mariah The Scientist,33,25,15,81,Burning Blue|Mariah The Scientist|45892
23/08/2025,39,Happen To Me,Russell Dickerson,45,39,17,76,Happen To Me|Russell Dickerson|45892
23/08/2025,40,Worst Way,Riley Green,41,20,31,75,Worst Way|Riley Green|45892
23/08/2025,41,APT.,ROSE & Bruno Mars,43,3,43,74,APT.|ROSE & Bruno Mars|45892
23/08/2025,42,Folded,Kehlani,46,42,9,74,Folded|Kehlani|45892
23/08/2025,43,What Did I Miss?,Drake,40,2,6,73,What Did I Miss?|Drake|45892
23/08/2025,44,Love Somebody,Morgan Wallen,44,1,43,71,Love Somebody|Morgan Wallen|45892
23/08/2025,45,Nokia,Drake,42,2,26,70,Nokia|Drake|45892
23/08/2025,46,Just Say Dat,Gunna,-,46,1,64,Just Say Dat|Gunna|45892
23/08/2025,47,Back In The Saddle,Luke Combs,47,38,3,63,Back In The Saddle|Luke Combs|45892
23/08/2025,48,Miami,Morgan Wallen Featuring Lil Wayne & Rick Ross,39,21,6,63,Miami|Morgan Wallen Featuring Lil Wayne & Rick Ross|45892
23/08/2025,49,Hell At Night,BigXthaPlug Featuring Ella Langley,-,49,1,62,Hell At Night|BigXthaPlug Featuring Ella Langley|45892
23/08/2025,50,Better Me For You (Brown Eyes),Max McNown,51,50,9,60,Better Me For You (Brown Eyes)|Max McNown|45892
23/08/2025,51,Bottle Rockets,Scotty McCreery & Hootie & The Blowfish,55,51,8,60,Bottle Rockets|Scotty McCreery & Hootie & The Blowfish|45892
23/08/2025,52,20 Cigarettes,Morgan Wallen,50,20,13,58,20 Cigarettes|Morgan Wallen|45892
23/08/2025,53,Sugar On My Tongue,"Tyler, The Creator",70,41,4,57,"Sugar On My Tongue|Tyler, The Creator|45892"
23/08/2025,54,6 Months Later,Megan Moroney,53,30,8,57,6 Months Later|Megan Moroney|45892
23/08/2025,55,No Broke Boys,Disco Lines & Tinashe,67,55,5,56,No Broke Boys|Disco Lines & Tinashe|45892
23/08/2025,56,Wildflower,Billie Eilish,56,17,61,56,Wildflower|Billie Eilish|45892
23/08/2025,57,Amen,Shaboozey & Jelly Roll,61,56,16,55,Amen|Shaboozey & Jelly Roll|45892
23/08/2025,58,Eternity,Alex Warren,49,16,4,55,Eternity|Alex Warren|45892
23/08/2025,59,Outside,Cardi B,57,10,8,54,Outside|Cardi B|45892
23/08/2025,60,Takedown,"JEONGYEON, JIHYO & CHAEYOUNG Of TWICE",66,60,6,53,"Takedown|JEONGYEON, JIHYO & CHAEYOUNG Of TWICE|45892"
23/08/2025,61,Your Way's Better,Forrest Frank,68,61,17,52,Your Way's Better|Forrest Frank|45892
23/08/2025,62,Strategy,Twice,69,62,4,52,Strategy|Twice|45892
23/08/2025,63,I Ain't Coming Back,Morgan Wallen Featuring Post Malone,60,8,17,52,I Ain't Coming Back|Morgan Wallen Featuring Post Malone|45892
23/08/2025,64,House Again,Hudson Westbrook,64,64,17,52,House Again|Hudson Westbrook|45892
23/08/2025,65,Shake It To The Max (Fly),"MOLIY, Silent Addy, Skillibeng & Shenseea",59,44,13,52,"Shake It To The Max (Fly)|MOLIY, Silent Addy, Skillibeng & Shenseea|45892"
23/08/2025,66,Just Keep Watching,Tate McRae,65,33,11,51,Just Keep Watching|Tate McRae|45892
23/08/2025,67,Which One,Drake & Central Cee,48,23,3,50,Which One|Drake & Central Cee|45892
23/08/2025,68,Forever Be Mine,Gunna Featuring Wizkid,-,68,1,49,Forever Be Mine|Gunna Featuring Wizkid|45892
23/08/2025,69,Fix What You Didn't Break,Nate Smith,52,52,20,49,Fix What You Didn't Break|Nate Smith|45892
23/08/2025,70,Sakpase,Gunna,-,70,1,48,Sakpase|Gunna|45892
23/08/2025,71,Bar None,Jordan Davis,73,71,6,48,Bar None|Jordan Davis|45892
23/08/2025,72,At My Purest,Gunna Featuring Offset,-,72,1,47,At My Purest|Gunna Featuring Offset|45892
23/08/2025,73,So Far So Fake,Pierce the Veil,88,73,2,47,So Far So Fake|Pierce the Veil|45892
23/08/2025,74,Jump,BLACKPINK,63,28,5,47,Jump|BLACKPINK|45892
23/08/2025,75,Party 4 U,Charli xcx,71,55,17,46,Party 4 U|Charli xcx|45892
23/08/2025,76,Gabriela,KATSEYE,-,76,4,45,Gabriela|KATSEYE|45892
23/08/2025,77,Superman,Morgan Wallen,72,8,14,45,Superman|Morgan Wallen|45892
23/08/2025,78,Ring Ring Ring,"Tyler, The Creator",58,44,4,45,"Ring Ring Ring|Tyler, The Creator|45892"
23/08/2025,79,Cliche,MGK,-,62,5,44,Cliche|MGK|45892
23/08/2025,80,Let That Sink In,Gunna,-,80,1,44,Let That Sink In|Gunna|45892
23/08/2025,81,Bowery,Zach Bryan Featuring Kings of Leon,-,81,1,44,Bowery|Zach Bryan Featuring Kings of Leon|45892
23/08/2025,82,Somewhere Over Laredo,Lainey Wilson,81,81,6,44,Somewhere Over Laredo|Lainey Wilson|45892
23/08/2025,83,Marlboro Rojo,Fuerza Regida,85,64,13,43,Marlboro Rojo|Fuerza Regida|45892
23/08/2025,84,Revolving Door,Tate McRae,84,22,18,43,Revolving Door|Tate McRae|45892
23/08/2025,85,Don't Mind If I Do,Riley Green Featuring Ella Langley,74,74,2,43,Don't Mind If I Do|Riley Green Featuring Ella Langley|45892
23/08/2025,86,Lost,Bailey Zimmerman & The Kid Laroi,-,86,1,43,Lost|Bailey Zimmerman & The Kid Laroi|45892
23/08/2025,87,gp,Gunna,-,87,1,42,gp|Gunna|45892
23/08/2025,88,Rather Lie,Playboi Carti & The Weeknd,80,4,22,42,Rather Lie|Playboi Carti & The Weeknd|45892
23/08/2025,89,Nice To Meet You,Myles Smith,83,82,10,41,Nice To Meet You|Myles Smith|45892
23/08/2025,90,EOO,Bad Bunny,86,24,30,41,EOO|Bad Bunny|45892
23/08/2025,91,Frecuencia,Dareyes de La Sierra,82,82,4,41,Frecuencia|Dareyes de La Sierra|45892
23/08/2025,92,Sparks,Coldplay,79,79,5,41,Sparks|Coldplay|45892
23/08/2025,93,Country Song Came On,Luke Bryan,98,93,2,40,Country Song Came On|Luke Bryan|45892
23/08/2025,94,wgft,Gunna Featuring Burna Boy,-,94,1,40,wgft|Gunna Featuring Burna Boy|45892
23/08/2025,95,Napoleon,$uicideboy$,54,54,2,40,Napoleon|$uicideboy$|45892
23/08/2025,96,Hard Fought Hallelujah,Brandon Lake X Jelly Roll,87,40,26,39,Hard Fought Hallelujah|Brandon Lake X Jelly Roll|45892
23/08/2025,97,TN,Morgan Wallen,76,31,13,39,TN|Morgan Wallen|45892
23/08/2025,98,Went Legit,G Herbo,89,81,6,39,Went Legit|G Herbo|45892
23/08/2025,99,Many Nights,Gunna,-,99,1,38,Many Nights|Gunna|45892
23/08/2025,100,Typa,GloRilla,92,42,9,38,Typa|GloRilla|45892
16/08/2025,1,Golden,"HUNTR/X: EJAE, Audrey Nuna & REI AMI",2,1,7,243,"Golden|HUNTR/X: EJAE, Audrey Nuna & REI AMI|45885"
16/08/2025,2,Ordinary,Alex Warren,1,1,26,242,Ordinary|Alex Warren|45885
16/08/2025,3,The Subway,Chappell Roan,-,3,1,193,The Subway|Chappell Roan|45885
16/08/2025,4,What I Want,Morgan Wallen Featuring Tate McRae,3,1,12,168,What I Want|Morgan Wallen Featuring Tate McRae|45885
16/08/2025,5,Daisies,Justin Bieber,4,2,4,144,Daisies|Justin Bieber|45885
16/08/2025,6,Love Me Not,Ravyn Lenae,6,6,19,143,Love Me Not|Ravyn Lenae|45885
16/08/2025,7,Just In Case,Morgan Wallen,5,2,20,142,Just In Case|Morgan Wallen|45885
16/08/2025,8,Your Idol,"Saja Boys: Andrew Choi, Neckwav, Danny Chung, Kevin Woo & samUIL Lee",9,8,7,142,"Your Idol|Saja Boys: Andrew Choi, Neckwav, Danny Chung, Kevin Woo & samUIL Lee|45885"
16/08/2025,9,Lose Control,Teddy Swims,7,1,103,140,Lose Control|Teddy Swims|45885
16/08/2025,10,A Bar Song (Tipsy),Shaboozey,8,1,69,138,A Bar Song (Tipsy)|Shaboozey|45885
16/08/2025,11,I'm The Problem,Morgan Wallen,11,2,27,133,I'm The Problem|Morgan Wallen|45885
16/08/2025,12,Die With A Smile,Lady Gaga & Bruno Mars,10,1,51,133,Die With A Smile|Lady Gaga & Bruno Mars|45885
16/08/2025,13,Luther,Kendrick Lamar & SZA,12,1,37,127,Luther|Kendrick Lamar & SZA|45885
16/08/2025,14,Soda Pop,"Saja Boys: Andrew Choi, Neckwav, Danny Chung, Kevin Woo & samUIL Lee",16,14,6,127,"Soda Pop|Saja Boys: Andrew Choi, Neckwav, Danny Chung, Kevin Woo & samUIL Lee|45885"
16/08/2025,15,Good News,Shaboozey,17,15,37,125,Good News|Shaboozey|45885
16/08/2025,16,Manchild,Sabrina Carpenter,13,1,9,125,Manchild|Sabrina Carpenter|45885
16/08/2025,17,Pink Pony Club,Chappell Roan,14,4,60,123,Pink Pony Club|Chappell Roan|45885
16/08/2025,18,Beautiful Things,Benson Boone,15,2,80,123,Beautiful Things|Benson Boone|45885
16/08/2025,19,How It's Done,"HUNTR/X: EJAE, Audrey Nuna & REI AMI",19,19,6,120,"How It's Done|HUNTR/X: EJAE, Audrey Nuna & REI AMI|45885"
16/08/2025,20,Mutt,Leon Thomas,18,12,27,120,Mutt|Leon Thomas|45885
16/08/2025,21,I Had Some Help,Post Malone Featuring Morgan Wallen,20,1,65,112,I Had Some Help|Post Malone Featuring Morgan Wallen|45885
16/08/2025,22,Birds Of A Feather,Billie Eilish,22,2,64,110,Birds Of A Feather|Billie Eilish|45885
16/08/2025,23,I Got Better,Morgan Wallen,24,7,12,107,I Got Better|Morgan Wallen|45885
16/08/2025,24,Mystical Magical,Benson Boone,25,17,15,106,Mystical Magical|Benson Boone|45885
16/08/2025,25,What It Sounds Like,"HUNTR/X: EJAE, Audrey Nuna & REI AMI",29,25,6,100,"What It Sounds Like|HUNTR/X: EJAE, Audrey Nuna & REI AMI|45885"
16/08/2025,26,Sorry I'm Here For Someone Else,Benson Boone,26,19,23,99,Sorry I'm Here For Someone Else|Benson Boone|45885
16/08/2025,27,Free,Rumi & JINU: EJAE & Andrew Choi,28,27,6,98,Free|Rumi & JINU: EJAE & Andrew Choi|45885
16/08/2025,28,Undressed,sombr,30,25,18,96,Undressed|sombr|45885
16/08/2025,29,Takedown,"HUNTR/X: EJAE, Audrey Nuna & REI AMI",33,29,6,96,"Takedown|HUNTR/X: EJAE, Audrey Nuna & REI AMI|45885"
16/08/2025,30,Back To Friends,sombr,32,30,19,93,Back To Friends|sombr|45885
16/08/2025,31,All The Way,BigXthaPlug Featuring Bailey Zimmerman,27,4,18,91,All The Way|BigXthaPlug Featuring Bailey Zimmerman|45885
16/08/2025,32,Yukon,Justin Bieber,40,17,4,89,Yukon|Justin Bieber|45885
16/08/2025,33,Burning Blue,Mariah The Scientist,41,25,14,87,Burning Blue|Mariah The Scientist|45885
16/08/2025,34,It Depends,Chris Brown Featuring Bryson Tiller,43,34,2,87,It Depends|Chris Brown Featuring Bryson Tiller|45885
16/08/2025,35,Blue Strips,Jessie Murph,34,15,17,87,Blue Strips|Jessie Murph|45885
16/08/2025,36,30 For 30,SZA With Kendrick Lamar,36,10,33,85,30 For 30|SZA With Kendrick Lamar|45885
16/08/2025,37,Backup Plan,Bailey Zimmerman & Luke Combs,35,34,14,85,Backup Plan|Bailey Zimmerman & Luke Combs|45885
16/08/2025,38,After All The Bars Are Closed,Thomas Rhett,42,38,15,83,After All The Bars Are Closed|Thomas Rhett|45885
16/08/2025,39,Miami,Morgan Wallen Featuring Lil Wayne & Rick Ross,21,21,5,79,Miami|Morgan Wallen Featuring Lil Wayne & Rick Ross|45885
16/08/2025,40,What Did I Miss?,Drake,31,2,5,79,What Did I Miss?|Drake|45885
16/08/2025,41,Worst Way,Riley Green,44,20,30,78,Worst Way|Riley Green|45885
16/08/2025,42,Nokia,Drake,37,2,25,77,Nokia|Drake|45885
16/08/2025,43,APT.,ROSE & Bruno Mars,45,3,42,76,APT.|ROSE & Bruno Mars|45885
16/08/2025,44,Love Somebody,Morgan Wallen,46,1,42,76,Love Somebody|Morgan Wallen|45885
16/08/2025,45,Happen To Me,Russell Dickerson,49,45,16,76,Happen To Me|Russell Dickerson|45885
16/08/2025,46,Folded,Kehlani,54,46,8,74,Folded|Kehlani|45885
16/08/2025,47,Back In The Saddle,Luke Combs,38,38,2,67,Back In The Saddle|Luke Combs|45885
16/08/2025,48,Which One,Drake & Central Cee,23,23,2,62,Which One|Drake & Central Cee|45885
16/08/2025,49,Eternity,Alex Warren,50,16,3,62,Eternity|Alex Warren|45885
16/08/2025,50,20 Cigarettes,Morgan Wallen,52,20,12,60,20 Cigarettes|Morgan Wallen|45885
16/08/2025,51,Better Me For You (Brown Eyes),Max McNown,62,51,8,59,Better Me For You (Brown Eyes)|Max McNown|45885
16/08/2025,52,Fix What You Didn't Break,Nate Smith,65,52,19,59,Fix What You Didn't Break|Nate Smith|45885
16/08/2025,53,6 Months Later,Megan Moroney,53,30,7,58,6 Months Later|Megan Moroney|45885
16/08/2025,54,Napoleon,$uicideboy$,-,54,1,58,Napoleon|$uicideboy$|45885
16/08/2025,55,Bottle Rockets,Scotty McCreery & Hootie & The Blowfish,63,55,7,58,Bottle Rockets|Scotty McCreery & Hootie & The Blowfish|45885
16/08/2025,56,Wildflower,Billie Eilish,55,17,60,57,Wildflower|Billie Eilish|45885
16/08/2025,57,Outside,Cardi B,60,10,7,57,Outside|Cardi B|45885
16/08/2025,58,Ring Ring Ring,"Tyler, The Creator",47,44,3,56,"Ring Ring Ring|Tyler, The Creator|45885"
16/08/2025,59,Shake It To The Max (Fly),"MOLIY, Silent Addy, Skillibeng & Shenseea",56,44,12,55,"Shake It To The Max (Fly)|MOLIY, Silent Addy, Skillibeng & Shenseea|45885"
16/08/2025,60,I Ain't Coming Back,Morgan Wallen Featuring Post Malone,57,8,16,54,I Ain't Coming Back|Morgan Wallen Featuring Post Malone|45885
16/08/2025,61,Amen,Shaboozey & Jelly Roll,64,56,15,54,Amen|Shaboozey & Jelly Roll|45885
16/08/2025,62,Is It A Crime,Mariah The Scientist & Kali Uchis,-,62,1,54,Is It A Crime|Mariah The Scientist & Kali Uchis|45885
16/08/2025,63,Jump,BLACKPINK,61,28,4,53,Jump|BLACKPINK|45885
16/08/2025,64,House Again,Hudson Westbrook,68,64,16,53,House Again|Hudson Westbrook|45885
16/08/2025,65,Just Keep Watching,Tate McRae,58,33,10,51,Just Keep Watching|Tate McRae|45885
16/08/2025,66,Takedown,"JEONGYEON, JIHYO & CHAEYOUNG Of TWICE",67,66,5,51,"Takedown|JEONGYEON, JIHYO & CHAEYOUNG Of TWICE|45885"
16/08/2025,67,No Broke Boys,Disco Lines & Tinashe,75,67,4,51,No Broke Boys|Disco Lines & Tinashe|45885
16/08/2025,68,Your Way's Better,Forrest Frank,72,61,16,50,Your Way's Better|Forrest Frank|45885
16/08/2025,69,Strategy,Twice,74,69,3,50,Strategy|Twice|45885
16/08/2025,70,Sugar On My Tongue,"Tyler, The Creator",51,41,3,49,"Sugar On My Tongue|Tyler, The Creator|45885"
16/08/2025,71,Party 4 U,Charli xcx,71,55,16,48,Party 4 U|Charli xcx|45885
16/08/2025,72,Superman,Morgan Wallen,69,8,13,48,Superman|Morgan Wallen|45885
16/08/2025,73,Bar None,Jordan Davis,80,73,5,46,Bar None|Jordan Davis|45885
16/08/2025,74,Don't Mind If I Do,Riley Green Featuring Ella Langley,-,74,1,45,Don't Mind If I Do|Riley Green Featuring Ella Langley|45885
16/08/2025,75,Twilight Zone,Ariana Grande,70,18,18,45,Twilight Zone|Ariana Grande|45885
16/08/2025,76,TN,Morgan Wallen,77,31,12,43,TN|Morgan Wallen|45885
16/08/2025,77,Lemonade,Forrest Frank & The Figs,-,77,1,43,Lemonade|Forrest Frank & The Figs|45885
16/08/2025,78,Bloodline,Alex Warren With Jelly Roll,76,32,11,43,Bloodline|Alex Warren With Jelly Roll|45885
16/08/2025,79,Sparks,Coldplay,79,79,4,43,Sparks|Coldplay|45885
16/08/2025,80,Rather Lie,Playboi Carti & The Weeknd,85,4,21,43,Rather Lie|Playboi Carti & The Weeknd|45885
16/08/2025,81,Somewhere Over Laredo,Lainey Wilson,87,81,5,42,Somewhere Over Laredo|Lainey Wilson|45885
16/08/2025,82,Frecuencia,Dareyes de La Sierra,83,82,3,42,Frecuencia|Dareyes de La Sierra|45885
16/08/2025,83,Nice To Meet You,Myles Smith,86,82,9,41,Nice To Meet You|Myles Smith|45885
16/08/2025,84,Revolving Door,Tate McRae,92,22,17,41,Revolving Door|Tate McRae|45885
16/08/2025,85,Marlboro Rojo,Fuerza Regida,91,64,12,41,Marlboro Rojo|Fuerza Regida|45885
16/08/2025,86,EOO,Bad Bunny,88,24,29,41,EOO|Bad Bunny|45885
16/08/2025,87,Hard Fought Hallelujah,Brandon Lake X Jelly Roll,78,40,25,40,Hard Fought Hallelujah|Brandon Lake X Jelly Roll|45885
16/08/2025,88,So Far So Fake,Pierce the Veil,-,88,1,40,So Far So Fake|Pierce the Veil|45885
16/08/2025,89,Went Legit,G Herbo,81,81,5,39,Went Legit|G Herbo|45885
16/08/2025,90,Count Your Blessings,$uicideboy$,-,90,1,39,Count Your Blessings|$uicideboy$|45885
16/08/2025,91,"Oh, What A Wretched Man I Am!",$uicideboy$,-,91,1,39,"Oh, What A Wretched Man I Am!|$uicideboy$|45885"
16/08/2025,92,Typa,GloRilla,93,42,8,39,Typa|GloRilla|45885
16/08/2025,93,Whim Whamiee,PLUTO & YKNIECE,90,51,16,39,Whim Whamiee|PLUTO & YKNIECE|45885
16/08/2025,94,Tu Sancho,Fuerza Regida,100,65,8,37,Tu Sancho|Fuerza Regida|45885
16/08/2025,95,12 To 12,sombr,-,95,1,37,12 To 12|sombr|45885
16/08/2025,96,Park,Tyler Hubbard,84,84,2,36,Park|Tyler Hubbard|45885
16/08/2025,97,A Lot More Free,Max McNown,-,97,1,36,A Lot More Free|Max McNown|45885
16/08/2025,98,Country Song Came On,Luke Bryan,-,98,1,36,Country Song Came On|Luke Bryan|45885
16/08/2025,99,Somebody,Latto,-,99,1,36,Somebody|Latto|45885
16/08/2025,100,Now And At The Hour Of Our Death..,$uicideboy$ X BONES,-,100,1,35,Now And At The Hour Of Our Death..|$uicideboy$ X BONES|45885
09/08/2025,1,Ordinary,Alex Warren,1,1,25,227,Ordinary|Alex Warren|45878
09/08/2025,2,Golden,"HUNTR/X: EJAE, Audrey Nuna & REI AMI",2,2,6,216,"Golden|HUNTR/X: EJAE, Audrey Nuna & REI AMI|45878"
09/08/2025,3,What I Want,Morgan Wallen Featuring Tate McRae,4,1,11,167,What I Want|Morgan Wallen Featuring Tate McRae|45878
09/08/2025,4,Daisies,Justin Bieber,3,2,3,155,Daisies|Justin Bieber|45878
09/08/2025,5,Just In Case,Morgan Wallen,5,2,19,146,Just In Case|Morgan Wallen|45878
09/08/2025,6,Love Me Not,Ravyn Lenae,6,6,18,143,Love Me Not|Ravyn Lenae|45878
09/08/2025,7,Lose Control,Teddy Swims,7,1,102,140,Lose Control|Teddy Swims|45878
09/08/2025,8,A Bar Song (Tipsy),Shaboozey,8,1,68,138,A Bar Song (Tipsy)|Shaboozey|45878
09/08/2025,9,Your Idol,"Saja Boys: Andrew Choi, Neckwav, Danny Chung, Kevin Woo & samUIL Lee",12,9,6,136,"Your Idol|Saja Boys: Andrew Choi, Neckwav, Danny Chung, Kevin Woo & samUIL Lee|45878"
09/08/2025,10,Die With A Smile,Lady Gaga & Bruno Mars,10,1,50,135,Die With A Smile|Lady Gaga & Bruno Mars|45878
09/08/2025,11,I'm The Problem,Morgan Wallen,11,2,26,133,I'm The Problem|Morgan Wallen|45878
09/08/2025,12,Luther,Kendrick Lamar & SZA,9,1,36,130,Luther|Kendrick Lamar & SZA|45878
09/08/2025,13,Manchild,Sabrina Carpenter,13,1,8,129,Manchild|Sabrina Carpenter|45878
09/08/2025,14,Pink Pony Club,Chappell Roan,15,4,59,121,Pink Pony Club|Chappell Roan|45878
09/08/2025,15,Beautiful Things,Benson Boone,14,2,79,121,Beautiful Things|Benson Boone|45878
09/08/2025,16,Soda Pop,"Saja Boys: Andrew Choi, Neckwav, Danny Chung, Kevin Woo & samUIL Lee",21,16,5,120,"Soda Pop|Saja Boys: Andrew Choi, Neckwav, Danny Chung, Kevin Woo & samUIL Lee|45878"
09/08/2025,17,Good News,Shaboozey,22,17,36,115,Good News|Shaboozey|45878
09/08/2025,18,Mutt,Leon Thomas,20,12,26,115,Mutt|Leon Thomas|45878
09/08/2025,19,How It's Done,"HUNTR/X: EJAE, Audrey Nuna & REI AMI",19,19,5,115,"How It's Done|HUNTR/X: EJAE, Audrey Nuna & REI AMI|45878"
09/08/2025,20,I Had Some Help,Post Malone Featuring Morgan Wallen,17,1,64,112,I Had Some Help|Post Malone Featuring Morgan Wallen|45878
09/08/2025,21,Miami,Morgan Wallen Featuring Lil Wayne & Rick Ross,-,21,4,112,Miami|Morgan Wallen Featuring Lil Wayne & Rick Ross|45878
09/08/2025,22,Birds Of A Feather,Billie Eilish,18,2,63,110,Birds Of A Feather|Billie Eilish|45878
09/08/2025,23,Which One,Drake & Central Cee,-,23,1,104,Which One|Drake & Central Cee|45878
09/08/2025,24,I Got Better,Morgan Wallen,25,7,11,103,I Got Better|Morgan Wallen|45878
09/08/2025,25,Mystical Magical,Benson Boone,24,17,14,102,Mystical Magical|Benson Boone|45878
09/08/2025,26,Sorry I'm Here For Someone Else,Benson Boone,28,19,22,95,Sorry I'm Here For Someone Else|Benson Boone|45878
09/08/2025,27,All The Way,BigXthaPlug Featuring Bailey Zimmerman,27,4,17,94,All The Way|BigXthaPlug Featuring Bailey Zimmerman|45878
09/08/2025,28,Free,Rumi & JINU: EJAE & Andrew Choi,30,28,5,94,Free|Rumi & JINU: EJAE & Andrew Choi|45878
09/08/2025,29,What It Sounds Like,"HUNTR/X: EJAE, Audrey Nuna & REI AMI",31,29,5,94,"What It Sounds Like|HUNTR/X: EJAE, Audrey Nuna & REI AMI|45878"
09/08/2025,30,Undressed,sombr,29,25,17,93,Undressed|sombr|45878
09/08/2025,31,What Did I Miss?,Drake,23,2,4,93,What Did I Miss?|Drake|45878
09/08/2025,32,Back To Friends,sombr,42,31,18,90,Back To Friends|sombr|45878
09/08/2025,33,Takedown,"HUNTR/X: EJAE, Audrey Nuna & REI AMI",39,33,5,87,"Takedown|HUNTR/X: EJAE, Audrey Nuna & REI AMI|45878"
09/08/2025,34,Blue Strips,Jessie Murph,26,15,16,87,Blue Strips|Jessie Murph|45878
09/08/2025,35,Backup Plan,Bailey Zimmerman & Luke Combs,34,34,13,86,Backup Plan|Bailey Zimmerman & Luke Combs|45878
09/08/2025,36,30 For 30,SZA With Kendrick Lamar,40,10,32,85,30 For 30|SZA With Kendrick Lamar|45878
09/08/2025,37,Nokia,Drake,32,2,24,84,Nokia|Drake|45878
09/08/2025,38,Back In The Saddle,Luke Combs,-,38,1,84,Back In The Saddle|Luke Combs|45878
09/08/2025,39,Crazy Train,Ozzy Osbourne,46,39,2,84,Crazy Train|Ozzy Osbourne|45878
09/08/2025,40,Yukon,Justin Bieber,38,17,3,84,Yukon|Justin Bieber|45878
09/08/2025,41,Burning Blue,Mariah The Scientist,36,25,13,81,Burning Blue|Mariah The Scientist|45878
09/08/2025,42,After All The Bars Are Closed,Thomas Rhett,45,42,14,80,After All The Bars Are Closed|Thomas Rhett|45878
09/08/2025,43,It Depends,Chris Brown Featuring Bryson Tiller,-,43,1,80,It Depends|Chris Brown Featuring Bryson Tiller|45878
09/08/2025,44,Worst Way,Riley Green,37,20,29,79,Worst Way|Riley Green|45878
09/08/2025,45,APT.,ROSE & Bruno Mars,35,3,41,78,APT.|ROSE & Bruno Mars|45878
09/08/2025,46,Love Somebody,Morgan Wallen,43,1,41,78,Love Somebody|Morgan Wallen|45878
09/08/2025,47,Ring Ring Ring,"Tyler, The Creator",44,44,2,78,"Ring Ring Ring|Tyler, The Creator|45878"
09/08/2025,48,"Mama, I'm Coming Home",Ozzy Osbourne,49,28,19,74,"Mama, I'm Coming Home|Ozzy Osbourne|45878"
09/08/2025,49,Happen To Me,Russell Dickerson,50,49,15,73,Happen To Me|Russell Dickerson|45878
09/08/2025,50,Eternity,Alex Warren,16,16,2,71,Eternity|Alex Warren|45878
09/08/2025,51,Sugar On My Tongue,"Tyler, The Creator",41,41,2,65,"Sugar On My Tongue|Tyler, The Creator|45878"
09/08/2025,52,20 Cigarettes,Morgan Wallen,57,20,11,62,20 Cigarettes|Morgan Wallen|45878
09/08/2025,53,6 Months Later,Megan Moroney,58,30,6,61,6 Months Later|Megan Moroney|45878
09/08/2025,54,Folded,Kehlani,70,54,7,60,Folded|Kehlani|45878
09/08/2025,55,Wildflower,Billie Eilish,65,17,59,59,Wildflower|Billie Eilish|45878
09/08/2025,56,Shake It To The Max (Fly),"MOLIY, Silent Addy, Skillibeng & Shenseea",52,44,11,58,"Shake It To The Max (Fly)|MOLIY, Silent Addy, Skillibeng & Shenseea|45878"
09/08/2025,57,I Ain't Coming Back,Morgan Wallen Featuring Post Malone,61,8,15,56,I Ain't Coming Back|Morgan Wallen Featuring Post Malone|45878
09/08/2025,58,Just Keep Watching,Tate McRae,60,33,9,56,Just Keep Watching|Tate McRae|45878
09/08/2025,59,Big Poe,"Tyler, The Creator Featuring Sk8brd",33,33,2,56,"Big Poe|Tyler, The Creator Featuring Sk8brd|45878"
09/08/2025,60,Outside,Cardi B,63,10,6,56,Outside|Cardi B|45878
09/08/2025,61,Jump,BLACKPINK,53,28,3,56,Jump|BLACKPINK|45878
09/08/2025,62,Better Me For You (Brown Eyes),Max McNown,72,62,7,54,Better Me For You (Brown Eyes)|Max McNown|45878
09/08/2025,63,Bottle Rockets,Scotty McCreery & Hootie & The Blowfish,68,62,6,54,Bottle Rockets|Scotty McCreery & Hootie & The Blowfish|45878
09/08/2025,64,Amen,Shaboozey & Jelly Roll,69,56,14,54,Amen|Shaboozey & Jelly Roll|45878
09/08/2025,65,Fix What You Didn't Break,Nate Smith,71,63,18,53,Fix What You Didn't Break|Nate Smith|45878
09/08/2025,66,I'll Take Care Of You,"Tyler, The Creator Featuring Yebba",55,55,2,53,"I'll Take Care Of You|Tyler, The Creator Featuring Yebba|45878"
09/08/2025,67,Takedown,"JEONGYEON, JIHYO & CHAEYOUNG Of TWICE",76,67,4,51,"Takedown|JEONGYEON, JIHYO & CHAEYOUNG Of TWICE|45878"
09/08/2025,68,House Again,Hudson Westbrook,74,65,15,50,House Again|Hudson Westbrook|45878
09/08/2025,69,Superman,Morgan Wallen,73,8,12,49,Superman|Morgan Wallen|45878
09/08/2025,70,Twilight Zone,Ariana Grande,81,18,17,49,Twilight Zone|Ariana Grande|45878
09/08/2025,71,Party 4 U,Charli xcx,83,55,15,48,Party 4 U|Charli xcx|45878
09/08/2025,72,Your Way's Better,Forrest Frank,79,61,15,48,Your Way's Better|Forrest Frank|45878
09/08/2025,73,Sucka Free,"Tyler, The Creator",48,48,2,46,"Sucka Free|Tyler, The Creator|45878"
09/08/2025,74,Strategy,Twice,92,74,2,45,Strategy|Twice|45878
09/08/2025,75,No Broke Boys,Disco Lines & Tinashe,91,75,3,45,No Broke Boys|Disco Lines & Tinashe|45878
09/08/2025,76,Bloodline,Alex Warren With Jelly Roll,67,32,10,44,Bloodline|Alex Warren With Jelly Roll|45878
09/08/2025,77,TN,Morgan Wallen,85,31,11,44,TN|Morgan Wallen|45878
09/08/2025,78,Hard Fought Hallelujah,Brandon Lake X Jelly Roll,78,40,24,44,Hard Fought Hallelujah|Brandon Lake X Jelly Roll|45878
09/08/2025,79,Sparks,Coldplay,80,79,3,44,Sparks|Coldplay|45878
09/08/2025,80,Bar None,Jordan Davis,95,80,4,43,Bar None|Jordan Davis|45878
09/08/2025,81,Went Legit,G Herbo,89,81,4,43,Went Legit|G Herbo|45878
09/08/2025,82,Don't You Worry Baby,"Tyler, The Creator Featuring Madison McFerrin",59,59,2,42,"Don't You Worry Baby|Tyler, The Creator Featuring Madison McFerrin|45878"
09/08/2025,83,Frecuencia,Dareyes de La Sierra,94,83,2,42,Frecuencia|Dareyes de La Sierra|45878
09/08/2025,84,Park,Tyler Hubbard,-,84,1,42,Park|Tyler Hubbard|45878
09/08/2025,85,Rather Lie,Playboi Carti & The Weeknd,98,4,20,42,Rather Lie|Playboi Carti & The Weeknd|45878
09/08/2025,86,Nice To Meet You,Myles Smith,96,82,8,41,Nice To Meet You|Myles Smith|45878
09/08/2025,87,Somewhere Over Laredo,Lainey Wilson,99,87,4,41,Somewhere Over Laredo|Lainey Wilson|45878
09/08/2025,88,EOO,Bad Bunny,93,24,28,41,EOO|Bad Bunny|45878
09/08/2025,89,Go Baby,Justin Bieber,66,18,3,41,Go Baby|Justin Bieber|45878
09/08/2025,90,Whim Whamiee,PLUTO & YKNIECE,88,51,15,40,Whim Whamiee|PLUTO & YKNIECE|45878
09/08/2025,91,Marlboro Rojo,Fuerza Regida,-,64,11,40,Marlboro Rojo|Fuerza Regida|45878
09/08/2025,92,Revolving Door,Tate McRae,-,22,16,40,Revolving Door|Tate McRae|45878
09/08/2025,93,Typa,GloRilla,100,42,7,40,Typa|GloRilla|45878
09/08/2025,94,Nuevayol,Bad Bunny,97,8,20,40,Nuevayol|Bad Bunny|45878
09/08/2025,95,Stop Playing With Me,"Tyler, The Creator",51,51,2,39,"Stop Playing With Me|Tyler, The Creator|45878"
09/08/2025,96,Madeline,Zach Bryan Featuring Gabriella Rose,62,62,2,39,Madeline|Zach Bryan Featuring Gabriella Rose|45878
09/08/2025,97,Mommanem,"Tyler, The Creator",54,54,2,38,"Mommanem|Tyler, The Creator|45878"
09/08/2025,98,River Washed Hair,Zach Bryan,90,53,4,38,River Washed Hair|Zach Bryan|45878
09/08/2025,99,Don't Tap That Glass / Tweakin',"Tyler, The Creator",56,56,2,37,"Don't Tap That Glass / Tweakin'|Tyler, The Creator|45878"
09/08/2025,100,Tu Sancho,Fuerza Regida,-,65,7,37,Tu Sancho|Fuerza Regida|45878
02/08/2025,1,Ordinary,Alex Warren,1,1,24,236,Ordinary|Alex Warren|45871
02/08/2025,2,Golden,"HUNTR/X: EJAE, Audrey Nuna & REI AMI",4,2,5,191,"Golden|HUNTR/X: EJAE, Audrey Nuna & REI AMI|45871"
02/08/2025,3,Daisies,Justin Bieber,2,2,2,173,Daisies|Justin Bieber|45871
02/08/2025,4,What I Want,Morgan Wallen Featuring Tate McRae,3,1,10,173,What I Want|Morgan Wallen Featuring Tate McRae|45871
02/08/2025,5,Just In Case,Morgan Wallen,5,2,18,153,Just In Case|Morgan Wallen|45871
02/08/2025,6,Love Me Not,Ravyn Lenae,7,6,17,143,Love Me Not|Ravyn Lenae|45871
02/08/2025,7,Lose Control,Teddy Swims,9,1,101,141,Lose Control|Teddy Swims|45871
02/08/2025,8,A Bar Song (Tipsy),Shaboozey,6,1,67,140,A Bar Song (Tipsy)|Shaboozey|45871
02/08/2025,9,Luther,Kendrick Lamar & SZA,11,1,35,137,Luther|Kendrick Lamar & SZA|45871
02/08/2025,10,Die With A Smile,Lady Gaga & Bruno Mars,10,1,49,136,Die With A Smile|Lady Gaga & Bruno Mars|45871
02/08/2025,11,I'm The Problem,Morgan Wallen,12,2,25,135,I'm The Problem|Morgan Wallen|45871
02/08/2025,12,Your Idol,"Saja Boys: Andrew Choi, Neckwav, Danny Chung, Kevin Woo & samUIL Lee",14,12,5,135,"Your Idol|Saja Boys: Andrew Choi, Neckwav, Danny Chung, Kevin Woo & samUIL Lee|45871"
02/08/2025,13,Manchild,Sabrina Carpenter,13,1,7,128,Manchild|Sabrina Carpenter|45871
02/08/2025,14,Beautiful Things,Benson Boone,16,2,78,124,Beautiful Things|Benson Boone|45871
02/08/2025,15,Pink Pony Club,Chappell Roan,15,4,58,123,Pink Pony Club|Chappell Roan|45871
02/08/2025,16,Eternity,Alex Warren,-,16,1,115,Eternity|Alex Warren|45871
02/08/2025,17,I Had Some Help,Post Malone Featuring Morgan Wallen,19,1,63,115,I Had Some Help|Post Malone Featuring Morgan Wallen|45871
02/08/2025,18,Birds Of A Feather,Billie Eilish,22,2,62,113,Birds Of A Feather|Billie Eilish|45871
02/08/2025,19,How It's Done,"HUNTR/X: EJAE, Audrey Nuna & REI AMI",23,19,4,113,"How It's Done|HUNTR/X: EJAE, Audrey Nuna & REI AMI|45871"
02/08/2025,20,Mutt,Leon Thomas,20,12,25,113,Mutt|Leon Thomas|45871
02/08/2025,21,Soda Pop,"Saja Boys: Andrew Choi, Neckwav, Danny Chung, Kevin Woo & samUIL Lee",25,21,4,112,"Soda Pop|Saja Boys: Andrew Choi, Neckwav, Danny Chung, Kevin Woo & samUIL Lee|45871"
02/08/2025,22,Good News,Shaboozey,24,22,35,111,Good News|Shaboozey|45871
02/08/2025,23,What Did I Miss?,Drake,8,2,3,102,What Did I Miss?|Drake|45871
02/08/2025,24,Mystical Magical,Benson Boone,26,17,13,102,Mystical Magical|Benson Boone|45871
02/08/2025,25,I Got Better,Morgan Wallen,27,7,10,101,I Got Better|Morgan Wallen|45871
02/08/2025,26,Blue Strips,Jessie Murph,32,15,15,99,Blue Strips|Jessie Murph|45871
02/08/2025,27,All The Way,BigXthaPlug Featuring Bailey Zimmerman,29,4,16,93,All The Way|BigXthaPlug Featuring Bailey Zimmerman|45871
02/08/2025,28,Sorry I'm Here For Someone Else,Benson Boone,30,19,21,93,Sorry I'm Here For Someone Else|Benson Boone|45871
02/08/2025,29,Undressed,sombr,34,25,16,93,Undressed|sombr|45871
02/08/2025,30,Free,Rumi & JINU: EJAE & Andrew Choi,41,30,4,92,Free|Rumi & JINU: EJAE & Andrew Choi|45871
02/08/2025,31,What It Sounds Like,"HUNTR/X: EJAE, Audrey Nuna & REI AMI",43,31,4,91,"What It Sounds Like|HUNTR/X: EJAE, Audrey Nuna & REI AMI|45871"
02/08/2025,32,Nokia,Drake,31,2,23,89,Nokia|Drake|45871
02/08/2025,33,Big Poe,"Tyler, The Creator Featuring Sk8brd",-,33,1,89,"Big Poe|Tyler, The Creator Featuring Sk8brd|45871"
02/08/2025,34,Backup Plan,Bailey Zimmerman & Luke Combs,44,34,12,85,Backup Plan|Bailey Zimmerman & Luke Combs|45871
02/08/2025,35,APT.,ROSE & Bruno Mars,40,3,40,85,APT.|ROSE & Bruno Mars|45871
02/08/2025,36,Burning Blue,Mariah The Scientist,47,25,12,85,Burning Blue|Mariah The Scientist|45871
02/08/2025,37,Worst Way,Riley Green,36,20,28,83,Worst Way|Riley Green|45871
02/08/2025,38,Yukon,Justin Bieber,17,17,2,83,Yukon|Justin Bieber|45871
02/08/2025,39,Takedown,"HUNTR/X: EJAE, Audrey Nuna & REI AMI",51,39,4,83,"Takedown|HUNTR/X: EJAE, Audrey Nuna & REI AMI|45871"
02/08/2025,40,30 For 30,SZA With Kendrick Lamar,46,10,31,82,30 For 30|SZA With Kendrick Lamar|45871
02/08/2025,41,Sugar On My Tongue,"Tyler, The Creator",-,41,1,82,"Sugar On My Tongue|Tyler, The Creator|45871"
02/08/2025,42,Back To Friends,sombr,38,31,17,81,Back To Friends|sombr|45871
02/08/2025,43,Love Somebody,Morgan Wallen,48,1,40,79,Love Somebody|Morgan Wallen|45871
02/08/2025,44,Ring Ring Ring,"Tyler, The Creator",-,44,1,79,"Ring Ring Ring|Tyler, The Creator|45871"
02/08/2025,45,After All The Bars Are Closed,Thomas Rhett,52,44,13,78,After All The Bars Are Closed|Thomas Rhett|45871
02/08/2025,46,Crazy Train,Ozzy Osbourne,-,46,1,78,Crazy Train|Ozzy Osbourne|45871
02/08/2025,47,Anxiety,Doechii,39,9,20,76,Anxiety|Doechii|45871
02/08/2025,48,Sucka Free,"Tyler, The Creator",-,48,1,75,"Sucka Free|Tyler, The Creator|45871"
02/08/2025,49,"Mama, I'm Coming Home",Ozzy Osbourne,-,28,18,74,"Mama, I'm Coming Home|Ozzy Osbourne|45871"
02/08/2025,50,Happen To Me,Russell Dickerson,64,49,14,72,Happen To Me|Russell Dickerson|45871
02/08/2025,51,Stop Playing With Me,"Tyler, The Creator",-,51,1,69,"Stop Playing With Me|Tyler, The Creator|45871"
02/08/2025,52,Shake It To The Max (Fly),"MOLIY, Silent Addy, Skillibeng & Shenseea",55,44,10,69,"Shake It To The Max (Fly)|MOLIY, Silent Addy, Skillibeng & Shenseea|45871"
02/08/2025,53,Jump,BLACKPINK,28,28,2,68,Jump|BLACKPINK|45871
02/08/2025,54,Mommanem,"Tyler, The Creator",-,54,1,65,"Mommanem|Tyler, The Creator|45871"
02/08/2025,55,I'll Take Care Of You,"Tyler, The Creator Featuring Yebba",-,55,1,65,"I'll Take Care Of You|Tyler, The Creator Featuring Yebba|45871"
02/08/2025,56,Don't Tap That Glass / Tweakin',"Tyler, The Creator",-,56,1,64,"Don't Tap That Glass / Tweakin'|Tyler, The Creator|45871"
02/08/2025,57,20 Cigarettes,Morgan Wallen,60,20,10,64,20 Cigarettes|Morgan Wallen|45871
02/08/2025,58,6 Months Later,Megan Moroney,58,30,5,63,6 Months Later|Megan Moroney|45871
02/08/2025,59,Don't You Worry Baby,"Tyler, The Creator Featuring Madison McFerrin",-,59,1,62,"Don't You Worry Baby|Tyler, The Creator Featuring Madison McFerrin|45871"
02/08/2025,60,Just Keep Watching,Tate McRae,63,33,8,60,Just Keep Watching|Tate McRae|45871
02/08/2025,61,I Ain't Coming Back,Morgan Wallen Featuring Post Malone,67,8,14,59,I Ain't Coming Back|Morgan Wallen Featuring Post Malone|45871
02/08/2025,62,Madeline,Zach Bryan Featuring Gabriella Rose,-,62,1,59,Madeline|Zach Bryan Featuring Gabriella Rose|45871
02/08/2025,63,Outside,Cardi B,61,10,5,59,Outside|Cardi B|45871
02/08/2025,64,Kick Out,Travis Scott,50,50,2,57,Kick Out|Travis Scott|45871
02/08/2025,65,Wildflower,Billie Eilish,66,17,58,57,Wildflower|Billie Eilish|45871
02/08/2025,66,Go Baby,Justin Bieber,18,18,2,57,Go Baby|Justin Bieber|45871
02/08/2025,67,Bloodline,Alex Warren With Jelly Roll,76,32,9,56,Bloodline|Alex Warren With Jelly Roll|45871
02/08/2025,68,Bottle Rockets,Scotty McCreery & Hootie & The Blowfish,77,62,5,55,Bottle Rockets|Scotty McCreery & Hootie & The Blowfish|45871
02/08/2025,69,Amen,Shaboozey & Jelly Roll,69,56,13,55,Amen|Shaboozey & Jelly Roll|45871
02/08/2025,70,Folded,Kehlani,85,70,6,54,Folded|Kehlani|45871
02/08/2025,71,Fix What You Didn't Break,Nate Smith,80,63,17,53,Fix What You Didn't Break|Nate Smith|45871
02/08/2025,72,Better Me For You (Brown Eyes),Max McNown,-,72,6,53,Better Me For You (Brown Eyes)|Max McNown|45871
02/08/2025,73,Superman,Morgan Wallen,71,8,11,52,Superman|Morgan Wallen|45871
02/08/2025,74,House Again,Hudson Westbrook,82,65,14,51,House Again|Hudson Westbrook|45871
02/08/2025,75,Dumbo,Travis Scott,54,54,2,50,Dumbo|Travis Scott|45871
02/08/2025,76,Takedown,"JEONGYEON, JIHYO & CHAEYOUNG Of TWICE",90,76,3,49,"Takedown|JEONGYEON, JIHYO & CHAEYOUNG Of TWICE|45871"
02/08/2025,77,Walking Away,Justin Bieber,37,37,2,48,Walking Away|Justin Bieber|45871
02/08/2025,78,Hard Fought Hallelujah,Brandon Lake X Jelly Roll,88,40,23,48,Hard Fought Hallelujah|Brandon Lake X Jelly Roll|45871
02/08/2025,79,Your Way's Better,Forrest Frank,87,61,14,48,Your Way's Better|Forrest Frank|45871
02/08/2025,80,Sparks,Coldplay,-,80,2,47,Sparks|Coldplay|45871
02/08/2025,81,Twilight Zone,Ariana Grande,98,18,16,46,Twilight Zone|Ariana Grande|45871
02/08/2025,82,Tell Me What It Is,"Tyler, The Creator",-,82,1,46,"Tell Me What It Is|Tyler, The Creator|45871"
02/08/2025,83,Party 4 U,Charli xcx,94,55,14,46,Party 4 U|Charli xcx|45871
02/08/2025,84,1965,Jessie Murph,-,84,1,46,1965|Jessie Murph|45871
02/08/2025,85,TN,Morgan Wallen,91,31,10,46,TN|Morgan Wallen|45871
02/08/2025,86,Chains & Whips,Clipse Featuring Kendrick Lamar,42,42,2,46,Chains & Whips|Clipse Featuring Kendrick Lamar|45871
02/08/2025,87,Champain & Vacay,Travis Scott & Don Toliver,53,53,2,45,Champain & Vacay|Travis Scott & Don Toliver|45871
02/08/2025,88,Whim Whamiee,PLUTO & YKNIECE,89,51,14,45,Whim Whamiee|PLUTO & YKNIECE|45871
02/08/2025,89,Went Legit,G Herbo,-,83,3,44,Went Legit|G Herbo|45871
02/08/2025,90,River Washed Hair,Zach Bryan,75,53,3,44,River Washed Hair|Zach Bryan|45871
02/08/2025,91,No Broke Boys,Disco Lines & Tinashe,-,91,2,44,No Broke Boys|Disco Lines & Tinashe|45871
02/08/2025,92,Strategy,Twice,-,92,1,44,Strategy|Twice|45871
02/08/2025,93,EOO,Bad Bunny,97,24,27,43,EOO|Bad Bunny|45871
02/08/2025,94,Frecuencia,Dareyes de La Sierra,-,94,1,42,Frecuencia|Dareyes de La Sierra|45871
02/08/2025,95,Bar None,Jordan Davis,-,87,3,41,Bar None|Jordan Davis|45871
02/08/2025,96,Nice To Meet You,Myles Smith,-,82,7,41,Nice To Meet You|Myles Smith|45871
02/08/2025,97,Nuevayol,Bad Bunny,96,8,19,41,Nuevayol|Bad Bunny|45871
02/08/2025,98,Rather Lie,Playboi Carti & The Weeknd,99,4,19,41,Rather Lie|Playboi Carti & The Weeknd|45871
02/08/2025,99,Somewhere Over Laredo,Lainey Wilson,-,88,3,41,Somewhere Over Laredo|Lainey Wilson|45871
02/08/2025,100,Typa,GloRilla,-,42,6,41,Typa|GloRilla|45871
26/07/2025,1,Ordinary,Alex Warren,1,1,23,228,Ordinary|Alex Warren|45864
26/07/2025,2,Daisies,Justin Bieber,-,2,1,219,Daisies|Justin Bieber|45864
26/07/2025,3,What I Want,Morgan Wallen Featuring Tate McRae,3,1,9,172,What I Want|Morgan Wallen Featuring Tate McRae|45864
26/07/2025,4,Golden,"HUNTR/X: EJAE, Audrey Nuna & REI AMI",6,4,4,169,"Golden|HUNTR/X: EJAE, Audrey Nuna & REI AMI|45864"
26/07/2025,5,Just In Case,Morgan Wallen,4,2,17,159,Just In Case|Morgan Wallen|45864
26/07/2025,6,A Bar Song (Tipsy),Shaboozey,5,1,66,145,A Bar Song (Tipsy)|Shaboozey|45864
26/07/2025,7,Love Me Not,Ravyn Lenae,12,7,16,143,Love Me Not|Ravyn Lenae|45864
26/07/2025,8,What Did I Miss?,Drake,2,2,2,140,What Did I Miss?|Drake|45864
26/07/2025,9,Lose Control,Teddy Swims,9,1,100,140,Lose Control|Teddy Swims|45864
26/07/2025,10,Die With A Smile,Lady Gaga & Bruno Mars,10,1,48,137,Die With A Smile|Lady Gaga & Bruno Mars|45864
26/07/2025,11,Luther,Kendrick Lamar & SZA,7,1,34,137,Luther|Kendrick Lamar & SZA|45864
26/07/2025,12,I'm The Problem,Morgan Wallen,8,2,24,135,I'm The Problem|Morgan Wallen|45864
26/07/2025,13,Manchild,Sabrina Carpenter,11,1,6,133,Manchild|Sabrina Carpenter|45864
26/07/2025,14,Your Idol,"Saja Boys: Andrew Choi, Neckwav, Danny Chung, Kevin Woo & samUIL Lee",16,14,4,128,"Your Idol|Saja Boys: Andrew Choi, Neckwav, Danny Chung, Kevin Woo & samUIL Lee|45864"
26/07/2025,15,Pink Pony Club,Chappell Roan,13,4,57,124,Pink Pony Club|Chappell Roan|45864
26/07/2025,16,Beautiful Things,Benson Boone,15,2,77,121,Beautiful Things|Benson Boone|45864
26/07/2025,17,Yukon,Justin Bieber,-,17,1,120,Yukon|Justin Bieber|45864
26/07/2025,18,Go Baby,Justin Bieber,-,18,1,117,Go Baby|Justin Bieber|45864
26/07/2025,19,I Had Some Help,Post Malone Featuring Morgan Wallen,14,1,62,116,I Had Some Help|Post Malone Featuring Morgan Wallen|45864
26/07/2025,20,Mutt,Leon Thomas,17,12,24,116,Mutt|Leon Thomas|45864
26/07/2025,21,All I Can Take,Justin Bieber,-,21,1,111,All I Can Take|Justin Bieber|45864
26/07/2025,22,Birds Of A Feather,Billie Eilish,18,2,61,110,Birds Of A Feather|Billie Eilish|45864
26/07/2025,23,How It's Done,"HUNTR/X: EJAE, Audrey Nuna & REI AMI",29,23,3,105,"How It's Done|HUNTR/X: EJAE, Audrey Nuna & REI AMI|45864"
26/07/2025,24,Good News,Shaboozey,26,24,34,103,Good News|Shaboozey|45864
26/07/2025,25,Soda Pop,"Saja Boys: Andrew Choi, Neckwav, Danny Chung, Kevin Woo & samUIL Lee",35,25,3,103,"Soda Pop|Saja Boys: Andrew Choi, Neckwav, Danny Chung, Kevin Woo & samUIL Lee|45864"
26/07/2025,26,Mystical Magical,Benson Boone,20,17,12,102,Mystical Magical|Benson Boone|45864
26/07/2025,27,I Got Better,Morgan Wallen,23,7,9,98,I Got Better|Morgan Wallen|45864
26/07/2025,28,Jump,BLACKPINK,-,28,1,98,Jump|BLACKPINK|45864
26/07/2025,29,All The Way,BigXthaPlug Featuring Bailey Zimmerman,24,4,15,97,All The Way|BigXthaPlug Featuring Bailey Zimmerman|45864
26/07/2025,30,Sorry I'm Here For Someone Else,Benson Boone,22,19,20,95,Sorry I'm Here For Someone Else|Benson Boone|45864
26/07/2025,31,Nokia,Drake,21,2,22,94,Nokia|Drake|45864
26/07/2025,32,Blue Strips,Jessie Murph,27,15,14,93,Blue Strips|Jessie Murph|45864
26/07/2025,33,Way It Is,Justin Bieber & Gunna,-,33,1,92,Way It Is|Justin Bieber & Gunna|45864
26/07/2025,34,Undressed,sombr,32,25,15,90,Undressed|sombr|45864
26/07/2025,35,Things You Do,Justin Bieber,-,35,1,89,Things You Do|Justin Bieber|45864
26/07/2025,36,Worst Way,Riley Green,33,20,27,88,Worst Way|Riley Green|45864
26/07/2025,37,Walking Away,Justin Bieber,-,37,1,87,Walking Away|Justin Bieber|45864
26/07/2025,38,Back To Friends,sombr,34,31,16,87,Back To Friends|sombr|45864
26/07/2025,39,Anxiety,Doechii,28,9,19,87,Anxiety|Doechii|45864
26/07/2025,40,APT.,ROSE & Bruno Mars,30,3,39,86,APT.|ROSE & Bruno Mars|45864
26/07/2025,41,Free,Rumi & JINU: EJAE & Andrew Choi,41,41,3,86,Free|Rumi & JINU: EJAE & Andrew Choi|45864
26/07/2025,42,Chains & Whips,Clipse Featuring Kendrick Lamar,-,42,1,86,Chains & Whips|Clipse Featuring Kendrick Lamar|45864
26/07/2025,43,What It Sounds Like,"HUNTR/X: EJAE, Audrey Nuna & REI AMI",43,43,3,85,"What It Sounds Like|HUNTR/X: EJAE, Audrey Nuna & REI AMI|45864"
26/07/2025,44,Backup Plan,Bailey Zimmerman & Luke Combs,37,35,11,84,Backup Plan|Bailey Zimmerman & Luke Combs|45864
26/07/2025,45,Weren't For The Wind,Ella Langley,25,18,24,83,Weren't For The Wind|Ella Langley|45864
26/07/2025,46,30 For 30,SZA With Kendrick Lamar,36,10,30,83,30 For 30|SZA With Kendrick Lamar|45864
26/07/2025,47,Burning Blue,Mariah The Scientist,40,25,11,82,Burning Blue|Mariah The Scientist|45864
26/07/2025,48,Love Somebody,Morgan Wallen,38,1,39,82,Love Somebody|Morgan Wallen|45864
26/07/2025,49,Butterflies,Justin Bieber,-,49,1,81,Butterflies|Justin Bieber|45864
26/07/2025,50,Kick Out,Travis Scott,-,50,1,79,Kick Out|Travis Scott|45864
26/07/2025,51,Takedown,"HUNTR/X: EJAE, Audrey Nuna & REI AMI",51,51,3,76,"Takedown|HUNTR/X: EJAE, Audrey Nuna & REI AMI|45864"
26/07/2025,52,After All The Bars Are Closed,Thomas Rhett,44,44,12,75,After All The Bars Are Closed|Thomas Rhett|45864
26/07/2025,53,Champain & Vacay,Travis Scott & Don Toliver,-,53,1,75,Champain & Vacay|Travis Scott & Don Toliver|45864
26/07/2025,54,Dumbo,Travis Scott,-,54,1,74,Dumbo|Travis Scott|45864
26/07/2025,55,Shake It To The Max (Fly),"MOLIY, Silent Addy, Skillibeng & Shenseea",46,44,9,72,"Shake It To The Max (Fly)|MOLIY, Silent Addy, Skillibeng & Shenseea|45864"
26/07/2025,56,Devotion,Justin Bieber & Dijon,-,56,1,72,Devotion|Justin Bieber & Dijon|45864
26/07/2025,57,Sweet Spot,Justin Bieber & Sexyy Red,-,57,1,70,Sweet Spot|Justin Bieber & Sexyy Red|45864
26/07/2025,58,6 Months Later,Megan Moroney,48,30,4,66,6 Months Later|Megan Moroney|45864
26/07/2025,59,First Place,Justin Bieber,-,59,1,66,First Place|Justin Bieber|45864
26/07/2025,60,20 Cigarettes,Morgan Wallen,49,20,9,66,20 Cigarettes|Morgan Wallen|45864
26/07/2025,61,Outside,Cardi B,39,10,4,66,Outside|Cardi B|45864
26/07/2025,62,So Be It,Clipse,-,62,1,65,So Be It|Clipse|45864
26/07/2025,63,Just Keep Watching,Tate McRae,52,33,7,63,Just Keep Watching|Tate McRae|45864
26/07/2025,64,Happen To Me,Russell Dickerson,55,49,13,63,Happen To Me|Russell Dickerson|45864
26/07/2025,65,P.O.V.,"Clipse Featuring Tyler, The Creator",-,65,1,61,"P.O.V.|Clipse Featuring Tyler, The Creator|45864"
26/07/2025,66,Wildflower,Billie Eilish,56,17,57,60,Wildflower|Billie Eilish|45864
26/07/2025,67,I Ain't Coming Back,Morgan Wallen Featuring Post Malone,54,8,13,60,I Ain't Coming Back|Morgan Wallen Featuring Post Malone|45864
26/07/2025,68,In Your Fantasy,ATEEZ,-,68,1,60,In Your Fantasy|ATEEZ|45864
26/07/2025,69,Amen,Shaboozey & Jelly Roll,58,56,12,55,Amen|Shaboozey & Jelly Roll|45864
26/07/2025,70,Swag,"Justin Bieber, Cash Cobain & Eddie Benjamin",-,70,1,55,"Swag|Justin Bieber, Cash Cobain & Eddie Benjamin|45864"
26/07/2025,71,Superman,Morgan Wallen,57,8,10,54,Superman|Morgan Wallen|45864
26/07/2025,72,2000 Excursion,"Travis Scott, Sheck Wes & Don Toliver",-,72,1,53,"2000 Excursion|Travis Scott, Sheck Wes & Don Toliver|45864"
26/07/2025,73,Indigo,Sam Barber Featuring Avery Anna,61,40,32,53,Indigo|Sam Barber Featuring Avery Anna|45864
26/07/2025,74,Where Was You,"Travis Scott, Playboi Carti & Future",-,74,1,53,"Where Was You|Travis Scott, Playboi Carti & Future|45864"
26/07/2025,75,River Washed Hair,Zach Bryan,53,53,2,53,River Washed Hair|Zach Bryan|45864
26/07/2025,76,Bloodline,Alex Warren With Jelly Roll,75,32,8,52,Bloodline|Alex Warren With Jelly Roll|45864
26/07/2025,77,Bottle Rockets,Scotty McCreery & Hootie & The Blowfish,62,62,4,51,Bottle Rockets|Scotty McCreery & Hootie & The Blowfish|45864
26/07/2025,78,Ace Trumpets,Clipse,-,78,1,51,Ace Trumpets|Clipse|45864
26/07/2025,79,Too Long,Justin Bieber,-,79,1,51,Too Long|Justin Bieber|45864
26/07/2025,80,Fix What You Didn't Break,Nate Smith,63,63,16,50,Fix What You Didn't Break|Nate Smith|45864
26/07/2025,81,Single Again,Josh Ross,73,73,5,50,Single Again|Josh Ross|45864
26/07/2025,82,House Again,Hudson Westbrook,65,65,13,49,House Again|Hudson Westbrook|45864
26/07/2025,83,Glory Voice Memo,Justin Bieber,-,83,1,49,Glory Voice Memo|Justin Bieber|45864
26/07/2025,84,Dadz Love,Justin Bieber & Lil B,-,84,1,48,Dadz Love|Justin Bieber & Lil B|45864
26/07/2025,85,Folded,Kehlani,79,76,5,48,Folded|Kehlani|45864
26/07/2025,86,405,Justin Bieber,-,86,1,48,405|Justin Bieber|45864
26/07/2025,87,Your Way's Better,Forrest Frank,69,61,13,48,Your Way's Better|Forrest Frank|45864
26/07/2025,88,Hard Fought Hallelujah,Brandon Lake X Jelly Roll,68,40,22,48,Hard Fought Hallelujah|Brandon Lake X Jelly Roll|45864
26/07/2025,89,Whim Whamiee,PLUTO & YKNIECE,60,51,13,47,Whim Whamiee|PLUTO & YKNIECE|45864
26/07/2025,90,Takedown,"JEONGYEON, JIHYO & CHAEYOUNG Of TWICE",86,86,2,47,"Takedown|JEONGYEON, JIHYO & CHAEYOUNG Of TWICE|45864"
26/07/2025,91,TN,Morgan Wallen,64,31,9,47,TN|Morgan Wallen|45864
26/07/2025,92,The Birds Don't Sing,Clipse Featuring John Legend & Voices Of Fire,-,92,1,46,The Birds Don't Sing|Clipse Featuring John Legend & Voices Of Fire|45864
26/07/2025,93,Shyne,Travis Scott & GloRilla,-,93,1,46,Shyne|Travis Scott & GloRilla|45864
26/07/2025,94,Party 4 U,Charli xcx,67,55,13,45,Party 4 U|Charli xcx|45864
26/07/2025,95,M.T.B.T.T.F.,Clipse,-,95,1,45,M.T.B.T.T.F.|Clipse|45864
26/07/2025,96,Nuevayol,Bad Bunny,66,8,18,44,Nuevayol|Bad Bunny|45864
26/07/2025,97,EOO,Bad Bunny,84,24,26,44,EOO|Bad Bunny|45864
26/07/2025,98,Twilight Zone,Ariana Grande,78,18,15,43,Twilight Zone|Ariana Grande|45864
26/07/2025,99,Rather Lie,Playboi Carti & The Weeknd,72,4,18,43,Rather Lie|Playboi Carti & The Weeknd|45864
26/07/2025,100,Marlboro Rojo,Fuerza Regida,77,64,10,43,Marlboro Rojo|Fuerza Regida|45864
19/07/2025,1,Ordinary,Alex Warren,1,1,22,225,Ordinary|Alex Warren|45857
19/07/2025,2,What Did I Miss?,Drake,-,2,1,181,What Did I Miss?|Drake|45857
19/07/2025,3,What I Want,Morgan Wallen Featuring Tate McRae,2,1,8,177,What I Want|Morgan Wallen Featuring Tate McRae|45857
19/07/2025,4,Just In Case,Morgan Wallen,3,2,16,160,Just In Case|Morgan Wallen|45857
19/07/2025,5,A Bar Song (Tipsy),Shaboozey,4,1,65,150,A Bar Song (Tipsy)|Shaboozey|45857
19/07/2025,6,Golden,"HUNTR/X: EJAE, Audrey Nuna & REI AMI",23,6,3,139,"Golden|HUNTR/X: EJAE, Audrey Nuna & REI AMI|45857"
19/07/2025,7,Luther,Kendrick Lamar & SZA,6,1,33,138,Luther|Kendrick Lamar & SZA|45857
19/07/2025,8,I'm The Problem,Morgan Wallen,5,2,23,138,I'm The Problem|Morgan Wallen|45857
19/07/2025,9,Lose Control,Teddy Swims,8,1,99,136,Lose Control|Teddy Swims|45857
19/07/2025,10,Die With A Smile,Lady Gaga & Bruno Mars,9,1,47,136,Die With A Smile|Lady Gaga & Bruno Mars|45857
19/07/2025,11,Manchild,Sabrina Carpenter,7,1,5,136,Manchild|Sabrina Carpenter|45857
19/07/2025,12,Love Me Not,Ravyn Lenae,12,12,15,133,Love Me Not|Ravyn Lenae|45857
19/07/2025,13,Pink Pony Club,Chappell Roan,10,4,56,125,Pink Pony Club|Chappell Roan|45857
19/07/2025,14,I Had Some Help,Post Malone Featuring Morgan Wallen,13,1,61,121,I Had Some Help|Post Malone Featuring Morgan Wallen|45857
19/07/2025,15,Beautiful Things,Benson Boone,11,2,76,121,Beautiful Things|Benson Boone|45857
19/07/2025,16,Your Idol,"Saja Boys: Andrew Choi, Neckwav, Danny Chung, Kevin Woo & samUIL Lee",31,16,3,113,"Your Idol|Saja Boys: Andrew Choi, Neckwav, Danny Chung, Kevin Woo & samUIL Lee|45857"
19/07/2025,17,Mutt,Leon Thomas,14,12,23,111,Mutt|Leon Thomas|45857
19/07/2025,18,Birds Of A Feather,Billie Eilish,15,2,60,110,Birds Of A Feather|Billie Eilish|45857
19/07/2025,19,Espresso,Sabrina Carpenter,16,3,65,103,Espresso|Sabrina Carpenter|45857
19/07/2025,20,Mystical Magical,Benson Boone,17,17,11,102,Mystical Magical|Benson Boone|45857
19/07/2025,21,Nokia,Drake,20,2,21,101,Nokia|Drake|45857
19/07/2025,22,Sorry I'm Here For Someone Else,Benson Boone,22,19,19,97,Sorry I'm Here For Someone Else|Benson Boone|45857
19/07/2025,23,I Got Better,Morgan Wallen,21,7,8,97,I Got Better|Morgan Wallen|45857
19/07/2025,24,All The Way,BigXthaPlug Featuring Bailey Zimmerman,19,4,14,97,All The Way|BigXthaPlug Featuring Bailey Zimmerman|45857
19/07/2025,25,Weren't For The Wind,Ella Langley,18,18,23,96,Weren't For The Wind|Ella Langley|45857
19/07/2025,26,Good News,Shaboozey,29,26,33,94,Good News|Shaboozey|45857
19/07/2025,27,Blue Strips,Jessie Murph,24,15,13,92,Blue Strips|Jessie Murph|45857
19/07/2025,28,Anxiety,Doechii,25,9,18,91,Anxiety|Doechii|45857
19/07/2025,29,How It's Done,"HUNTR/X: EJAE, Audrey Nuna & REI AMI",42,29,2,91,"How It's Done|HUNTR/X: EJAE, Audrey Nuna & REI AMI|45857"
19/07/2025,30,APT.,ROSE & Bruno Mars,27,3,38,89,APT.|ROSE & Bruno Mars|45857
19/07/2025,31,"Courtesy Of The Red, White And Blue (The Angry American)",Toby Keith,-,25,21,88,"Courtesy Of The Red, White And Blue (The Angry American)|Toby Keith|45857"
19/07/2025,32,Undressed,sombr,33,25,14,87,Undressed|sombr|45857
19/07/2025,33,Worst Way,Riley Green,28,20,26,86,Worst Way|Riley Green|45857
19/07/2025,34,Back To Friends,sombr,34,31,15,86,Back To Friends|sombr|45857
19/07/2025,35,Soda Pop,"Saja Boys: Andrew Choi, Neckwav, Danny Chung, Kevin Woo & samUIL Lee",49,35,2,86,"Soda Pop|Saja Boys: Andrew Choi, Neckwav, Danny Chung, Kevin Woo & samUIL Lee|45857"
19/07/2025,36,30 For 30,SZA With Kendrick Lamar,32,10,29,84,30 For 30|SZA With Kendrick Lamar|45857
19/07/2025,37,Backup Plan,Bailey Zimmerman & Luke Combs,35,35,10,84,Backup Plan|Bailey Zimmerman & Luke Combs|45857
19/07/2025,38,Love Somebody,Morgan Wallen,30,1,38,84,Love Somebody|Morgan Wallen|45857
19/07/2025,39,Outside,Cardi B,26,10,3,77,Outside|Cardi B|45857
19/07/2025,40,Burning Blue,Mariah The Scientist,39,25,10,76,Burning Blue|Mariah The Scientist|45857
19/07/2025,41,Free,Rumi & JINU: EJAE & Andrew Choi,58,41,2,76,Free|Rumi & JINU: EJAE & Andrew Choi|45857
19/07/2025,42,That's So True,Gracie Abrams,36,6,38,73,That's So True|Gracie Abrams|45857
19/07/2025,43,What It Sounds Like,"HUNTR/X: EJAE, Audrey Nuna & REI AMI",55,43,2,73,"What It Sounds Like|HUNTR/X: EJAE, Audrey Nuna & REI AMI|45857"
19/07/2025,44,After All The Bars Are Closed,Thomas Rhett,45,44,11,72,After All The Bars Are Closed|Thomas Rhett|45857
19/07/2025,45,Timeless,The Weeknd & Playboi Carti,38,3,41,72,Timeless|The Weeknd & Playboi Carti|45857
19/07/2025,46,Shake It To The Max (Fly),"MOLIY, Silent Addy, Skillibeng & Shenseea",44,44,8,70,"Shake It To The Max (Fly)|MOLIY, Silent Addy, Skillibeng & Shenseea|45857"
19/07/2025,47,Messy,Lola Young,41,14,32,69,Messy|Lola Young|45857
19/07/2025,48,6 Months Later,Megan Moroney,40,30,3,69,6 Months Later|Megan Moroney|45857
19/07/2025,49,20 Cigarettes,Morgan Wallen,37,20,8,68,20 Cigarettes|Morgan Wallen|45857
19/07/2025,50,No One Noticed,The Marias,50,22,41,66,No One Noticed|The Marias|45857
19/07/2025,51,Takedown,"HUNTR/X: EJAE, Audrey Nuna & REI AMI",64,51,2,64,"Takedown|HUNTR/X: EJAE, Audrey Nuna & REI AMI|45857"
19/07/2025,52,Just Keep Watching,Tate McRae,46,33,6,63,Just Keep Watching|Tate McRae|45857
19/07/2025,53,River Washed Hair,Zach Bryan,-,53,1,63,River Washed Hair|Zach Bryan|45857
19/07/2025,54,I Ain't Coming Back,Morgan Wallen Featuring Post Malone,47,8,12,62,I Ain't Coming Back|Morgan Wallen Featuring Post Malone|45857
19/07/2025,55,Happen To Me,Russell Dickerson,53,49,12,62,Happen To Me|Russell Dickerson|45857
19/07/2025,56,Wildflower,Billie Eilish,51,17,56,60,Wildflower|Billie Eilish|45857
19/07/2025,57,Superman,Morgan Wallen,52,8,9,57,Superman|Morgan Wallen|45857
19/07/2025,58,Amen,Shaboozey & Jelly Roll,56,56,11,55,Amen|Shaboozey & Jelly Roll|45857
19/07/2025,59,Azizam,Ed Sheeran,57,28,14,55,Azizam|Ed Sheeran|45857
19/07/2025,60,Whim Whamiee,PLUTO & YKNIECE,62,51,12,52,Whim Whamiee|PLUTO & YKNIECE|45857
19/07/2025,61,Indigo,Sam Barber Featuring Avery Anna,61,40,31,52,Indigo|Sam Barber Featuring Avery Anna|45857
19/07/2025,62,Bottle Rockets,Scotty McCreery & Hootie & The Blowfish,74,62,3,51,Bottle Rockets|Scotty McCreery & Hootie & The Blowfish|45857
19/07/2025,63,Fix What You Didn't Break,Nate Smith,67,63,15,50,Fix What You Didn't Break|Nate Smith|45857
19/07/2025,64,TN,Morgan Wallen,59,31,8,49,TN|Morgan Wallen|45857
19/07/2025,65,House Again,Hudson Westbrook,66,65,12,48,House Again|Hudson Westbrook|45857
19/07/2025,66,Nuevayol,Bad Bunny,-,8,17,47,Nuevayol|Bad Bunny|45857
19/07/2025,67,Party 4 U,Charli xcx,68,55,12,47,Party 4 U|Charli xcx|45857
19/07/2025,68,Hard Fought Hallelujah,Brandon Lake X Jelly Roll,65,40,21,47,Hard Fought Hallelujah|Brandon Lake X Jelly Roll|45857
19/07/2025,69,Your Way's Better,Forrest Frank,69,61,12,46,Your Way's Better|Forrest Frank|45857
19/07/2025,70,Dark Thoughts,Lil Tecca,63,28,17,45,Dark Thoughts|Lil Tecca|45857
19/07/2025,71,Went West,BabyChiefDoit,89,71,2,45,Went West|BabyChiefDoit|45857
19/07/2025,72,Rather Lie,Playboi Carti & The Weeknd,73,4,17,45,Rather Lie|Playboi Carti & The Weeknd|45857
19/07/2025,73,Single Again,Josh Ross,86,73,4,44,Single Again|Josh Ross|45857
19/07/2025,74,Typa,GloRilla,70,42,5,44,Typa|GloRilla|45857
19/07/2025,75,Bloodline,Alex Warren With Jelly Roll,76,32,7,44,Bloodline|Alex Warren With Jelly Roll|45857
19/07/2025,76,On My Mind,Alex Warren & ROSE,60,60,2,44,On My Mind|Alex Warren & ROSE|45857
19/07/2025,77,Marlboro Rojo,Fuerza Regida,75,64,9,43,Marlboro Rojo|Fuerza Regida|45857
19/07/2025,78,Twilight Zone,Ariana Grande,83,18,14,43,Twilight Zone|Ariana Grande|45857
19/07/2025,79,Folded,Kehlani,81,76,4,42,Folded|Kehlani|45857
19/07/2025,80,Tu Sancho,Fuerza Regida,71,65,6,42,Tu Sancho|Fuerza Regida|45857
19/07/2025,81,I'm A Little Crazy,Morgan Wallen,72,17,16,42,I'm A Little Crazy|Morgan Wallen|45857
19/07/2025,82,Nice To Meet You,Myles Smith,90,82,6,41,Nice To Meet You|Myles Smith|45857
19/07/2025,83,Went Legit,G Herbo,95,83,2,41,Went Legit|G Herbo|45857
19/07/2025,84,EOO,Bad Bunny,88,24,25,41,EOO|Bad Bunny|45857
19/07/2025,85,Better Me For You (Brown Eyes),Max McNown,98,85,5,41,Better Me For You (Brown Eyes)|Max McNown|45857
19/07/2025,86,Takedown,"JEONGYEON, JIHYO & CHAEYOUNG Of TWICE",-,86,1,41,"Takedown|JEONGYEON, JIHYO & CHAEYOUNG Of TWICE|45857"
19/07/2025,87,Bar None,Jordan Davis,99,87,2,40,Bar None|Jordan Davis|45857
19/07/2025,88,Dark Til Daylight,Morgan Wallen,79,49,8,40,Dark Til Daylight|Morgan Wallen|45857
19/07/2025,89,Somewhere Over Laredo,Lainey Wilson,-,88,2,39,Somewhere Over Laredo|Lainey Wilson|45857
19/07/2025,90,Thought It Was Love,Ty Myers,93,79,8,38,Thought It Was Love|Ty Myers|45857
19/07/2025,91,Latina Foreva,Karol G,80,66,5,38,Latina Foreva|Karol G|45857
19/07/2025,92,This Heart,Corey Kent,92,82,3,37,This Heart|Corey Kent|45857
19/07/2025,93,Hands Of Time,Eric Church,-,70,4,36,Hands Of Time|Eric Church|45857
19/07/2025,94,Don't We,Morgan Wallen,-,48,5,36,Don't We|Morgan Wallen|45857
19/07/2025,95,Gabriela,KATSEYE,87,87,3,36,Gabriela|KATSEYE|45857
19/07/2025,96,Illegal,PinkPantheress,-,96,1,36,Illegal|PinkPantheress|45857
19/07/2025,97,Revolving Door,Tate McRae,-,22,15,35,Revolving Door|Tate McRae|45857
19/07/2025,98,Country House,Sam Hunt,-,98,1,35,Country House|Sam Hunt|45857
19/07/2025,99,No Broke Boys,Disco Lines & Tinashe,-,99,1,35,No Broke Boys|Disco Lines & Tinashe|45857
19/07/2025,100,Por Esos Ojos,Fuerza Regida,-,64,15,35,Por Esos Ojos|Fuerza Regida|45857
12/07/2025,1,Ordinary,Alex Warren,1,1,21,231,Ordinary|Alex Warren|45850
12/07/2025,2,What I Want,Morgan Wallen Featuring Tate McRae,2,1,7,186,What I Want|Morgan Wallen Featuring Tate McRae|45850
12/07/2025,3,Just In Case,Morgan Wallen,4,2,15,162,Just In Case|Morgan Wallen|45850
12/07/2025,4,A Bar Song (Tipsy),Shaboozey,7,1,64,153,A Bar Song (Tipsy)|Shaboozey|45850
12/07/2025,5,I'm The Problem,Morgan Wallen,5,2,22,150,I'm The Problem|Morgan Wallen|45850
12/07/2025,6,Luther,Kendrick Lamar & SZA,6,1,32,149,Luther|Kendrick Lamar & SZA|45850
12/07/2025,7,Manchild,Sabrina Carpenter,3,1,4,149,Manchild|Sabrina Carpenter|45850
12/07/2025,8,Lose Control,Teddy Swims,9,1,98,143,Lose Control|Teddy Swims|45850
12/07/2025,9,Die With A Smile,Lady Gaga & Bruno Mars,8,1,46,143,Die With A Smile|Lady Gaga & Bruno Mars|45850
12/07/2025,10,Pink Pony Club,Chappell Roan,11,4,55,131,Pink Pony Club|Chappell Roan|45850
12/07/2025,11,Beautiful Things,Benson Boone,12,2,75,128,Beautiful Things|Benson Boone|45850
12/07/2025,12,Love Me Not,Ravyn Lenae,14,12,14,128,Love Me Not|Ravyn Lenae|45850
12/07/2025,13,I Had Some Help,Post Malone Featuring Morgan Wallen,13,1,60,122,I Had Some Help|Post Malone Featuring Morgan Wallen|45850
12/07/2025,14,Mutt,Leon Thomas,15,12,22,115,Mutt|Leon Thomas|45850
12/07/2025,15,Birds Of A Feather,Billie Eilish,17,2,59,115,Birds Of A Feather|Billie Eilish|45850
12/07/2025,16,Espresso,Sabrina Carpenter,18,3,64,109,Espresso|Sabrina Carpenter|45850
12/07/2025,17,Mystical Magical,Benson Boone,21,17,10,106,Mystical Magical|Benson Boone|45850
12/07/2025,18,Weren't For The Wind,Ella Langley,27,18,22,106,Weren't For The Wind|Ella Langley|45850
12/07/2025,19,All The Way,BigXthaPlug Featuring Bailey Zimmerman,23,4,13,105,All The Way|BigXthaPlug Featuring Bailey Zimmerman|45850
12/07/2025,20,Nokia,Drake,16,2,20,104,Nokia|Drake|45850
12/07/2025,21,I Got Better,Morgan Wallen,20,7,7,104,I Got Better|Morgan Wallen|45850
12/07/2025,22,Sorry I'm Here For Someone Else,Benson Boone,19,19,18,100,Sorry I'm Here For Someone Else|Benson Boone|45850
12/07/2025,23,Golden,"HUNTR/X: EJAE, Audrey Nuna & REI AMI",81,23,2,100,"Golden|HUNTR/X: EJAE, Audrey Nuna & REI AMI|45850"
12/07/2025,24,Blue Strips,Jessie Murph,25,15,12,98,Blue Strips|Jessie Murph|45850
12/07/2025,25,Anxiety,Doechii,24,9,17,97,Anxiety|Doechii|45850
12/07/2025,26,Outside,Cardi B,10,10,2,94,Outside|Cardi B|45850
12/07/2025,27,APT.,ROSE & Bruno Mars,28,3,37,94,APT.|ROSE & Bruno Mars|45850
12/07/2025,28,Worst Way,Riley Green,22,20,25,94,Worst Way|Riley Green|45850
12/07/2025,29,Good News,Shaboozey,32,29,32,94,Good News|Shaboozey|45850
12/07/2025,30,Love Somebody,Morgan Wallen,26,1,37,94,Love Somebody|Morgan Wallen|45850
12/07/2025,31,Your Idol,"Saja Boys: Andrew Choi, Neckwav, Danny Chung, Kevin Woo & samUIL Lee",77,31,2,93,"Your Idol|Saja Boys: Andrew Choi, Neckwav, Danny Chung, Kevin Woo & samUIL Lee|45850"
12/07/2025,32,30 For 30,SZA With Kendrick Lamar,29,10,28,91,30 For 30|SZA With Kendrick Lamar|45850
12/07/2025,33,Undressed,sombr,31,25,13,88,Undressed|sombr|45850
12/07/2025,34,Back To Friends,sombr,33,31,14,88,Back To Friends|sombr|45850
12/07/2025,35,Backup Plan,Bailey Zimmerman & Luke Combs,36,35,9,82,Backup Plan|Bailey Zimmerman & Luke Combs|45850
12/07/2025,36,That's So True,Gracie Abrams,35,6,37,77,That's So True|Gracie Abrams|45850
12/07/2025,37,20 Cigarettes,Morgan Wallen,34,20,7,77,20 Cigarettes|Morgan Wallen|45850
12/07/2025,38,Timeless,The Weeknd & Playboi Carti,37,3,40,76,Timeless|The Weeknd & Playboi Carti|45850
12/07/2025,39,Burning Blue,Mariah The Scientist,38,25,9,76,Burning Blue|Mariah The Scientist|45850
12/07/2025,40,6 Months Later,Megan Moroney,30,30,2,75,6 Months Later|Megan Moroney|45850
12/07/2025,41,Messy,Lola Young,39,14,31,73,Messy|Lola Young|45850
12/07/2025,42,How It's Done,"HUNTR/X: EJAE, Audrey Nuna & REI AMI",-,42,1,73,"How It's Done|HUNTR/X: EJAE, Audrey Nuna & REI AMI|45850"
12/07/2025,43,The Giver,Chappell Roan,-,5,8,73,The Giver|Chappell Roan|45850
12/07/2025,44,Shake It To The Max (Fly),"MOLIY, Silent Addy, Skillibeng & Shenseea",44,44,7,70,"Shake It To The Max (Fly)|MOLIY, Silent Addy, Skillibeng & Shenseea|45850"
12/07/2025,45,After All The Bars Are Closed,Thomas Rhett,47,45,10,69,After All The Bars Are Closed|Thomas Rhett|45850
12/07/2025,46,Just Keep Watching,Tate McRae,55,33,5,69,Just Keep Watching|Tate McRae|45850
12/07/2025,47,I Ain't Coming Back,Morgan Wallen Featuring Post Malone,41,8,11,69,I Ain't Coming Back|Morgan Wallen Featuring Post Malone|45850
12/07/2025,48,Sports Car,Tate McRae,40,16,23,69,Sports Car|Tate McRae|45850
12/07/2025,49,Soda Pop,"Saja Boys: Andrew Choi, Neckwav, Danny Chung, Kevin Woo & samUIL Lee",-,49,1,68,"Soda Pop|Saja Boys: Andrew Choi, Neckwav, Danny Chung, Kevin Woo & samUIL Lee|45850"
12/07/2025,50,No One Noticed,The Marias,45,22,40,68,No One Noticed|The Marias|45850
12/07/2025,51,Wildflower,Billie Eilish,43,17,55,68,Wildflower|Billie Eilish|45850
12/07/2025,52,Superman,Morgan Wallen,42,8,8,66,Superman|Morgan Wallen|45850
12/07/2025,53,Happen To Me,Russell Dickerson,51,49,11,66,Happen To Me|Russell Dickerson|45850
12/07/2025,54,Somebody Loves Me,"PARTYNEXTDOOR, Drake & Cash Cobain",50,30,20,63,"Somebody Loves Me|PARTYNEXTDOOR, Drake & Cash Cobain|45850"
12/07/2025,55,What It Sounds Like,"HUNTR/X: EJAE, Audrey Nuna & REI AMI",-,55,1,63,"What It Sounds Like|HUNTR/X: EJAE, Audrey Nuna & REI AMI|45850"
12/07/2025,56,Amen,Shaboozey & Jelly Roll,59,56,10,59,Amen|Shaboozey & Jelly Roll|45850
12/07/2025,57,Azizam,Ed Sheeran,52,28,13,59,Azizam|Ed Sheeran|45850
12/07/2025,58,Free,Rumi & JINU: EJAE & Andrew Choi,-,58,1,59,Free|Rumi & JINU: EJAE & Andrew Choi|45850
12/07/2025,59,TN,Morgan Wallen,53,31,7,58,TN|Morgan Wallen|45850
12/07/2025,60,On My Mind,Alex Warren & ROSE,-,60,1,57,On My Mind|Alex Warren & ROSE|45850
12/07/2025,61,Indigo,Sam Barber Featuring Avery Anna,57,40,30,56,Indigo|Sam Barber Featuring Avery Anna|45850
12/07/2025,62,Whim Whamiee,PLUTO & YKNIECE,54,51,11,55,Whim Whamiee|PLUTO & YKNIECE|45850
12/07/2025,63,Dark Thoughts,Lil Tecca,48,28,16,54,Dark Thoughts|Lil Tecca|45850
12/07/2025,64,Takedown,"HUNTR/X: EJAE, Audrey Nuna & REI AMI",-,64,1,53,"Takedown|HUNTR/X: EJAE, Audrey Nuna & REI AMI|45850"
12/07/2025,65,Hard Fought Hallelujah,Brandon Lake X Jelly Roll,63,40,20,52,Hard Fought Hallelujah|Brandon Lake X Jelly Roll|45850
12/07/2025,66,House Again,Hudson Westbrook,68,66,11,51,House Again|Hudson Westbrook|45850
12/07/2025,67,Fix What You Didn't Break,Nate Smith,75,64,14,51,Fix What You Didn't Break|Nate Smith|45850
12/07/2025,68,Party 4 U,Charli xcx,56,55,11,51,Party 4 U|Charli xcx|45850
12/07/2025,69,Your Way's Better,Forrest Frank,62,61,11,51,Your Way's Better|Forrest Frank|45850
12/07/2025,70,Typa,GloRilla,60,42,4,50,Typa|GloRilla|45850
12/07/2025,71,Tu Sancho,Fuerza Regida,65,65,5,49,Tu Sancho|Fuerza Regida|45850
12/07/2025,72,I'm A Little Crazy,Morgan Wallen,67,17,15,48,I'm A Little Crazy|Morgan Wallen|45850
12/07/2025,73,Rather Lie,Playboi Carti & The Weeknd,76,4,16,48,Rather Lie|Playboi Carti & The Weeknd|45850
12/07/2025,74,Bottle Rockets,Scotty McCreery & Hootie & The Blowfish,80,74,2,47,Bottle Rockets|Scotty McCreery & Hootie & The Blowfish|45850
12/07/2025,75,Marlboro Rojo,Fuerza Regida,64,64,8,47,Marlboro Rojo|Fuerza Regida|45850
12/07/2025,76,Bloodline,Alex Warren With Jelly Roll,58,32,6,47,Bloodline|Alex Warren With Jelly Roll|45850
12/07/2025,77,Home,BigXthaPlug Featuring Shaboozey,-,77,1,47,Home|BigXthaPlug Featuring Shaboozey|45850
12/07/2025,78,Peekaboo,Kendrick Lamar Featuring AzChike,70,13,32,46,Peekaboo|Kendrick Lamar Featuring AzChike|45850
12/07/2025,79,Dark Til Daylight,Morgan Wallen,69,49,7,46,Dark Til Daylight|Morgan Wallen|45850
12/07/2025,80,Latina Foreva,Karol G,66,66,4,45,Latina Foreva|Karol G|45850
12/07/2025,81,Folded,Kehlani,79,76,3,45,Folded|Kehlani|45850
12/07/2025,82,FWU,Don Toliver,-,82,1,44,FWU|Don Toliver|45850
12/07/2025,83,Twilight Zone,Ariana Grande,71,18,13,44,Twilight Zone|Ariana Grande|45850
12/07/2025,84,OWA OWA,Lil Tecca,61,50,5,44,OWA OWA|Lil Tecca|45850
12/07/2025,85,What Was That,Lorde,-,36,4,43,What Was That|Lorde|45850
12/07/2025,86,Single Again,Josh Ross,89,86,3,42,Single Again|Josh Ross|45850
12/07/2025,87,Gabriela,KATSEYE,94,87,2,42,Gabriela|KATSEYE|45850
12/07/2025,88,EOO,Bad Bunny,78,24,24,42,EOO|Bad Bunny|45850
12/07/2025,89,Went West,BabyChiefDoit,-,89,1,41,Went West|BabyChiefDoit|45850
12/07/2025,90,Nice To Meet You,Myles Smith,84,84,5,41,Nice To Meet You|Myles Smith|45850
12/07/2025,91,Bodies,Offset & JID,72,72,2,41,Bodies|Offset & JID|45850
12/07/2025,92,This Heart,Corey Kent,82,82,2,41,This Heart|Corey Kent|45850
12/07/2025,93,Thought It Was Love,Ty Myers,85,79,7,41,Thought It Was Love|Ty Myers|45850
12/07/2025,94,Touch Me Like A Gangster,Jessie Murph,87,56,4,41,Touch Me Like A Gangster|Jessie Murph|45850
12/07/2025,95,Went Legit,G Herbo,-,95,1,40,Went Legit|G Herbo|45850
12/07/2025,96,Gnarly,KATSEYE,98,90,5,40,Gnarly|KATSEYE|45850
12/07/2025,97,Me Jalo,Fuerza Regida & Grupo Frontera,83,48,20,40,Me Jalo|Fuerza Regida & Grupo Frontera|45850
12/07/2025,98,Better Me For You (Brown Eyes),Max McNown,92,92,4,40,Better Me For You (Brown Eyes)|Max McNown|45850
12/07/2025,99,Bar None,Jordan Davis,-,99,1,40,Bar None|Jordan Davis|45850
12/07/2025,100,Eyes Are Closed,Morgan Wallen,86,22,7,40,Eyes Are Closed|Morgan Wallen|45850
05/07/2025,1,Ordinary,Alex Warren,1,1,20,218,Ordinary|Alex Warren|45843
05/07/2025,2,What I Want,Morgan Wallen Featuring Tate McRae,3,1,6,180,What I Want|Morgan Wallen Featuring Tate McRae|45843
05/07/2025,3,Manchild,Sabrina Carpenter,2,1,3,159,Manchild|Sabrina Carpenter|45843
05/07/2025,4,Just In Case,Morgan Wallen,4,2,14,157,Just In Case|Morgan Wallen|45843
05/07/2025,5,I'm The Problem,Morgan Wallen,6,2,21,152,I'm The Problem|Morgan Wallen|45843
05/07/2025,6,Luther,Kendrick Lamar & SZA,5,1,31,151,Luther|Kendrick Lamar & SZA|45843
05/07/2025,7,A Bar Song (Tipsy),Shaboozey,7,1,63,148,A Bar Song (Tipsy)|Shaboozey|45843
05/07/2025,8,Die With A Smile,Lady Gaga & Bruno Mars,8,1,45,141,Die With A Smile|Lady Gaga & Bruno Mars|45843
05/07/2025,9,Lose Control,Teddy Swims,9,1,97,138,Lose Control|Teddy Swims|45843
05/07/2025,10,Outside,Cardi B,-,10,1,133,Outside|Cardi B|45843
05/07/2025,11,Pink Pony Club,Chappell Roan,11,4,54,126,Pink Pony Club|Chappell Roan|45843
05/07/2025,12,Beautiful Things,Benson Boone,10,2,74,126,Beautiful Things|Benson Boone|45843
05/07/2025,13,I Had Some Help,Post Malone Featuring Morgan Wallen,13,1,59,120,I Had Some Help|Post Malone Featuring Morgan Wallen|45843
05/07/2025,14,Love Me Not,Ravyn Lenae,17,14,13,116,Love Me Not|Ravyn Lenae|45843
05/07/2025,15,Mutt,Leon Thomas,12,12,21,115,Mutt|Leon Thomas|45843
05/07/2025,16,Nokia,Drake,14,2,19,111,Nokia|Drake|45843
05/07/2025,17,Birds Of A Feather,Billie Eilish,15,2,58,111,Birds Of A Feather|Billie Eilish|45843
05/07/2025,18,Espresso,Sabrina Carpenter,16,3,63,108,Espresso|Sabrina Carpenter|45843
05/07/2025,19,Sorry I'm Here For Someone Else,Benson Boone,27,19,17,107,Sorry I'm Here For Someone Else|Benson Boone|45843
05/07/2025,20,I Got Better,Morgan Wallen,26,7,6,104,I Got Better|Morgan Wallen|45843
05/07/2025,21,Mystical Magical,Benson Boone,28,21,9,103,Mystical Magical|Benson Boone|45843
05/07/2025,22,Worst Way,Riley Green,21,20,24,102,Worst Way|Riley Green|45843
05/07/2025,23,All The Way,BigXthaPlug Featuring Bailey Zimmerman,19,4,12,102,All The Way|BigXthaPlug Featuring Bailey Zimmerman|45843
05/07/2025,24,Anxiety,Doechii,18,9,16,101,Anxiety|Doechii|45843
05/07/2025,25,Blue Strips,Jessie Murph,20,15,11,100,Blue Strips|Jessie Murph|45843
05/07/2025,26,Love Somebody,Morgan Wallen,22,1,36,98,Love Somebody|Morgan Wallen|45843
05/07/2025,27,Weren't For The Wind,Ella Langley,23,23,21,95,Weren't For The Wind|Ella Langley|45843
05/07/2025,28,APT.,ROSE & Bruno Mars,25,3,36,91,APT.|ROSE & Bruno Mars|45843
05/07/2025,29,30 For 30,SZA With Kendrick Lamar,24,10,27,91,30 For 30|SZA With Kendrick Lamar|45843
05/07/2025,30,6 Months Later,Megan Moroney,-,30,1,91,6 Months Later|Megan Moroney|45843
05/07/2025,31,Undressed,sombr,29,25,12,86,Undressed|sombr|45843
05/07/2025,32,Good News,Shaboozey,30,30,31,86,Good News|Shaboozey|45843
05/07/2025,33,Back To Friends,sombr,31,31,13,83,Back To Friends|sombr|45843
05/07/2025,34,20 Cigarettes,Morgan Wallen,32,20,6,77,20 Cigarettes|Morgan Wallen|45843
05/07/2025,35,That's So True,Gracie Abrams,35,6,36,77,That's So True|Gracie Abrams|45843
05/07/2025,36,Backup Plan,Bailey Zimmerman & Luke Combs,45,36,8,77,Backup Plan|Bailey Zimmerman & Luke Combs|45843
05/07/2025,37,Timeless,The Weeknd & Playboi Carti,36,3,39,76,Timeless|The Weeknd & Playboi Carti|45843
05/07/2025,38,Burning Blue,Mariah The Scientist,37,25,8,75,Burning Blue|Mariah The Scientist|45843
05/07/2025,39,Messy,Lola Young,39,14,30,75,Messy|Lola Young|45843
05/07/2025,40,Sports Car,Tate McRae,33,16,22,75,Sports Car|Tate McRae|45843
05/07/2025,41,I Ain't Coming Back,Morgan Wallen Featuring Post Malone,34,8,10,72,I Ain't Coming Back|Morgan Wallen Featuring Post Malone|45843
05/07/2025,42,Superman,Morgan Wallen,41,8,7,69,Superman|Morgan Wallen|45843
05/07/2025,43,Wildflower,Billie Eilish,44,17,54,68,Wildflower|Billie Eilish|45843
05/07/2025,44,Shake It To The Max (Fly),"MOLIY, Silent Addy, Skillibeng & Shenseea",47,44,6,66,"Shake It To The Max (Fly)|MOLIY, Silent Addy, Skillibeng & Shenseea|45843"
05/07/2025,45,No One Noticed,The Marias,46,22,39,66,No One Noticed|The Marias|45843
05/07/2025,46,TV Off,Kendrick Lamar Featuring Lefty Gunplay,43,2,31,66,TV Off|Kendrick Lamar Featuring Lefty Gunplay|45843
05/07/2025,47,After All The Bars Are Closed,Thomas Rhett,53,47,9,65,After All The Bars Are Closed|Thomas Rhett|45843
05/07/2025,48,Dark Thoughts,Lil Tecca,38,28,15,64,Dark Thoughts|Lil Tecca|45843
05/07/2025,49,Cry For Me,The Weeknd,48,12,21,64,Cry For Me|The Weeknd|45843
05/07/2025,50,Somebody Loves Me,"PARTYNEXTDOOR, Drake & Cash Cobain",54,30,19,64,"Somebody Loves Me|PARTYNEXTDOOR, Drake & Cash Cobain|45843"
05/07/2025,51,Happen To Me,Russell Dickerson,50,49,10,61,Happen To Me|Russell Dickerson|45843
05/07/2025,52,Azizam,Ed Sheeran,57,28,12,60,Azizam|Ed Sheeran|45843
05/07/2025,53,TN,Morgan Wallen,58,31,6,59,TN|Morgan Wallen|45843
05/07/2025,54,Whim Whamiee,PLUTO & YKNIECE,63,51,10,57,Whim Whamiee|PLUTO & YKNIECE|45843
05/07/2025,55,Just Keep Watching,Tate McRae,59,33,4,55,Just Keep Watching|Tate McRae|45843
05/07/2025,56,Party 4 U,Charli xcx,62,55,10,54,Party 4 U|Charli xcx|45843
05/07/2025,57,Indigo,Sam Barber Featuring Avery Anna,61,40,29,54,Indigo|Sam Barber Featuring Avery Anna|45843
05/07/2025,58,Bloodline,Alex Warren With Jelly Roll,55,32,5,53,Bloodline|Alex Warren With Jelly Roll|45843
05/07/2025,59,Amen,Shaboozey & Jelly Roll,64,59,9,53,Amen|Shaboozey & Jelly Roll|45843
05/07/2025,60,Typa,GloRilla,56,42,3,53,Typa|GloRilla|45843
05/07/2025,61,OWA OWA,Lil Tecca,51,50,4,52,OWA OWA|Lil Tecca|45843
05/07/2025,62,Your Way's Better,Forrest Frank,65,61,10,51,Your Way's Better|Forrest Frank|45843
05/07/2025,63,Hard Fought Hallelujah,Brandon Lake X Jelly Roll,52,40,19,51,Hard Fought Hallelujah|Brandon Lake X Jelly Roll|45843
05/07/2025,64,Marlboro Rojo,Fuerza Regida,72,64,7,51,Marlboro Rojo|Fuerza Regida|45843
05/07/2025,65,Tu Sancho,Fuerza Regida,73,65,4,51,Tu Sancho|Fuerza Regida|45843
05/07/2025,66,Latina Foreva,Karol G,-,66,3,50,Latina Foreva|Karol G|45843
05/07/2025,67,I'm A Little Crazy,Morgan Wallen,67,17,14,49,I'm A Little Crazy|Morgan Wallen|45843
05/07/2025,68,House Again,Hudson Westbrook,75,68,10,49,House Again|Hudson Westbrook|45843
05/07/2025,69,Dark Til Daylight,Morgan Wallen,66,49,6,49,Dark Til Daylight|Morgan Wallen|45843
05/07/2025,70,Peekaboo,Kendrick Lamar Featuring AzChike,68,13,31,49,Peekaboo|Kendrick Lamar Featuring AzChike|45843
05/07/2025,71,Twilight Zone,Ariana Grande,88,18,12,48,Twilight Zone|Ariana Grande|45843
05/07/2025,72,Bodies,Offset & JID,-,72,1,48,Bodies|Offset & JID|45843
05/07/2025,73,Mr Electric Blue,Benson Boone,-,73,1,48,Mr Electric Blue|Benson Boone|45843
05/07/2025,74,Papasito,Karol G,-,74,1,48,Papasito|Karol G|45843
05/07/2025,75,Fix What You Didn't Break,Nate Smith,77,64,13,47,Fix What You Didn't Break|Nate Smith|45843
05/07/2025,76,Rather Lie,Playboi Carti & The Weeknd,74,4,15,47,Rather Lie|Playboi Carti & The Weeknd|45843
05/07/2025,77,Your Idol,"Saja Boys: Andrew Choi, Neckwav, Danny Chung, Kevin Woo & samUIL Lee",-,77,1,45,"Your Idol|Saja Boys: Andrew Choi, Neckwav, Danny Chung, Kevin Woo & samUIL Lee|45843"
05/07/2025,78,EOO,Bad Bunny,81,24,23,44,EOO|Bad Bunny|45843
05/07/2025,79,Folded,Kehlani,76,76,2,44,Folded|Kehlani|45843
05/07/2025,80,Bottle Rockets,Scotty McCreery & Hootie & The Blowfish,-,80,1,43,Bottle Rockets|Scotty McCreery & Hootie & The Blowfish|45843
05/07/2025,81,Golden,"HUNTR/X: EJAE, Audrey Nuna & REI AMI",-,81,1,43,"Golden|HUNTR/X: EJAE, Audrey Nuna & REI AMI|45843"
05/07/2025,82,This Heart,Corey Kent,-,82,1,43,This Heart|Corey Kent|45843
05/07/2025,83,Me Jalo,Fuerza Regida & Grupo Frontera,80,48,19,43,Me Jalo|Fuerza Regida & Grupo Frontera|45843
05/07/2025,84,Nice To Meet You,Myles Smith,85,84,4,42,Nice To Meet You|Myles Smith|45843
05/07/2025,85,Thought It Was Love,Ty Myers,82,79,6,42,Thought It Was Love|Ty Myers|45843
05/07/2025,86,Eyes Are Closed,Morgan Wallen,79,22,6,42,Eyes Are Closed|Morgan Wallen|45843
05/07/2025,87,Touch Me Like A Gangster,Jessie Murph,71,56,3,42,Touch Me Like A Gangster|Jessie Murph|45843
05/07/2025,88,Backseat Driver,Kane Brown,60,60,16,41,Backseat Driver|Kane Brown|45843
05/07/2025,89,Single Again,Josh Ross,97,89,2,41,Single Again|Josh Ross|45843
05/07/2025,90,Killin' It Girl,J-Hope & GloRilla,40,40,2,41,Killin' It Girl|J-Hope & GloRilla|45843
05/07/2025,91,Where'd That Girl Go,Morgan Wallen,84,32,6,40,Where'd That Girl Go|Morgan Wallen|45843
05/07/2025,92,Better Me For You (Brown Eyes),Max McNown,96,92,3,40,Better Me For You (Brown Eyes)|Max McNown|45843
05/07/2025,93,Por Esos Ojos,Fuerza Regida,92,64,14,39,Por Esos Ojos|Fuerza Regida|45843
05/07/2025,94,Gabriela,KATSEYE,-,94,1,39,Gabriela|KATSEYE|45843
05/07/2025,95,Kick Myself,Morgan Wallen,86,21,6,39,Kick Myself|Morgan Wallen|45843
05/07/2025,96,Verano Rosa,Karol G & Feid,-,96,1,39,Verano Rosa|Karol G & Feid|45843
05/07/2025,97,Don't We,Morgan Wallen,-,48,4,38,Don't We|Morgan Wallen|45843
05/07/2025,98,Gnarly,KATSEYE,98,90,4,38,Gnarly|KATSEYE|45843
05/07/2025,99,Sapphire,Ed Sheeran,83,74,3,38,Sapphire|Ed Sheeran|45843
05/07/2025,100,Kiss Her In Front Of You,Morgan Wallen,87,34,6,38,Kiss Her In Front Of You|Morgan Wallen|45843
28/06/2025,1,Ordinary,Alex Warren,2,1,19,223,Ordinary|Alex Warren|45836
28/06/2025,2,Manchild,Sabrina Carpenter,1,1,2,176,Manchild|Sabrina Carpenter|45836
28/06/2025,3,What I Want,Morgan Wallen Featuring Tate McRae,3,1,5,175,What I Want|Morgan Wallen Featuring Tate McRae|45836
28/06/2025,4,Just In Case,Morgan Wallen,4,2,13,171,Just In Case|Morgan Wallen|45836
28/06/2025,5,Luther,Kendrick Lamar & SZA,5,1,30,160,Luther|Kendrick Lamar & SZA|45836
28/06/2025,6,I'm The Problem,Morgan Wallen,6,2,20,155,I'm The Problem|Morgan Wallen|45836
28/06/2025,7,A Bar Song (Tipsy),Shaboozey,7,1,62,148,A Bar Song (Tipsy)|Shaboozey|45836
28/06/2025,8,Die With A Smile,Lady Gaga & Bruno Mars,8,1,44,145,Die With A Smile|Lady Gaga & Bruno Mars|45836
28/06/2025,9,Lose Control,Teddy Swims,9,1,96,141,Lose Control|Teddy Swims|45836
28/06/2025,10,Beautiful Things,Benson Boone,10,2,73,128,Beautiful Things|Benson Boone|45836
28/06/2025,11,Pink Pony Club,Chappell Roan,11,4,53,125,Pink Pony Club|Chappell Roan|45836
28/06/2025,12,Mutt,Leon Thomas,14,12,20,121,Mutt|Leon Thomas|45836
28/06/2025,13,I Had Some Help,Post Malone Featuring Morgan Wallen,15,1,58,117,I Had Some Help|Post Malone Featuring Morgan Wallen|45836
28/06/2025,14,Nokia,Drake,12,2,18,114,Nokia|Drake|45836
28/06/2025,15,Birds Of A Feather,Billie Eilish,16,2,57,114,Birds Of A Feather|Billie Eilish|45836
28/06/2025,16,Espresso,Sabrina Carpenter,17,3,62,111,Espresso|Sabrina Carpenter|45836
28/06/2025,17,Love Me Not,Ravyn Lenae,23,17,12,111,Love Me Not|Ravyn Lenae|45836
28/06/2025,18,Anxiety,Doechii,13,9,15,111,Anxiety|Doechii|45836
28/06/2025,19,All The Way,BigXthaPlug Featuring Bailey Zimmerman,19,4,11,106,All The Way|BigXthaPlug Featuring Bailey Zimmerman|45836
28/06/2025,20,Blue Strips,Jessie Murph,18,15,10,105,Blue Strips|Jessie Murph|45836
28/06/2025,21,Worst Way,Riley Green,20,20,23,104,Worst Way|Riley Green|45836
28/06/2025,22,Love Somebody,Morgan Wallen,22,1,35,98,Love Somebody|Morgan Wallen|45836
28/06/2025,23,Weren't For The Wind,Ella Langley,28,23,20,93,Weren't For The Wind|Ella Langley|45836
28/06/2025,24,30 For 30,SZA With Kendrick Lamar,26,10,26,93,30 For 30|SZA With Kendrick Lamar|45836
28/06/2025,25,APT.,ROSE & Bruno Mars,24,3,35,91,APT.|ROSE & Bruno Mars|45836
28/06/2025,26,I Got Better,Morgan Wallen,21,7,5,91,I Got Better|Morgan Wallen|45836
28/06/2025,27,Sorry I'm Here For Someone Else,Benson Boone,31,27,16,90,Sorry I'm Here For Someone Else|Benson Boone|45836
28/06/2025,28,Mystical Magical,Benson Boone,30,28,8,86,Mystical Magical|Benson Boone|45836
28/06/2025,29,Undressed,sombr,34,25,11,85,Undressed|sombr|45836
28/06/2025,30,Good News,Shaboozey,39,30,30,83,Good News|Shaboozey|45836
28/06/2025,31,Back To Friends,sombr,32,31,12,82,Back To Friends|sombr|45836
28/06/2025,32,20 Cigarettes,Morgan Wallen,29,20,5,80,20 Cigarettes|Morgan Wallen|45836
28/06/2025,33,Sports Car,Tate McRae,27,16,21,80,Sports Car|Tate McRae|45836
28/06/2025,34,I Ain't Coming Back,Morgan Wallen Featuring Post Malone,25,8,9,79,I Ain't Coming Back|Morgan Wallen Featuring Post Malone|45836
28/06/2025,35,That's So True,Gracie Abrams,35,6,35,79,That's So True|Gracie Abrams|45836
28/06/2025,36,Timeless,The Weeknd & Playboi Carti,33,3,38,79,Timeless|The Weeknd & Playboi Carti|45836
28/06/2025,37,Burning Blue,Mariah The Scientist,40,25,7,79,Burning Blue|Mariah The Scientist|45836
28/06/2025,38,Dark Thoughts,Lil Tecca,63,28,14,78,Dark Thoughts|Lil Tecca|45836
28/06/2025,39,Messy,Lola Young,37,14,29,77,Messy|Lola Young|45836
28/06/2025,40,Killin' It Girl,J-Hope & GloRilla,-,40,1,73,Killin' It Girl|J-Hope & GloRilla|45836
28/06/2025,41,Superman,Morgan Wallen,38,8,6,73,Superman|Morgan Wallen|45836
28/06/2025,42,Abracadabra,Lady Gaga,41,13,20,73,Abracadabra|Lady Gaga|45836
28/06/2025,43,TV Off,Kendrick Lamar Featuring Lefty Gunplay,43,2,30,71,TV Off|Kendrick Lamar Featuring Lefty Gunplay|45836
28/06/2025,44,Wildflower,Billie Eilish,44,17,53,71,Wildflower|Billie Eilish|45836
28/06/2025,45,Backup Plan,Bailey Zimmerman & Luke Combs,48,36,7,68,Backup Plan|Bailey Zimmerman & Luke Combs|45836
28/06/2025,46,No One Noticed,The Marias,47,22,38,68,No One Noticed|The Marias|45836
28/06/2025,47,Shake It To The Max (Fly),"MOLIY, Silent Addy, Skillibeng & Shenseea",55,47,5,68,"Shake It To The Max (Fly)|MOLIY, Silent Addy, Skillibeng & Shenseea|45836"
28/06/2025,48,Cry For Me,The Weeknd,46,12,20,67,Cry For Me|The Weeknd|45836
28/06/2025,49,Squabble Up,Kendrick Lamar,50,1,30,65,Squabble Up|Kendrick Lamar|45836
28/06/2025,50,Happen To Me,Russell Dickerson,49,49,9,64,Happen To Me|Russell Dickerson|45836
28/06/2025,51,OWA OWA,Lil Tecca,69,50,3,64,OWA OWA|Lil Tecca|45836
28/06/2025,52,Hard Fought Hallelujah,Brandon Lake X Jelly Roll,75,40,18,64,Hard Fought Hallelujah|Brandon Lake X Jelly Roll|45836
28/06/2025,53,After All The Bars Are Closed,Thomas Rhett,58,53,8,64,After All The Bars Are Closed|Thomas Rhett|45836
28/06/2025,54,Somebody Loves Me,"PARTYNEXTDOOR, Drake & Cash Cobain",57,30,18,63,"Somebody Loves Me|PARTYNEXTDOOR, Drake & Cash Cobain|45836"
28/06/2025,55,Bloodline,Alex Warren With Jelly Roll,53,32,4,62,Bloodline|Alex Warren With Jelly Roll|45836
28/06/2025,56,Typa,GloRilla,42,42,2,61,Typa|GloRilla|45836
28/06/2025,57,Azizam,Ed Sheeran,59,28,11,60,Azizam|Ed Sheeran|45836
28/06/2025,58,TN,Morgan Wallen,52,31,5,59,TN|Morgan Wallen|45836
28/06/2025,59,Just Keep Watching,Tate McRae,51,33,3,59,Just Keep Watching|Tate McRae|45836
28/06/2025,60,Backseat Driver,Kane Brown,76,60,15,58,Backseat Driver|Kane Brown|45836
28/06/2025,61,Indigo,Sam Barber Featuring Avery Anna,67,40,28,57,Indigo|Sam Barber Featuring Avery Anna|45836
28/06/2025,62,Party 4 U,Charli xcx,64,55,9,57,Party 4 U|Charli xcx|45836
28/06/2025,63,Whim Whamiee,PLUTO & YKNIECE,66,51,9,55,Whim Whamiee|PLUTO & YKNIECE|45836
28/06/2025,64,Amen,Shaboozey & Jelly Roll,81,64,8,55,Amen|Shaboozey & Jelly Roll|45836
28/06/2025,65,Your Way's Better,Forrest Frank,68,61,9,52,Your Way's Better|Forrest Frank|45836
28/06/2025,66,Dark Til Daylight,Morgan Wallen,60,49,5,52,Dark Til Daylight|Morgan Wallen|45836
28/06/2025,67,I'm A Little Crazy,Morgan Wallen,70,17,13,51,I'm A Little Crazy|Morgan Wallen|45836
28/06/2025,68,Peekaboo,Kendrick Lamar Featuring AzChike,72,13,30,51,Peekaboo|Kendrick Lamar Featuring AzChike|45836
28/06/2025,69,Lemon Drop,ATEEZ,-,69,1,50,Lemon Drop|ATEEZ|45836
28/06/2025,70,Won't Stop,Gunna,-,70,1,49,Won't Stop|Gunna|45836
28/06/2025,71,Touch Me Like A Gangster,Jessie Murph,56,56,2,49,Touch Me Like A Gangster|Jessie Murph|45836
28/06/2025,72,Marlboro Rojo,Fuerza Regida,77,71,6,48,Marlboro Rojo|Fuerza Regida|45836
28/06/2025,73,Tu Sancho,Fuerza Regida,83,73,3,48,Tu Sancho|Fuerza Regida|45836
28/06/2025,74,Rather Lie,Playboi Carti & The Weeknd,80,4,14,48,Rather Lie|Playboi Carti & The Weeknd|45836
28/06/2025,75,House Again,Hudson Westbrook,78,72,9,48,House Again|Hudson Westbrook|45836
28/06/2025,76,Folded,Kehlani,-,76,1,47,Folded|Kehlani|45836
28/06/2025,77,Fix What You Didn't Break,Nate Smith,88,64,12,45,Fix What You Didn't Break|Nate Smith|45836
28/06/2025,78,Half The Plot,Lil Tecca,-,78,1,44,Half The Plot|Lil Tecca|45836
28/06/2025,79,Eyes Are Closed,Morgan Wallen,71,22,5,44,Eyes Are Closed|Morgan Wallen|45836
28/06/2025,80,Me Jalo,Fuerza Regida & Grupo Frontera,86,48,18,44,Me Jalo|Fuerza Regida & Grupo Frontera|45836
28/06/2025,81,EOO,Bad Bunny,92,24,22,44,EOO|Bad Bunny|45836
28/06/2025,82,Thought It Was Love,Ty Myers,82,79,5,44,Thought It Was Love|Ty Myers|45836
28/06/2025,83,Sapphire,Ed Sheeran,74,74,2,43,Sapphire|Ed Sheeran|45836
28/06/2025,84,Where'd That Girl Go,Morgan Wallen,79,32,5,43,Where'd That Girl Go|Morgan Wallen|45836
28/06/2025,85,Nice To Meet You,Myles Smith,99,85,3,42,Nice To Meet You|Myles Smith|45836
28/06/2025,86,Kick Myself,Morgan Wallen,84,21,5,42,Kick Myself|Morgan Wallen|45836
28/06/2025,87,Kiss Her In Front Of You,Morgan Wallen,91,34,5,41,Kiss Her In Front Of You|Morgan Wallen|45836
28/06/2025,88,Twilight Zone,Ariana Grande,-,18,11,41,Twilight Zone|Ariana Grande|45836
28/06/2025,89,Holy Blindfold,Chris Brown,-,89,1,41,Holy Blindfold|Chris Brown|45836
28/06/2025,90,"Skoal, Chevy, And Browning",Morgan Wallen,85,29,5,40,"Skoal, Chevy, And Browning|Morgan Wallen|45836"
28/06/2025,91,Hip-Hop,Lil Wayne & BigXthaPlug Featuring Jay Jones,36,36,2,40,Hip-Hop|Lil Wayne & BigXthaPlug Featuring Jay Jones|45836
28/06/2025,92,Por Esos Ojos,Fuerza Regida,100,64,13,40,Por Esos Ojos|Fuerza Regida|45836
28/06/2025,93,Sparks,Coldplay,-,93,1,40,Sparks|Coldplay|45836
28/06/2025,94,If You Were Mine,Morgan Wallen,89,41,5,39,If You Were Mine|Morgan Wallen|45836
28/06/2025,95,Fame Is A Gun,Addison Rae,73,73,3,39,Fame Is A Gun|Addison Rae|45836
28/06/2025,96,Better Me For You (Brown Eyes),Max McNown,-,96,2,39,Better Me For You (Brown Eyes)|Max McNown|45836
28/06/2025,97,Single Again,Josh Ross,-,97,1,38,Single Again|Josh Ross|45836
28/06/2025,98,Gnarly,KATSEYE,90,90,3,38,Gnarly|KATSEYE|45836
28/06/2025,99,Cliche,MGK,94,62,4,38,Cliche|MGK|45836
28/06/2025,100,Falling Apart,Morgan Wallen,87,25,5,38,Falling Apart|Morgan Wallen|45836
21/06/2025,1,Manchild,Sabrina Carpenter,-,1,1,225,Manchild|Sabrina Carpenter|45829
21/06/2025,2,Ordinary,Alex Warren,1,1,18,217,Ordinary|Alex Warren|45829
21/06/2025,3,What I Want,Morgan Wallen Featuring Tate McRae,2,1,4,176,What I Want|Morgan Wallen Featuring Tate McRae|45829
21/06/2025,4,Just In Case,Morgan Wallen,3,2,12,174,Just In Case|Morgan Wallen|45829
21/06/2025,5,Luther,Kendrick Lamar & SZA,4,1,29,168,Luther|Kendrick Lamar & SZA|45829
21/06/2025,6,I'm The Problem,Morgan Wallen,5,2,19,165,I'm The Problem|Morgan Wallen|45829
21/06/2025,7,A Bar Song (Tipsy),Shaboozey,6,1,61,152,A Bar Song (Tipsy)|Shaboozey|45829
21/06/2025,8,Die With A Smile,Lady Gaga & Bruno Mars,7,1,43,146,Die With A Smile|Lady Gaga & Bruno Mars|45829
21/06/2025,9,Lose Control,Teddy Swims,8,1,95,142,Lose Control|Teddy Swims|45829
21/06/2025,10,Beautiful Things,Benson Boone,9,2,72,131,Beautiful Things|Benson Boone|45829
21/06/2025,11,Pink Pony Club,Chappell Roan,12,4,52,128,Pink Pony Club|Chappell Roan|45829
21/06/2025,12,Nokia,Drake,10,2,17,121,Nokia|Drake|45829
21/06/2025,13,Anxiety,Doechii,11,9,14,119,Anxiety|Doechii|45829
21/06/2025,14,Mutt,Leon Thomas,14,13,19,119,Mutt|Leon Thomas|45829
21/06/2025,15,I Had Some Help,Post Malone Featuring Morgan Wallen,15,1,57,117,I Had Some Help|Post Malone Featuring Morgan Wallen|45829
21/06/2025,16,Birds Of A Feather,Billie Eilish,13,2,56,117,Birds Of A Feather|Billie Eilish|45829
21/06/2025,17,Espresso,Sabrina Carpenter,20,3,61,113,Espresso|Sabrina Carpenter|45829
21/06/2025,18,Blue Strips,Jessie Murph,16,15,9,113,Blue Strips|Jessie Murph|45829
21/06/2025,19,All The Way,BigXthaPlug Featuring Bailey Zimmerman,18,4,10,110,All The Way|BigXthaPlug Featuring Bailey Zimmerman|45829
21/06/2025,20,Worst Way,Riley Green,23,20,22,104,Worst Way|Riley Green|45829
21/06/2025,21,I Got Better,Morgan Wallen,17,7,4,102,I Got Better|Morgan Wallen|45829
21/06/2025,22,Love Somebody,Morgan Wallen,19,1,34,101,Love Somebody|Morgan Wallen|45829
21/06/2025,23,Love Me Not,Ravyn Lenae,36,23,11,101,Love Me Not|Ravyn Lenae|45829
21/06/2025,24,APT.,ROSE & Bruno Mars,24,3,34,95,APT.|ROSE & Bruno Mars|45829
21/06/2025,25,I Ain't Coming Back,Morgan Wallen Featuring Post Malone,21,8,8,93,I Ain't Coming Back|Morgan Wallen Featuring Post Malone|45829
21/06/2025,26,30 For 30,SZA With Kendrick Lamar,28,10,25,92,30 For 30|SZA With Kendrick Lamar|45829
21/06/2025,27,Sports Car,Tate McRae,22,16,20,91,Sports Car|Tate McRae|45829
21/06/2025,28,Weren't For The Wind,Ella Langley,30,28,19,91,Weren't For The Wind|Ella Langley|45829
21/06/2025,29,20 Cigarettes,Morgan Wallen,27,20,4,90,20 Cigarettes|Morgan Wallen|45829
21/06/2025,30,Mystical Magical,Benson Boone,35,30,7,88,Mystical Magical|Benson Boone|45829
21/06/2025,31,Sorry I'm Here For Someone Else,Benson Boone,32,30,15,86,Sorry I'm Here For Someone Else|Benson Boone|45829
21/06/2025,32,Back To Friends,sombr,38,32,11,85,Back To Friends|sombr|45829
21/06/2025,33,Timeless,The Weeknd & Playboi Carti,31,3,37,84,Timeless|The Weeknd & Playboi Carti|45829
21/06/2025,34,Undressed,sombr,25,25,10,84,Undressed|sombr|45829
21/06/2025,35,That's So True,Gracie Abrams,37,6,34,83,That's So True|Gracie Abrams|45829
21/06/2025,36,Hip-Hop,Lil Wayne & BigXthaPlug Featuring Jay Jones,-,36,1,82,Hip-Hop|Lil Wayne & BigXthaPlug Featuring Jay Jones|45829
21/06/2025,37,Messy,Lola Young,29,14,28,82,Messy|Lola Young|45829
21/06/2025,38,Superman,Morgan Wallen,26,8,5,80,Superman|Morgan Wallen|45829
21/06/2025,39,Good News,Shaboozey,44,34,29,80,Good News|Shaboozey|45829
21/06/2025,40,Burning Blue,Mariah The Scientist,41,25,6,79,Burning Blue|Mariah The Scientist|45829
21/06/2025,41,Abracadabra,Lady Gaga,42,13,19,77,Abracadabra|Lady Gaga|45829
21/06/2025,42,Typa,GloRilla,-,42,1,76,Typa|GloRilla|45829
21/06/2025,43,TV Off,Kendrick Lamar Featuring Lefty Gunplay,40,2,29,76,TV Off|Kendrick Lamar Featuring Lefty Gunplay|45829
21/06/2025,44,Wildflower,Billie Eilish,48,17,52,73,Wildflower|Billie Eilish|45829
21/06/2025,45,Am I Okay?,Megan Moroney,34,34,40,72,Am I Okay?|Megan Moroney|45829
21/06/2025,46,Cry For Me,The Weeknd,46,12,19,72,Cry For Me|The Weeknd|45829
21/06/2025,47,No One Noticed,The Marias,39,22,37,72,No One Noticed|The Marias|45829
21/06/2025,48,Backup Plan,Bailey Zimmerman & Luke Combs,52,36,6,71,Backup Plan|Bailey Zimmerman & Luke Combs|45829
21/06/2025,49,Happen To Me,Russell Dickerson,54,49,8,71,Happen To Me|Russell Dickerson|45829
21/06/2025,50,Squabble Up,Kendrick Lamar,47,1,29,69,Squabble Up|Kendrick Lamar|45829
21/06/2025,51,Just Keep Watching,Tate McRae,33,33,2,68,Just Keep Watching|Tate McRae|45829
21/06/2025,52,TN,Morgan Wallen,43,31,4,68,TN|Morgan Wallen|45829
21/06/2025,53,Bloodline,Alex Warren With Jelly Roll,45,32,3,66,Bloodline|Alex Warren With Jelly Roll|45829
21/06/2025,54,Sharks,"Lil Wayne, Jelly Roll & Big Sean",-,54,1,66,"Sharks|Lil Wayne, Jelly Roll & Big Sean|45829"
21/06/2025,55,Shake It To The Max (Fly),"MOLIY, Silent Addy, Skillibeng & Shenseea",56,55,4,65,"Shake It To The Max (Fly)|MOLIY, Silent Addy, Skillibeng & Shenseea|45829"
21/06/2025,56,Touch Me Like A Gangster,Jessie Murph,-,56,1,64,Touch Me Like A Gangster|Jessie Murph|45829
21/06/2025,57,Somebody Loves Me,"PARTYNEXTDOOR, Drake & Cash Cobain",59,30,17,64,"Somebody Loves Me|PARTYNEXTDOOR, Drake & Cash Cobain|45829"
21/06/2025,58,After All The Bars Are Closed,Thomas Rhett,60,58,7,62,After All The Bars Are Closed|Thomas Rhett|45829
21/06/2025,59,Azizam,Ed Sheeran,61,28,10,61,Azizam|Ed Sheeran|45829
21/06/2025,60,Dark Til Daylight,Morgan Wallen,49,49,4,60,Dark Til Daylight|Morgan Wallen|45829
21/06/2025,61,Banned From NO,Lil Wayne,-,61,1,60,Banned From NO|Lil Wayne|45829
21/06/2025,62,Welcome To Tha Carter,Lil Wayne,-,62,1,59,Welcome To Tha Carter|Lil Wayne|45829
21/06/2025,63,Dark Thoughts,Lil Tecca,53,28,13,59,Dark Thoughts|Lil Tecca|45829
21/06/2025,64,Party 4 U,Charli xcx,62,55,8,59,Party 4 U|Charli xcx|45829
21/06/2025,65,Bells,Lil Wayne,-,65,1,58,Bells|Lil Wayne|45829
21/06/2025,66,Whim Whamiee,PLUTO & YKNIECE,51,51,8,58,Whim Whamiee|PLUTO & YKNIECE|45829
21/06/2025,67,Indigo,Sam Barber Featuring Avery Anna,65,40,27,57,Indigo|Sam Barber Featuring Avery Anna|45829
21/06/2025,68,Your Way's Better,Forrest Frank,63,61,8,56,Your Way's Better|Forrest Frank|45829
21/06/2025,69,OWA OWA,Lil Tecca,50,50,2,56,OWA OWA|Lil Tecca|45829
21/06/2025,70,I'm A Little Crazy,Morgan Wallen,57,17,12,55,I'm A Little Crazy|Morgan Wallen|45829
21/06/2025,71,Eyes Are Closed,Morgan Wallen,55,22,4,53,Eyes Are Closed|Morgan Wallen|45829
21/06/2025,72,Peekaboo,Kendrick Lamar Featuring AzChike,67,13,29,53,Peekaboo|Kendrick Lamar Featuring AzChike|45829
21/06/2025,73,Fame Is A Gun,Addison Rae,94,73,2,52,Fame Is A Gun|Addison Rae|45829
21/06/2025,74,Sapphire,Ed Sheeran,-,74,1,51,Sapphire|Ed Sheeran|45829
21/06/2025,75,Hard Fought Hallelujah,Brandon Lake X Jelly Roll,72,40,17,51,Hard Fought Hallelujah|Brandon Lake X Jelly Roll|45829
21/06/2025,76,Backseat Driver,Kane Brown,73,67,14,51,Backseat Driver|Kane Brown|45829
21/06/2025,77,Marlboro Rojo,Fuerza Regida,71,71,5,50,Marlboro Rojo|Fuerza Regida|45829
21/06/2025,78,House Again,Hudson Westbrook,79,72,8,49,House Again|Hudson Westbrook|45829
21/06/2025,79,Where'd That Girl Go,Morgan Wallen,64,32,4,49,Where'd That Girl Go|Morgan Wallen|45829
21/06/2025,80,Rather Lie,Playboi Carti & The Weeknd,83,4,13,48,Rather Lie|Playboi Carti & The Weeknd|45829
21/06/2025,81,Amen,Shaboozey & Jelly Roll,75,64,7,48,Amen|Shaboozey & Jelly Roll|45829
21/06/2025,82,Thought It Was Love,Ty Myers,88,79,4,47,Thought It Was Love|Ty Myers|45829
21/06/2025,83,Tu Sancho,Fuerza Regida,81,81,2,47,Tu Sancho|Fuerza Regida|45829
21/06/2025,84,Kick Myself,Morgan Wallen,58,21,4,46,Kick Myself|Morgan Wallen|45829
21/06/2025,85,"Skoal, Chevy, And Browning",Morgan Wallen,66,29,4,46,"Skoal, Chevy, And Browning|Morgan Wallen|45829"
21/06/2025,86,Me Jalo,Fuerza Regida & Grupo Frontera,76,48,17,46,Me Jalo|Fuerza Regida & Grupo Frontera|45829
21/06/2025,87,Falling Apart,Morgan Wallen,68,25,4,45,Falling Apart|Morgan Wallen|45829
21/06/2025,88,Fix What You Didn't Break,Nate Smith,90,64,11,45,Fix What You Didn't Break|Nate Smith|45829
21/06/2025,89,If You Were Mine,Morgan Wallen,69,41,4,45,If You Were Mine|Morgan Wallen|45829
21/06/2025,90,Gnarly,KATSEYE,-,90,2,45,Gnarly|KATSEYE|45829
21/06/2025,91,Kiss Her In Front Of You,Morgan Wallen,70,34,4,45,Kiss Her In Front Of You|Morgan Wallen|45829
21/06/2025,92,EOO,Bad Bunny,84,24,21,45,EOO|Bad Bunny|45829
21/06/2025,93,Cotton Candy,Lil Wayne & 2 Chainz,-,93,1,44,Cotton Candy|Lil Wayne & 2 Chainz|45829
21/06/2025,94,Cliche,MGK,78,62,3,43,Cliche|MGK|45829
21/06/2025,95,Type Dangerous,Mariah Carey,-,95,1,41,Type Dangerous|Mariah Carey|45829
21/06/2025,96,Missing,Morgan Wallen,74,42,4,41,Missing|Morgan Wallen|45829
21/06/2025,97,King Carter,Lil Wayne,-,97,1,41,King Carter|Lil Wayne|45829
21/06/2025,98,Busy Woman,Sabrina Carpenter,91,27,16,40,Busy Woman|Sabrina Carpenter|45829
21/06/2025,99,Nice To Meet You,Myles Smith,100,99,2,40,Nice To Meet You|Myles Smith|45829
21/06/2025,100,Por Esos Ojos,Fuerza Regida,93,64,12,40,Por Esos Ojos|Fuerza Regida|45829
14/06/2025,1,Ordinary,Alex Warren,1,1,17,212,Ordinary|Alex Warren|45822
14/06/2025,2,What I Want,Morgan Wallen Featuring Tate McRae,2,1,3,188,What I Want|Morgan Wallen Featuring Tate McRae|45822
14/06/2025,3,Just In Case,Morgan Wallen,3,2,11,185,Just In Case|Morgan Wallen|45822
14/06/2025,4,Luther,Kendrick Lamar & SZA,5,1,28,179,Luther|Kendrick Lamar & SZA|45822
14/06/2025,5,I'm The Problem,Morgan Wallen,4,2,18,176,I'm The Problem|Morgan Wallen|45822
14/06/2025,6,A Bar Song (Tipsy),Shaboozey,6,1,60,153,A Bar Song (Tipsy)|Shaboozey|45822
14/06/2025,7,Die With A Smile,Lady Gaga & Bruno Mars,7,1,42,152,Die With A Smile|Lady Gaga & Bruno Mars|45822
14/06/2025,8,Lose Control,Teddy Swims,8,1,94,143,Lose Control|Teddy Swims|45822
14/06/2025,9,Beautiful Things,Benson Boone,10,2,71,136,Beautiful Things|Benson Boone|45822
14/06/2025,10,Nokia,Drake,9,2,16,131,Nokia|Drake|45822
14/06/2025,11,Anxiety,Doechii,11,9,13,130,Anxiety|Doechii|45822
14/06/2025,12,Pink Pony Club,Chappell Roan,12,4,51,128,Pink Pony Club|Chappell Roan|45822
14/06/2025,13,Birds Of A Feather,Billie Eilish,13,2,55,122,Birds Of A Feather|Billie Eilish|45822
14/06/2025,14,Mutt,Leon Thomas,18,13,18,119,Mutt|Leon Thomas|45822
14/06/2025,15,I Had Some Help,Post Malone Featuring Morgan Wallen,16,1,56,119,I Had Some Help|Post Malone Featuring Morgan Wallen|45822
14/06/2025,16,Blue Strips,Jessie Murph,24,15,8,116,Blue Strips|Jessie Murph|45822
14/06/2025,17,I Got Better,Morgan Wallen,15,7,3,114,I Got Better|Morgan Wallen|45822
14/06/2025,18,All The Way,BigXthaPlug Featuring Bailey Zimmerman,19,4,9,113,All The Way|BigXthaPlug Featuring Bailey Zimmerman|45822
14/06/2025,19,Love Somebody,Morgan Wallen,14,1,33,110,Love Somebody|Morgan Wallen|45822
14/06/2025,20,Espresso,Sabrina Carpenter,21,3,60,109,Espresso|Sabrina Carpenter|45822
14/06/2025,21,I Ain't Coming Back,Morgan Wallen Featuring Post Malone,17,8,7,103,I Ain't Coming Back|Morgan Wallen Featuring Post Malone|45822
14/06/2025,22,Sports Car,Tate McRae,25,16,19,101,Sports Car|Tate McRae|45822
14/06/2025,23,Worst Way,Riley Green,26,23,21,101,Worst Way|Riley Green|45822
14/06/2025,24,APT.,ROSE & Bruno Mars,22,3,33,100,APT.|ROSE & Bruno Mars|45822
14/06/2025,25,Undressed,sombr,29,25,9,99,Undressed|sombr|45822
14/06/2025,26,Superman,Morgan Wallen,20,8,4,96,Superman|Morgan Wallen|45822
14/06/2025,27,20 Cigarettes,Morgan Wallen,23,20,3,94,20 Cigarettes|Morgan Wallen|45822
14/06/2025,28,30 For 30,SZA With Kendrick Lamar,31,10,24,94,30 For 30|SZA With Kendrick Lamar|45822
14/06/2025,29,Messy,Lola Young,27,14,27,93,Messy|Lola Young|45822
14/06/2025,30,Weren't For The Wind,Ella Langley,34,30,18,92,Weren't For The Wind|Ella Langley|45822
14/06/2025,31,Timeless,The Weeknd & Playboi Carti,28,3,36,90,Timeless|The Weeknd & Playboi Carti|45822
14/06/2025,32,Sorry I'm Here For Someone Else,Benson Boone,30,30,14,89,Sorry I'm Here For Someone Else|Benson Boone|45822
14/06/2025,33,Just Keep Watching,Tate McRae,-,33,1,87,Just Keep Watching|Tate McRae|45822
14/06/2025,34,Am I Okay?,Megan Moroney,40,34,39,87,Am I Okay?|Megan Moroney|45822
14/06/2025,35,Mystical Magical,Benson Boone,42,35,6,86,Mystical Magical|Benson Boone|45822
14/06/2025,36,Love Me Not,Ravyn Lenae,37,36,10,85,Love Me Not|Ravyn Lenae|45822
14/06/2025,37,That's So True,Gracie Abrams,33,6,33,84,That's So True|Gracie Abrams|45822
14/06/2025,38,Back To Friends,sombr,36,36,10,83,Back To Friends|sombr|45822
14/06/2025,39,No One Noticed,The Marias,39,22,36,80,No One Noticed|The Marias|45822
14/06/2025,40,TV Off,Kendrick Lamar Featuring Lefty Gunplay,38,2,28,80,TV Off|Kendrick Lamar Featuring Lefty Gunplay|45822
14/06/2025,41,Burning Blue,Mariah The Scientist,35,25,5,80,Burning Blue|Mariah The Scientist|45822
14/06/2025,42,Abracadabra,Lady Gaga,41,13,18,79,Abracadabra|Lady Gaga|45822
14/06/2025,43,TN,Morgan Wallen,48,31,3,77,TN|Morgan Wallen|45822
14/06/2025,44,Good News,Shaboozey,46,34,28,77,Good News|Shaboozey|45822
14/06/2025,45,Bloodline,Alex Warren With Jelly Roll,32,32,2,75,Bloodline|Alex Warren With Jelly Roll|45822
14/06/2025,46,Cry For Me,The Weeknd,47,12,18,75,Cry For Me|The Weeknd|45822
14/06/2025,47,Squabble Up,Kendrick Lamar,43,1,28,74,Squabble Up|Kendrick Lamar|45822
14/06/2025,48,Wildflower,Billie Eilish,44,17,51,72,Wildflower|Billie Eilish|45822
14/06/2025,49,Dark Til Daylight,Morgan Wallen,49,49,3,70,Dark Til Daylight|Morgan Wallen|45822
14/06/2025,50,OWA OWA,Lil Tecca,-,50,1,69,OWA OWA|Lil Tecca|45822
14/06/2025,51,Whim Whamiee,PLUTO & YKNIECE,75,51,7,69,Whim Whamiee|PLUTO & YKNIECE|45822
14/06/2025,52,Backup Plan,Bailey Zimmerman & Luke Combs,52,36,5,68,Backup Plan|Bailey Zimmerman & Luke Combs|45822
14/06/2025,53,Dark Thoughts,Lil Tecca,56,28,12,66,Dark Thoughts|Lil Tecca|45822
14/06/2025,54,Happen To Me,Russell Dickerson,59,54,7,65,Happen To Me|Russell Dickerson|45822
14/06/2025,55,Eyes Are Closed,Morgan Wallen,45,22,3,65,Eyes Are Closed|Morgan Wallen|45822
14/06/2025,56,Shake It To The Max (Fly),"MOLIY, Silent Addy, Skillibeng & Shenseea",65,56,3,64,"Shake It To The Max (Fly)|MOLIY, Silent Addy, Skillibeng & Shenseea|45822"
14/06/2025,57,I'm A Little Crazy,Morgan Wallen,51,17,11,63,I'm A Little Crazy|Morgan Wallen|45822
14/06/2025,58,Kick Myself,Morgan Wallen,50,21,3,63,Kick Myself|Morgan Wallen|45822
14/06/2025,59,Somebody Loves Me,"PARTYNEXTDOOR, Drake & Cash Cobain",63,30,16,62,"Somebody Loves Me|PARTYNEXTDOOR, Drake & Cash Cobain|45822"
14/06/2025,60,After All The Bars Are Closed,Thomas Rhett,64,60,6,61,After All The Bars Are Closed|Thomas Rhett|45822
14/06/2025,61,Azizam,Ed Sheeran,61,28,9,61,Azizam|Ed Sheeran|45822
14/06/2025,62,Party 4 U,Charli xcx,60,55,7,60,Party 4 U|Charli xcx|45822
14/06/2025,63,Your Way's Better,Forrest Frank,69,61,7,58,Your Way's Better|Forrest Frank|45822
14/06/2025,64,Where'd That Girl Go,Morgan Wallen,53,32,3,58,Where'd That Girl Go|Morgan Wallen|45822
14/06/2025,65,Indigo,Sam Barber Featuring Avery Anna,66,40,26,58,Indigo|Sam Barber Featuring Avery Anna|45822
14/06/2025,66,"Skoal, Chevy, And Browning",Morgan Wallen,54,29,3,56,"Skoal, Chevy, And Browning|Morgan Wallen|45822"
14/06/2025,67,Peekaboo,Kendrick Lamar Featuring AzChike,70,13,28,55,Peekaboo|Kendrick Lamar Featuring AzChike|45822
14/06/2025,68,Falling Apart,Morgan Wallen,55,25,3,55,Falling Apart|Morgan Wallen|45822
14/06/2025,69,If You Were Mine,Morgan Wallen,58,41,3,54,If You Were Mine|Morgan Wallen|45822
14/06/2025,70,Kiss Her In Front Of You,Morgan Wallen,57,34,3,54,Kiss Her In Front Of You|Morgan Wallen|45822
14/06/2025,71,Marlboro Rojo,Fuerza Regida,73,71,4,53,Marlboro Rojo|Fuerza Regida|45822
14/06/2025,72,Hard Fought Hallelujah,Brandon Lake X Jelly Roll,76,40,16,52,Hard Fought Hallelujah|Brandon Lake X Jelly Roll|45822
14/06/2025,73,Backseat Driver,Kane Brown,83,67,13,51,Backseat Driver|Kane Brown|45822
14/06/2025,74,Missing,Morgan Wallen,67,42,3,50,Missing|Morgan Wallen|45822
14/06/2025,75,Amen,Shaboozey & Jelly Roll,81,64,6,49,Amen|Shaboozey & Jelly Roll|45822
14/06/2025,76,Me Jalo,Fuerza Regida & Grupo Frontera,79,48,16,48,Me Jalo|Fuerza Regida & Grupo Frontera|45822
14/06/2025,77,Don't We,Morgan Wallen,68,48,3,48,Don't We|Morgan Wallen|45822
14/06/2025,78,Cliche,MGK,62,62,2,48,Cliche|MGK|45822
14/06/2025,79,House Again,Hudson Westbrook,82,72,7,48,House Again|Hudson Westbrook|45822
14/06/2025,80,Genesis,Morgan Wallen,71,46,3,47,Genesis|Morgan Wallen|45822
14/06/2025,81,Tu Sancho,Fuerza Regida,-,81,1,47,Tu Sancho|Fuerza Regida|45822
14/06/2025,82,Easy Lover,Miley Cyrus,-,82,1,46,Easy Lover|Miley Cyrus|45822
14/06/2025,83,Rather Lie,Playboi Carti & The Weeknd,91,4,12,46,Rather Lie|Playboi Carti & The Weeknd|45822
14/06/2025,84,EOO,Bad Bunny,86,24,20,46,EOO|Bad Bunny|45822
14/06/2025,85,Jack And Jill,Morgan Wallen,72,60,3,45,Jack And Jill|Morgan Wallen|45822
14/06/2025,86,Miami,Morgan Wallen Featuring Lil Wayne & Rick Ross,78,65,3,45,Miami|Morgan Wallen Featuring Lil Wayne & Rick Ross|45822
14/06/2025,87,Twilight Zone,Ariana Grande,87,18,10,45,Twilight Zone|Ariana Grande|45822
14/06/2025,88,Thought It Was Love,Ty Myers,-,79,3,45,Thought It Was Love|Ty Myers|45822
14/06/2025,89,Whiskey Drink,Jason Aldean,77,77,8,44,Whiskey Drink|Jason Aldean|45822
14/06/2025,90,Fix What You Didn't Break,Nate Smith,92,64,10,44,Fix What You Didn't Break|Nate Smith|45822
14/06/2025,91,Busy Woman,Sabrina Carpenter,97,27,15,42,Busy Woman|Sabrina Carpenter|45822
14/06/2025,92,Latina Foreva,Karol G,74,74,2,42,Latina Foreva|Karol G|45822
14/06/2025,93,Por Esos Ojos,Fuerza Regida,95,64,11,41,Por Esos Ojos|Fuerza Regida|45822
14/06/2025,94,Fame Is A Gun,Addison Rae,-,94,1,41,Fame Is A Gun|Addison Rae|45822
14/06/2025,95,Revelation,Morgan Wallen,80,54,3,41,Revelation|Morgan Wallen|45822
14/06/2025,96,The Largest,BigXthaPlug,96,71,19,41,The Largest|BigXthaPlug|45822
14/06/2025,97,Number 3 And Number 7,Morgan Wallen Featuring Eric Church,85,52,3,40,Number 3 And Number 7|Morgan Wallen Featuring Eric Church|45822
14/06/2025,98,Better Me For You (Brown Eyes),Max McNown,-,98,1,40,Better Me For You (Brown Eyes)|Max McNown|45822
14/06/2025,99,Interlude,Morgan Wallen,84,51,3,40,Interlude|Morgan Wallen|45822
14/06/2025,100,Nice To Meet You,Myles Smith,-,100,1,40,Nice To Meet You|Myles Smith|45822
07/06/2025,1,Ordinary,Alex Warren,4,1,16,202,Ordinary|Alex Warren|45815
07/06/2025,2,What I Want,Morgan Wallen Featuring Tate McRae,1,1,2,195,What I Want|Morgan Wallen Featuring Tate McRae|45815
07/06/2025,3,Just In Case,Morgan Wallen,2,2,10,194,Just In Case|Morgan Wallen|45815
07/06/2025,4,I'm The Problem,Morgan Wallen,3,2,17,191,I'm The Problem|Morgan Wallen|45815
07/06/2025,5,Luther,Kendrick Lamar & SZA,5,1,27,183,Luther|Kendrick Lamar & SZA|45815
07/06/2025,6,A Bar Song (Tipsy),Shaboozey,9,1,59,157,A Bar Song (Tipsy)|Shaboozey|45815
07/06/2025,7,Die With A Smile,Lady Gaga & Bruno Mars,6,1,41,156,Die With A Smile|Lady Gaga & Bruno Mars|45815
07/06/2025,8,Lose Control,Teddy Swims,11,1,93,143,Lose Control|Teddy Swims|45815
07/06/2025,9,Nokia,Drake,12,2,15,137,Nokia|Drake|45815
07/06/2025,10,Beautiful Things,Benson Boone,14,2,70,137,Beautiful Things|Benson Boone|45815
07/06/2025,11,Anxiety,Doechii,13,9,12,132,Anxiety|Doechii|45815
07/06/2025,12,Pink Pony Club,Chappell Roan,16,4,50,132,Pink Pony Club|Chappell Roan|45815
07/06/2025,13,Birds Of A Feather,Billie Eilish,17,2,54,126,Birds Of A Feather|Billie Eilish|45815
07/06/2025,14,Love Somebody,Morgan Wallen,10,1,32,121,Love Somebody|Morgan Wallen|45815
07/06/2025,15,I Got Better,Morgan Wallen,7,7,2,120,I Got Better|Morgan Wallen|45815
07/06/2025,16,I Had Some Help,Post Malone Featuring Morgan Wallen,19,1,55,120,I Had Some Help|Post Malone Featuring Morgan Wallen|45815
07/06/2025,17,I Ain't Coming Back,Morgan Wallen Featuring Post Malone,15,8,6,114,I Ain't Coming Back|Morgan Wallen Featuring Post Malone|45815
07/06/2025,18,Mutt,Leon Thomas,18,13,17,114,Mutt|Leon Thomas|45815
07/06/2025,19,All The Way,BigXthaPlug Featuring Bailey Zimmerman,23,4,8,111,All The Way|BigXthaPlug Featuring Bailey Zimmerman|45815
07/06/2025,20,Superman,Morgan Wallen,8,8,3,109,Superman|Morgan Wallen|45815
07/06/2025,21,Espresso,Sabrina Carpenter,24,3,59,107,Espresso|Sabrina Carpenter|45815
07/06/2025,22,APT.,ROSE & Bruno Mars,28,3,32,103,APT.|ROSE & Bruno Mars|45815
07/06/2025,23,20 Cigarettes,Morgan Wallen,20,20,2,99,20 Cigarettes|Morgan Wallen|45815
07/06/2025,24,Blue Strips,Jessie Murph,26,15,7,97,Blue Strips|Jessie Murph|45815
07/06/2025,25,Sports Car,Tate McRae,39,16,18,96,Sports Car|Tate McRae|45815
07/06/2025,26,Worst Way,Riley Green,35,26,20,96,Worst Way|Riley Green|45815
07/06/2025,27,Messy,Lola Young,27,14,26,96,Messy|Lola Young|45815
07/06/2025,28,Timeless,The Weeknd & Playboi Carti,30,3,35,95,Timeless|The Weeknd & Playboi Carti|45815
07/06/2025,29,Undressed,sombr,49,29,8,93,Undressed|sombr|45815
07/06/2025,30,Sorry I'm Here For Someone Else,Benson Boone,38,30,13,93,Sorry I'm Here For Someone Else|Benson Boone|45815
07/06/2025,31,30 For 30,SZA With Kendrick Lamar,33,10,23,92,30 For 30|SZA With Kendrick Lamar|45815
07/06/2025,32,Bloodline,Alex Warren With Jelly Roll,-,32,1,91,Bloodline|Alex Warren With Jelly Roll|45815
07/06/2025,33,That's So True,Gracie Abrams,36,6,32,89,That's So True|Gracie Abrams|45815
07/06/2025,34,Weren't For The Wind,Ella Langley,44,34,17,89,Weren't For The Wind|Ella Langley|45815
07/06/2025,35,Burning Blue,Mariah The Scientist,37,25,4,85,Burning Blue|Mariah The Scientist|45815
07/06/2025,36,Back To Friends,sombr,62,36,9,84,Back To Friends|sombr|45815
07/06/2025,37,Love Me Not,Ravyn Lenae,59,37,9,83,Love Me Not|Ravyn Lenae|45815
07/06/2025,38,TV Off,Kendrick Lamar Featuring Lefty Gunplay,47,2,27,82,TV Off|Kendrick Lamar Featuring Lefty Gunplay|45815
07/06/2025,39,No One Noticed,The Marias,43,22,35,82,No One Noticed|The Marias|45815
07/06/2025,40,Am I Okay?,Megan Moroney,56,39,38,80,Am I Okay?|Megan Moroney|45815
07/06/2025,41,Abracadabra,Lady Gaga,53,13,17,80,Abracadabra|Lady Gaga|45815
07/06/2025,42,Mystical Magical,Benson Boone,57,40,5,77,Mystical Magical|Benson Boone|45815
07/06/2025,43,Squabble Up,Kendrick Lamar,55,1,27,76,Squabble Up|Kendrick Lamar|45815
07/06/2025,44,Wildflower,Billie Eilish,58,17,50,76,Wildflower|Billie Eilish|45815
07/06/2025,45,Eyes Are Closed,Morgan Wallen,22,22,2,75,Eyes Are Closed|Morgan Wallen|45815
07/06/2025,46,Good News,Shaboozey,64,34,27,75,Good News|Shaboozey|45815
07/06/2025,47,Cry For Me,The Weeknd,61,12,17,73,Cry For Me|The Weeknd|45815
07/06/2025,48,TN,Morgan Wallen,31,31,2,73,TN|Morgan Wallen|45815
07/06/2025,49,Dark Til Daylight,Morgan Wallen,50,49,2,73,Dark Til Daylight|Morgan Wallen|45815
07/06/2025,50,Kick Myself,Morgan Wallen,21,21,2,72,Kick Myself|Morgan Wallen|45815
07/06/2025,51,I'm A Little Crazy,Morgan Wallen,40,17,10,71,I'm A Little Crazy|Morgan Wallen|45815
07/06/2025,52,Backup Plan,Bailey Zimmerman & Luke Combs,68,36,4,71,Backup Plan|Bailey Zimmerman & Luke Combs|45815
07/06/2025,53,Where'd That Girl Go,Morgan Wallen,32,32,2,66,Where'd That Girl Go|Morgan Wallen|45815
07/06/2025,54,"Skoal, Chevy, And Browning",Morgan Wallen,29,29,2,65,"Skoal, Chevy, And Browning|Morgan Wallen|45815"
07/06/2025,55,Falling Apart,Morgan Wallen,25,25,2,65,Falling Apart|Morgan Wallen|45815
07/06/2025,56,Dark Thoughts,Lil Tecca,67,28,11,64,Dark Thoughts|Lil Tecca|45815
07/06/2025,57,Kiss Her In Front Of You,Morgan Wallen,34,34,2,63,Kiss Her In Front Of You|Morgan Wallen|45815
07/06/2025,58,If You Were Mine,Morgan Wallen,41,41,2,62,If You Were Mine|Morgan Wallen|45815
07/06/2025,59,Happen To Me,Russell Dickerson,75,55,6,61,Happen To Me|Russell Dickerson|45815
07/06/2025,60,Party 4 U,Charli xcx,71,55,6,60,Party 4 U|Charli xcx|45815
07/06/2025,61,Azizam,Ed Sheeran,74,28,8,60,Azizam|Ed Sheeran|45815
07/06/2025,62,Cliche,MGK,-,62,1,59,Cliche|MGK|45815
07/06/2025,63,Somebody Loves Me,"PARTYNEXTDOOR, Drake & Cash Cobain",77,30,15,59,"Somebody Loves Me|PARTYNEXTDOOR, Drake & Cash Cobain|45815"
07/06/2025,64,After All The Bars Are Closed,Thomas Rhett,81,62,5,59,After All The Bars Are Closed|Thomas Rhett|45815
07/06/2025,65,Shake It To The Max (Fly),"MOLIY, Silent Addy, Skillibeng & Shenseea",91,65,2,59,"Shake It To The Max (Fly)|MOLIY, Silent Addy, Skillibeng & Shenseea|45815"
07/06/2025,66,Indigo,Sam Barber Featuring Avery Anna,78,40,25,57,Indigo|Sam Barber Featuring Avery Anna|45815
07/06/2025,67,Missing,Morgan Wallen,42,42,2,57,Missing|Morgan Wallen|45815
07/06/2025,68,Don't We,Morgan Wallen,48,48,2,57,Don't We|Morgan Wallen|45815
07/06/2025,69,Your Way's Better,Forrest Frank,76,61,6,56,Your Way's Better|Forrest Frank|45815
07/06/2025,70,Peekaboo,Kendrick Lamar Featuring AzChike,87,13,27,56,Peekaboo|Kendrick Lamar Featuring AzChike|45815
07/06/2025,71,Genesis,Morgan Wallen,46,46,2,55,Genesis|Morgan Wallen|45815
07/06/2025,72,Jack And Jill,Morgan Wallen,60,60,2,53,Jack And Jill|Morgan Wallen|45815
07/06/2025,73,Marlboro Rojo,Fuerza Regida,85,73,3,53,Marlboro Rojo|Fuerza Regida|45815
07/06/2025,74,Latina Foreva,Karol G,-,74,1,53,Latina Foreva|Karol G|45815
07/06/2025,75,Whim Whamiee,PLUTO & YKNIECE,99,75,6,53,Whim Whamiee|PLUTO & YKNIECE|45815
07/06/2025,76,Hard Fought Hallelujah,Brandon Lake X Jelly Roll,80,40,15,51,Hard Fought Hallelujah|Brandon Lake X Jelly Roll|45815
07/06/2025,77,Whiskey Drink,Jason Aldean,93,77,7,51,Whiskey Drink|Jason Aldean|45815
07/06/2025,78,Miami,Morgan Wallen Featuring Lil Wayne & Rick Ross,65,65,2,50,Miami|Morgan Wallen Featuring Lil Wayne & Rick Ross|45815
07/06/2025,79,Me Jalo,Fuerza Regida & Grupo Frontera,89,48,15,50,Me Jalo|Fuerza Regida & Grupo Frontera|45815
07/06/2025,80,Revelation,Morgan Wallen,54,54,2,49,Revelation|Morgan Wallen|45815
07/06/2025,81,Amen,Shaboozey & Jelly Roll,82,64,5,49,Amen|Shaboozey & Jelly Roll|45815
07/06/2025,82,House Again,Hudson Westbrook,86,72,6,49,House Again|Hudson Westbrook|45815
07/06/2025,83,Backseat Driver,Kane Brown,92,67,12,48,Backseat Driver|Kane Brown|45815
07/06/2025,84,Interlude,Morgan Wallen,51,51,2,48,Interlude|Morgan Wallen|45815
07/06/2025,85,Number 3 And Number 7,Morgan Wallen Featuring Eric Church,52,52,2,48,Number 3 And Number 7|Morgan Wallen Featuring Eric Church|45815
07/06/2025,86,EOO,Bad Bunny,95,24,19,47,EOO|Bad Bunny|45815
07/06/2025,87,Twilight Zone,Ariana Grande,96,18,9,46,Twilight Zone|Ariana Grande|45815
07/06/2025,88,Somewhere Over Laredo,Lainey Wilson,-,88,1,46,Somewhere Over Laredo|Lainey Wilson|45815
07/06/2025,89,Leavin's The Least I Could Do,Morgan Wallen,70,70,2,44,Leavin's The Least I Could Do|Morgan Wallen|45815
07/06/2025,90,Come Back As A Redneck,Morgan Wallen Featuring HARDY,63,63,2,43,Come Back As A Redneck|Morgan Wallen Featuring HARDY|45815
07/06/2025,91,Rather Lie,Playboi Carti & The Weeknd,98,4,11,43,Rather Lie|Playboi Carti & The Weeknd|45815
07/06/2025,92,Fix What You Didn't Break,Nate Smith,-,64,9,43,Fix What You Didn't Break|Nate Smith|45815
07/06/2025,93,The Dealer,Morgan Wallen Featuring ERNEST,69,69,2,42,The Dealer|Morgan Wallen Featuring ERNEST|45815
07/06/2025,94,Drinking Til It Does,Morgan Wallen,72,72,2,42,Drinking Til It Does|Morgan Wallen|45815
07/06/2025,95,Por Esos Ojos,Fuerza Regida,100,64,10,42,Por Esos Ojos|Fuerza Regida|45815
07/06/2025,96,The Largest,BigXthaPlug,-,71,18,41,The Largest|BigXthaPlug|45815
07/06/2025,97,Busy Woman,Sabrina Carpenter,-,27,14,41,Busy Woman|Sabrina Carpenter|45815
07/06/2025,98,Revolving Door,Tate McRae,97,22,14,40,Revolving Door|Tate McRae|45815
07/06/2025,99,LA Night,Morgan Wallen,79,79,2,40,LA Night|Morgan Wallen|45815
07/06/2025,100,Feel It,d4vd,-,75,11,40,Feel It|d4vd|45815
